{"crs": {"type": "name", "properties": {"name": "urn:ogc:def:crs:EPSG:4326"}}, "type": "FeatureCollection", "features": [{"geometry": {"type": "Polygon", "coordinates": [[[-9511, 4889], [-9511, 4882], [-9514, 4881], [-9517, 4885], [-9520, 4884], [-9523, 4885], [-9521, 4886], [-9520, 4888], [-9522, 4889], [-9521, 4890], [-9519, 4892], [-9519, 4892], [-9512, 4890], [-9511, 4889]]]}, "type": "Feature", "properties": {"feduid": "46009", "name": "Saint Boniface / Saint-Boniface", "prname": "Manitoba", "fedfname": "Saint-Boniface", "pruid": "46", "fedename": "Saint Boniface", "id": "CA.MB.46009", "fedname": "Saint Boniface / Saint-Boniface"}}, {"geometry": {"type": "Polygon", "coordinates": [[[-9523, 4885], [-9520, 4884], [-9517, 4885], [-9514, 4881], [-9513, 4879], [-9517, 4878], [-9517, 4877], [-9521, 4877], [-9530, 4873], [-9530, 4877], [-9530, 4882], [-9532, 4883], [-9532, 4886], [-9526, 4886], [-9526, 4883], [-9523, 4885]]]}, "type": "Feature", "properties": {"feduid": "46013", "name": "Winnipeg South / Winnipeg-Sud", "prname": "Manitoba", "fedfname": "Winnipeg-Sud", "pruid": "46", "fedename": "Winnipeg South", "id": "CA.MB.46013", "fedname": "Winnipeg South / Winnipeg-Sud"}}, {"geometry": {"type": "Polygon", "coordinates": [[[-9523, 4885], [-9526, 4883], [-9526, 4886], [-9532, 4886], [-9530, 4889], [-9526, 4889], [-9521, 4890], [-9522, 4889], [-9520, 4888], [-9521, 4886], [-9523, 4885]]]}, "type": "Feature", "properties": {"feduid": "46014", "name": "Winnipeg South Centre / Winnipeg-Centre-Sud", "prname": "Manitoba", "fedfname": "Winnipeg-Centre-Sud", "pruid": "46", "fedename": "Winnipeg South Centre", "id": "CA.MB.46014", "fedname": "Winnipeg South Centre / Winnipeg-Centre-Sud"}}, {"geometry": {"type": "Polygon", "coordinates": [[[-9527, 4899], [-9527, 4898], [-9523, 4897], [-9525, 4895], [-9520, 4894], [-9521, 4893], [-9520, 4892], [-9522, 4892], [-9531, 4895], [-9531, 4899], [-9527, 4899]]]}, "type": "Feature", "properties": {"feduid": "46012", "name": "Winnipeg North / Winnipeg-Nord", "prname": "Manitoba", "fedfname": "Winnipeg-Nord", "pruid": "46", "fedename": "Winnipeg North", "id": "CA.MB.46012", "fedname": "Winnipeg North / Winnipeg-Nord"}}, {"geometry": {"type": "Polygon", "coordinates": [[[-9511, 4893], [-9505, 4893], [-9504, 4890], [-9507, 4890], [-9507, 4889], [-9511, 4889], [-9512, 4890], [-9519, 4892], [-9519, 4892], [-9520, 4892], [-9521, 4893], [-9520, 4894], [-9519, 4896], [-9511, 4893]]]}, "type": "Feature", "properties": {"feduid": "46005", "name": "Elmwood - Transcona", "prname": "Manitoba", "fedfname": "Elmwood - Transcona", "pruid": "46", "fedename": "Elmwood - Transcona", "id": "CA.MB.46005", "fedname": "Elmwood - Transcona"}}, {"geometry": {"type": "Polygon", "coordinates": [[[-9552, 4894], [-9553, 4882], [-9545, 4883], [-9538, 4883], [-9532, 4883], [-9530, 4882], [-9530, 4877], [-9530, 4873], [-9529, 4872], [-9525, 4873], [-9525, 4864], [-9528, 4861], [-9530, 4861], [-9534, 4857], [-9534, 4856], [-9556, 4856], [-9581, 4856], [-9580, 4846], [-9581, 4830], [-9554, 4830], [-9554, 4812], [-9541, 4812], [-9541, 4803], [-9556, 4803], [-9592, 4803], [-9626, 4803], [-9659, 4803], [-9681, 4803], [-9712, 4803], [-9713, 4821], [-9714, 4824], [-9711, 4824], [-9707, 4824], [-9707, 4828], [-9705, 4831], [-9703, 4831], [-9700, 4835], [-9700, 4838], [-9714, 4838], [-9714, 4856], [-9715, 4856], [-9714, 4861], [-9714, 4890], [-9716, 4890], [-9716, 4908], [-9689, 4908], [-9662, 4908], [-9662, 4925], [-9656, 4921], [-9651, 4920], [-9645, 4920], [-9638, 4920], [-9630, 4922], [-9625, 4923], [-9620, 4925], [-9608, 4925], [-9608, 4908], [-9604, 4908], [-9600, 4910], [-9595, 4909], [-9590, 4909], [-9588, 4908], [-9581, 4908], [-9581, 4906], [-9577, 4904], [-9573, 4901], [-9572, 4903], [-9568, 4903], [-9564, 4901], [-9561, 4898], [-9557, 4896], [-9555, 4894], [-9552, 4894]]]}, "type": "Feature", "properties": {"feduid": "46007", "name": "Portage - Lisgar", "prname": "Manitoba", "fedfname": "Portage - Lisgar", "pruid": "46", "fedename": "Portage - Lisgar", "id": "CA.MB.46007", "fedname": "Portage - Lisgar"}}, {"geometry": {"type": "Polygon", "coordinates": [[[-9520, 4892], [-9519, 4892], [-9521, 4890], [-9526, 4889], [-9530, 4889], [-9530, 4893], [-9531, 4893], [-9531, 4895], [-9522, 4892], [-9520, 4892]]]}, "type": "Feature", "properties": {"feduid": "46011", "name": "Winnipeg Centre / Winnipeg-Centre", "prname": "Manitoba", "fedfname": "Winnipeg-Centre", "pruid": "46", "fedename": "Winnipeg Centre", "id": "CA.MB.46011", "fedname": "Winnipeg Centre / Winnipeg-Centre"}}, {"geometry": {"type": "Polygon", "coordinates": [[[-9531, 4893], [-9530, 4893], [-9530, 4889], [-9532, 4886], [-9532, 4883], [-9538, 4883], [-9545, 4883], [-9553, 4882], [-9552, 4894], [-9547, 4894], [-9540, 4894], [-9535, 4895], [-9535, 4893], [-9531, 4893]]]}, "type": "Feature", "properties": {"feduid": "46002", "name": "Charleswood - St. James - Assiniboia", "prname": "Manitoba", "fedfname": "Charleswood - St. James - Assiniboia", "pruid": "46", "fedename": "Charleswood - St. James - Assiniboia", "id": "CA.MB.46002", "fedname": "Charleswood - St. James - Assiniboia"}}, {"geometry": {"type": "Polygon", "coordinates": [[[-9505, 4899], [-9509, 4898], [-9508, 4895], [-9511, 4895], [-9511, 4893], [-9519, 4896], [-9520, 4894], [-9525, 4895], [-9523, 4897], [-9527, 4898], [-9527, 4899], [-9527, 4908], [-9520, 4908], [-9505, 4901], [-9505, 4899]]]}, "type": "Feature", "properties": {"feduid": "46006", "name": "Kildonan - St. Paul", "prname": "Manitoba", "fedfname": "Kildonan - St. Paul", "pruid": "46", "fedename": "Kildonan - St. Paul", "id": "CA.MB.46006", "fedname": "Kildonan - St. Paul"}}, {"geometry": {"type": "Polygon", "coordinates": [[[-9810, 5197], [-9810, 5180], [-9775, 5180], [-9778, 5177], [-9778, 5176], [-9774, 5175], [-9774, 5171], [-9776, 5170], [-9773, 5167], [-9772, 5161], [-9771, 5159], [-9772, 5157], [-9771, 5152], [-9769, 5152], [-9769, 5150], [-9769, 5148], [-9771, 5145], [-9772, 5142], [-9774, 5141], [-9775, 5139], [-9773, 5138], [-9775, 5135], [-9778, 5134], [-9779, 5130], [-9780, 5128], [-9780, 5127], [-9782, 5125], [-9785, 5126], [-9787, 5123], [-9789, 5124], [-9790, 5122], [-9790, 5121], [-9788, 5120], [-9788, 5117], [-9786, 5116], [-9786, 5112], [-9787, 5109], [-9788, 5105], [-9786, 5103], [-9750, 5103], [-9750, 5095], [-9748, 5095], [-9748, 5062], [-9742, 5061], [-9740, 5060], [-9738, 5060], [-9737, 5063], [-9735, 5062], [-9735, 5061], [-9734, 5056], [-9733, 5053], [-9732, 5051], [-9729, 5051], [-9728, 5054], [-9725, 5054], [-9724, 5052], [-9719, 5052], [-9717, 5051], [-9716, 5046], [-9717, 5044], [-9716, 5040], [-9716, 5038], [-9715, 5037], [-9716, 5035], [-9714, 5032], [-9712, 5026], [-9711, 5025], [-9708, 5025], [-9705, 5023], [-9704, 5020], [-9703, 5018], [-9701, 5019], [-9700, 5017], [-9698, 5017], [-9699, 5021], [-9696, 5023], [-9695, 5024], [-9692, 5025], [-9690, 5024], [-9690, 5019], [-9693, 5016], [-9691, 5012], [-9692, 5009], [-9685, 5010], [-9684, 5009], [-9687, 5007], [-9689, 5006], [-9690, 5002], [-9689, 4999], [-9689, 4996], [-9692, 4994], [-9691, 4992], [-9691, 4987], [-9689, 4985], [-9687, 4985], [-9682, 4978], [-9679, 4977], [-9679, 4976], [-9677, 4973], [-9677, 4971], [-9674, 4968], [-9672, 4967], [-9669, 4962], [-9670, 4959], [-9669, 4958], [-9666, 4956], [-9665, 4953], [-9665, 4951], [-9664, 4949], [-9659, 4943], [-9658, 4941], [-9659, 4938], [-9664, 4937], [-9665, 4935], [-9666, 4932], [-9664, 4926], [-9662, 4925], [-9662, 4908], [-9689, 4908], [-9716, 4908], [-9731, 4908], [-9754, 4908], [-9776, 4908], [-9801, 4908], [-9803, 4908], [-9839, 4908], [-9859, 4908], [-9909, 4908], [-9945, 4908], [-9945, 4925], [-9948, 4925], [-9948, 4931], [-9948, 4946], [-9948, 4960], [-9951, 4960], [-9951, 4986], [-9951, 4994], [-9954, 4994], [-9954, 5009], [-9954, 5029], [-9957, 5029], [-9957, 5046], [-9957, 5064], [-9958, 5064], [-9958, 5088], [-9958, 5094], [-9961, 5095], [-9961, 5107], [-9961, 5119], [-9961, 5129], [-9963, 5129], [-9963, 5163], [-9967, 5163], [-9967, 5179], [-9967, 5182], [-9967, 5197], [-9933, 5197], [-9909, 5197], [-9861, 5197], [-9815, 5197], [-9810, 5197]]]}, "type": "Feature", "properties": {"feduid": "46004", "name": "Dauphin - Swan River - Marquette", "prname": "Manitoba", "fedfname": "Dauphin - Swan River - Marquette", "pruid": "46", "fedename": "Dauphin - Swan River - Marquette", "id": "CA.MB.46004", "fedname": "Dauphin - Swan River - Marquette"}}, {"geometry": {"type": "Polygon", "coordinates": [[[-9716, 4908], [-9716, 4890], [-9714, 4890], [-9714, 4861], [-9715, 4856], [-9714, 4856], [-9714, 4838], [-9700, 4838], [-9700, 4835], [-9703, 4831], [-9705, 4831], [-9707, 4828], [-9707, 4824], [-9711, 4824], [-9714, 4824], [-9713, 4821], [-9712, 4803], [-9754, 4803], [-9797, 4803], [-9827, 4803], [-9857, 4803], [-9897, 4803], [-9937, 4803], [-9937, 4821], [-9939, 4821], [-9940, 4841], [-9939, 4856], [-9942, 4856], [-9942, 4890], [-9945, 4890], [-9945, 4901], [-9945, 4908], [-9909, 4908], [-9859, 4908], [-9839, 4908], [-9803, 4908], [-9801, 4908], [-9776, 4908], [-9754, 4908], [-9731, 4908], [-9716, 4908]]]}, "type": "Feature", "properties": {"feduid": "46001", "name": "Brandon - Souris", "prname": "Manitoba", "fedfname": "Brandon - Souris", "pruid": "46", "fedename": "Brandon - Souris", "id": "CA.MB.46001", "fedname": "Brandon - Souris"}}, {"geometry": {"type": "Polygon", "coordinates": [[[-9445, 4960], [-9445, 4959], [-9445, 4925], [-9446, 4925], [-9446, 4899], [-9469, 4899], [-9505, 4899], [-9505, 4901], [-9520, 4908], [-9527, 4908], [-9527, 4899], [-9531, 4899], [-9531, 4895], [-9531, 4893], [-9535, 4893], [-9535, 4895], [-9540, 4894], [-9547, 4894], [-9552, 4894], [-9555, 4894], [-9557, 4896], [-9561, 4898], [-9564, 4901], [-9568, 4903], [-9572, 4903], [-9573, 4901], [-9577, 4904], [-9581, 4906], [-9581, 4908], [-9588, 4908], [-9590, 4909], [-9595, 4909], [-9600, 4910], [-9604, 4908], [-9608, 4908], [-9608, 4925], [-9620, 4925], [-9625, 4923], [-9630, 4922], [-9638, 4920], [-9645, 4920], [-9651, 4920], [-9656, 4921], [-9662, 4925], [-9664, 4926], [-9666, 4932], [-9665, 4935], [-9664, 4937], [-9659, 4938], [-9658, 4941], [-9659, 4943], [-9664, 4949], [-9665, 4951], [-9665, 4953], [-9666, 4956], [-9669, 4958], [-9670, 4959], [-9669, 4962], [-9672, 4967], [-9674, 4968], [-9677, 4971], [-9677, 4973], [-9679, 4976], [-9679, 4977], [-9682, 4978], [-9687, 4985], [-9689, 4985], [-9691, 4987], [-9691, 4992], [-9692, 4994], [-9689, 4996], [-9689, 4999], [-9690, 5002], [-9689, 5006], [-9687, 5007], [-9684, 5009], [-9685, 5010], [-9692, 5009], [-9691, 5012], [-9693, 5016], [-9690, 5019], [-9690, 5024], [-9692, 5025], [-9695, 5024], [-9696, 5023], [-9699, 5021], [-9698, 5017], [-9700, 5017], [-9701, 5019], [-9703, 5018], [-9704, 5020], [-9705, 5023], [-9708, 5025], [-9711, 5025], [-9712, 5026], [-9714, 5032], [-9716, 5035], [-9715, 5037], [-9716, 5038], [-9716, 5040], [-9717, 5044], [-9716, 5046], [-9717, 5051], [-9719, 5052], [-9724, 5052], [-9725, 5054], [-9728, 5054], [-9729, 5051], [-9732, 5051], [-9733, 5053], [-9734, 5056], [-9735, 5061], [-9735, 5062], [-9737, 5063], [-9738, 5060], [-9740, 5060], [-9742, 5061], [-9748, 5062], [-9748, 5095], [-9750, 5095], [-9750, 5103], [-9786, 5103], [-9788, 5105], [-9787, 5109], [-9786, 5112], [-9786, 5116], [-9788, 5117], [-9788, 5120], [-9790, 5121], [-9790, 5122], [-9789, 5124], [-9787, 5123], [-9785, 5126], [-9782, 5125], [-9780, 5127], [-9780, 5128], [-9779, 5130], [-9778, 5134], [-9775, 5135], [-9773, 5138], [-9775, 5139], [-9774, 5141], [-9772, 5142], [-9771, 5145], [-9769, 5148], [-9769, 5150], [-9769, 5152], [-9771, 5152], [-9772, 5157], [-9771, 5159], [-9772, 5161], [-9773, 5167], [-9776, 5170], [-9774, 5171], [-9774, 5175], [-9778, 5176], [-9778, 5177], [-9775, 5180], [-9810, 5180], [-9810, 5197], [-9801, 5197], [-9784, 5197], [-9751, 5197], [-9716, 5197], [-9683, 5197], [-9652, 5197], [-9654, 5196], [-9631, 5196], [-9582, 5196], [-9541, 5196], [-9547, 5195], [-9547, 5190], [-9553, 5191], [-9553, 5189], [-9549, 5188], [-9547, 5184], [-9549, 5181], [-9545, 5178], [-9542, 5174], [-9542, 5172], [-9537, 5169], [-9534, 5167], [-9531, 5165], [-9530, 5162], [-9530, 5159], [-9528, 5157], [-9525, 5155], [-9524, 5153], [-9525, 5151], [-9521, 5147], [-9521, 5145], [-9519, 5144], [-9518, 5141], [-9519, 5139], [-9514, 5139], [-9512, 5138], [-9512, 5136], [-9514, 5133], [-9512, 5133], [-9512, 5131], [-9515, 5131], [-9518, 5129], [-9513, 5128], [-9511, 5126], [-9509, 5123], [-9511, 5121], [-9518, 5121], [-9519, 5120], [-9517, 5119], [-9516, 5117], [-9514, 5116], [-9513, 5114], [-9514, 5113], [-9508, 5110], [-9508, 5108], [-9506, 5107], [-9506, 5103], [-9501, 5101], [-9498, 5099], [-9497, 5097], [-9493, 5095], [-9491, 5092], [-9491, 5091], [-9497, 5087], [-9498, 5084], [-9495, 5083], [-9493, 5084], [-9487, 5084], [-9486, 5082], [-9484, 5082], [-9481, 5080], [-9481, 5077], [-9484, 5074], [-9489, 5074], [-9490, 5073], [-9484, 5070], [-9483, 5067], [-9470, 5057], [-9469, 5056], [-9464, 5052], [-9464, 5049], [-9469, 5050], [-9470, 5048], [-9466, 5045], [-9463, 5043], [-9463, 5042], [-9459, 5037], [-9456, 5037], [-9457, 5034], [-9456, 5033], [-9451, 5033], [-9447, 5031], [-9446, 5029], [-9443, 5025], [-9439, 5022], [-9436, 5019], [-9440, 5019], [-9446, 5018], [-9449, 5015], [-9448, 5013], [-9446, 5013], [-9444, 5011], [-9447, 5010], [-9450, 5010], [-9454, 5009], [-9454, 5007], [-9451, 5006], [-9449, 5003], [-9450, 5002], [-9449, 4999], [-9448, 4996], [-9449, 4995], [-9448, 4992], [-9448, 4990], [-9447, 4988], [-9447, 4986], [-9445, 4985], [-9446, 4979], [-9445, 4976], [-9450, 4971], [-9447, 4970], [-9445, 4966], [-9448, 4962], [-9448, 4960], [-9445, 4960]]]}, "type": "Feature", "properties": {"feduid": "46010", "name": "Selkirk - Interlake", "prname": "Manitoba", "fedfname": "Selkirk - Interlake", "pruid": "46", "fedename": "Selkirk - Interlake", "id": "CA.MB.46010", "fedname": "Selkirk - Interlake"}}, {"geometry": {"type": "Polygon", "coordinates": [[[-9328, 4957], [-9379, 4957], [-9406, 4957], [-9418, 4958], [-9418, 4959], [-9432, 4959], [-9434, 4958], [-9434, 4956], [-9443, 4956], [-9443, 4960], [-9445, 4960], [-9448, 4960], [-9448, 4962], [-9445, 4966], [-9447, 4970], [-9450, 4971], [-9445, 4976], [-9446, 4979], [-9445, 4985], [-9447, 4986], [-9447, 4988], [-9448, 4990], [-9448, 4992], [-9449, 4995], [-9448, 4996], [-9449, 4999], [-9450, 5002], [-9449, 5003], [-9451, 5006], [-9454, 5007], [-9454, 5009], [-9450, 5010], [-9447, 5010], [-9444, 5011], [-9446, 5013], [-9448, 5013], [-9449, 5015], [-9446, 5018], [-9440, 5019], [-9436, 5019], [-9439, 5022], [-9443, 5025], [-9446, 5029], [-9447, 5031], [-9451, 5033], [-9456, 5033], [-9457, 5034], [-9456, 5037], [-9459, 5037], [-9463, 5042], [-9463, 5043], [-9466, 5045], [-9470, 5048], [-9469, 5050], [-9464, 5049], [-9464, 5052], [-9469, 5056], [-9470, 5057], [-9483, 5067], [-9484, 5070], [-9490, 5073], [-9489, 5074], [-9484, 5074], [-9481, 5077], [-9481, 5080], [-9484, 5082], [-9486, 5082], [-9487, 5084], [-9493, 5084], [-9495, 5083], [-9498, 5084], [-9497, 5087], [-9491, 5091], [-9491, 5092], [-9493, 5095], [-9497, 5097], [-9498, 5099], [-9501, 5101], [-9506, 5103], [-9506, 5107], [-9508, 5108], [-9508, 5110], [-9514, 5113], [-9513, 5114], [-9514, 5116], [-9516, 5117], [-9517, 5119], [-9519, 5120], [-9518, 5121], [-9511, 5121], [-9509, 5123], [-9511, 5126], [-9513, 5128], [-9518, 5129], [-9515, 5131], [-9512, 5131], [-9512, 5133], [-9514, 5133], [-9512, 5136], [-9512, 5138], [-9514, 5139], [-9519, 5139], [-9518, 5141], [-9519, 5144], [-9521, 5145], [-9521, 5147], [-9525, 5151], [-9524, 5153], [-9525, 5155], [-9528, 5157], [-9530, 5159], [-9530, 5162], [-9531, 5165], [-9534, 5167], [-9537, 5169], [-9542, 5172], [-9542, 5174], [-9545, 5178], [-9549, 5181], [-9547, 5184], [-9549, 5188], [-9553, 5189], [-9553, 5191], [-9547, 5190], [-9547, 5195], [-9541, 5196], [-9582, 5196], [-9631, 5196], [-9654, 5196], [-9652, 5197], [-9683, 5197], [-9716, 5197], [-9751, 5197], [-9784, 5197], [-9801, 5197], [-9810, 5197], [-9815, 5197], [-9861, 5197], [-9909, 5197], [-9933, 5197], [-9967, 5197], [-9970, 5197], [-9970, 5231], [-9973, 5231], [-9973, 5245], [-9974, 5265], [-9976, 5265], [-9977, 5291], [-9976, 5300], [-9980, 5300], [-9980, 5334], [-9984, 5334], [-9984, 5366], [-9984, 5368], [-9988, 5368], [-9987, 5402], [-9991, 5403], [-9991, 5422], [-9991, 5437], [-9995, 5437], [-9995, 5453], [-9994, 5471], [-9999, 5471], [-9999, 5484], [-9999, 5512], [-9999, 5534], [-9999, 5562], [-9999, 5586], [-9999, 5620], [-9999, 5640], [-9999, 5673], [-9999, 5698], [-9999, 5733], [-9999, 5759], [-9999, 5783], [-9999, 5814], [-9999, 5839], [-9999, 5859], [-9999, 5882], [-9950, 5882], [-9901, 5882], [-9852, 5882], [-9803, 5882], [-9754, 5882], [-9705, 5882], [-9656, 5882], [-9607, 5882], [-9558, 5882], [-9509, 5882], [-9460, 5882], [-9411, 5882], [-9361, 5882], [-9330, 5882], [-9295, 5882], [-9296, 5880], [-9298, 5879], [-9297, 5877], [-9297, 5875], [-9295, 5874], [-9296, 5870], [-9294, 5869], [-9293, 5866], [-9294, 5864], [-9293, 5862], [-9291, 5861], [-9294, 5858], [-9296, 5856], [-9295, 5855], [-9296, 5853], [-9296, 5848], [-9297, 5846], [-9296, 5843], [-9294, 5842], [-9293, 5840], [-9294, 5837], [-9293, 5834], [-9291, 5833], [-9290, 5830], [-9287, 5828], [-9288, 5826], [-9285, 5821], [-9288, 5818], [-9286, 5816], [-9287, 5814], [-9290, 5814], [-9290, 5811], [-9293, 5810], [-9291, 5809], [-9292, 5806], [-9291, 5804], [-9293, 5803], [-9291, 5799], [-9294, 5795], [-9294, 5792], [-9292, 5790], [-9292, 5786], [-9289, 5785], [-9287, 5784], [-9283, 5783], [-9283, 5781], [-9280, 5779], [-9273, 5778], [-9274, 5775], [-9272, 5773], [-9274, 5772], [-9272, 5769], [-9265, 5766], [-9265, 5765], [-9261, 5763], [-9260, 5758], [-9257, 5756], [-9256, 5755], [-9251, 5755], [-9246, 5756], [-9243, 5760], [-9243, 5761], [-9239, 5763], [-9236, 5764], [-9232, 5762], [-9228, 5761], [-9217, 5761], [-9212, 5761], [-9206, 5761], [-9203, 5760], [-9202, 5761], [-9197, 5762], [-9195, 5761], [-9190, 5761], [-9190, 5763], [-9187, 5763], [-9181, 5761], [-9174, 5760], [-9172, 5761], [-9166, 5761], [-9162, 5756], [-9157, 5754], [-9155, 5757], [-9149, 5760], [-9147, 5759], [-9139, 5760], [-9137, 5761], [-9133, 5757], [-9134, 5756], [-9131, 5752], [-9132, 5748], [-9130, 5745], [-9130, 5739], [-9130, 5738], [-9128, 5735], [-9127, 5732], [-9122, 5726], [-9122, 5723], [-9120, 5720], [-9117, 5718], [-9114, 5717], [-9114, 5713], [-9109, 5708], [-9109, 5705], [-9106, 5703], [-9105, 5701], [-9102, 5699], [-9102, 5696], [-9099, 5692], [-9097, 5690], [-9098, 5688], [-9097, 5683], [-9093, 5672], [-9091, 5669], [-9090, 5666], [-9084, 5658], [-9080, 5652], [-9078, 5651], [-9076, 5648], [-9074, 5646], [-9071, 5641], [-9068, 5639], [-9063, 5630], [-9062, 5626], [-9060, 5623], [-9060, 5620], [-9061, 5618], [-9062, 5613], [-9063, 5611], [-9068, 5604], [-9072, 5597], [-9077, 5593], [-9079, 5592], [-9084, 5588], [-9086, 5588], [-9089, 5584], [-9093, 5582], [-9091, 5580], [-9085, 5582], [-9082, 5583], [-9079, 5587], [-9073, 5588], [-9066, 5591], [-9062, 5592], [-9055, 5594], [-9049, 5594], [-9040, 5595], [-9038, 5594], [-9031, 5593], [-9026, 5592], [-9016, 5593], [-9014, 5594], [-9007, 5595], [-8998, 5597], [-8992, 5599], [-8984, 5601], [-8975, 5603], [-8956, 5608], [-8948, 5609], [-8937, 5612], [-8924, 5613], [-8922, 5614], [-8917, 5613], [-8910, 5613], [-8910, 5614], [-8900, 5612], [-8897, 5612], [-8896, 5611], [-8892, 5610], [-8888, 5611], [-8885, 5611], [-8877, 5608], [-8875, 5609], [-8872, 5607], [-8869, 5607], [-8865, 5607], [-8861, 5605], [-8861, 5603], [-8854, 5602], [-8853, 5601], [-8841, 5597], [-8838, 5595], [-8829, 5592], [-8821, 5590], [-8819, 5588], [-8812, 5587], [-8805, 5586], [-8792, 5584], [-8787, 5583], [-8774, 5581], [-8764, 5581], [-8758, 5580], [-8752, 5578], [-8748, 5577], [-8744, 5575], [-8741, 5575], [-8723, 5573], [-8770, 5545], [-8788, 5534], [-8819, 5514], [-8853, 5493], [-8877, 5478], [-8901, 5462], [-8937, 5439], [-8964, 5421], [-8984, 5407], [-8994, 5400], [-9006, 5392], [-9019, 5382], [-9037, 5370], [-9056, 5357], [-9083, 5338], [-9110, 5319], [-9133, 5302], [-9149, 5291], [-9168, 5277], [-9178, 5269], [-9186, 5265], [-9210, 5250], [-9241, 5233], [-9278, 5211], [-9303, 5195], [-9328, 5180], [-9328, 5148], [-9328, 5123], [-9328, 5085], [-9328, 5069], [-9328, 5041], [-9328, 5011], [-9328, 4979], [-9328, 4957]]]}, "type": "Feature", "properties": {"feduid": "46003", "name": "Churchill", "prname": "Manitoba", "fedfname": "Churchill", "pruid": "46", "fedename": "Churchill", "id": "CA.MB.46003", "fedname": "Churchill"}}, {"geometry": {"type": "Polygon", "coordinates": [[[-9328, 4957], [-9328, 4927], [-9328, 4902], [-9328, 4867], [-9332, 4864], [-9331, 4861], [-9328, 4861], [-9328, 4848], [-9328, 4838], [-9328, 4821], [-9334, 4821], [-9337, 4819], [-9340, 4817], [-9341, 4814], [-9340, 4809], [-9338, 4808], [-9334, 4806], [-9336, 4803], [-9362, 4803], [-9409, 4803], [-9435, 4803], [-9460, 4803], [-9509, 4803], [-9541, 4803], [-9541, 4812], [-9554, 4812], [-9554, 4830], [-9581, 4830], [-9580, 4846], [-9581, 4856], [-9556, 4856], [-9534, 4856], [-9534, 4857], [-9530, 4861], [-9528, 4861], [-9525, 4864], [-9525, 4873], [-9529, 4872], [-9530, 4873], [-9521, 4877], [-9517, 4877], [-9517, 4878], [-9513, 4879], [-9514, 4881], [-9511, 4882], [-9511, 4889], [-9507, 4889], [-9507, 4890], [-9504, 4890], [-9505, 4893], [-9511, 4893], [-9511, 4895], [-9508, 4895], [-9509, 4898], [-9505, 4899], [-9469, 4899], [-9446, 4899], [-9446, 4925], [-9445, 4925], [-9445, 4959], [-9445, 4960], [-9443, 4960], [-9443, 4956], [-9434, 4956], [-9434, 4958], [-9432, 4959], [-9418, 4959], [-9418, 4958], [-9406, 4957], [-9379, 4957], [-9328, 4957]]]}, "type": "Feature", "properties": {"feduid": "46008", "name": "Provencher", "prname": "Manitoba", "fedfname": "Provencher", "pruid": "46", "fedename": "Provencher", "id": "CA.MB.46008", "fedname": "Provencher"}}], "ac-tx": {"default": {"crs": "wsg84", "scale": 98.02941174548452, "xoffset": 0, "yoffset": 0}}}