{"crs": {"type": "name", "properties": {"name": "urn:ogc:def:crs:EPSG:2057"}}, "type": "FeatureCollection", "features": [{"geometry": {"type": "Polygon", "coordinates": [[[1207, 7778], [1219, 7730], [1277, 7679], [1276, 7628], [1253, 7619], [1170, 7654], [1175, 7562], [1117, 7529], [1071, 7531], [1049, 7526], [1049, 7525], [1038, 7535], [1013, 7544], [1010, 7584], [998, 7621], [1007, 7664], [950, 7713], [912, 7715], [911, 7802], [982, 7862], [1052, 7837], [1131, 7764], [1207, 7778]]]}, "type": "Feature", "properties": {"labelrank": 4, "code_hasc": "IR.KB", "name": "Kohgiluyeh and Buyer Ahmad", "admin": "Iran", "type_en": "Province", "region": "", "woe_id": 2345771, "longitude": 50, "woe_name": "Kohgiluyeh and Buyer Ahmad", "fips": "IR05", "woe_label": "Kohgiluyeh va Buyer Ahmad, IR, Iran", "latitude": 30, "iso_a2": "IR", "postal": "KB", "type": "Ostan", "id": "IR.KB"}}, {"geometry": {"type": "Polygon", "coordinates": [[[1566, 6831], [1557, 6826], [1554, 6825], [1512, 6827], [1501, 6816], [1479, 6834], [1499, 6848], [1452, 6894], [1405, 6906], [1353, 6944], [1280, 6944], [1217, 6970], [1148, 7121], [1144, 7172], [1089, 7222], [1093, 7237], [1110, 7225], [1117, 7252], [1098, 7273], [1054, 7275], [1058, 7351], [949, 7475], [946, 7521], [935, 7540], [932, 7543], [930, 7543], [930, 7543], [944, 7550], [967, 7553], [979, 7547], [1013, 7544], [1038, 7535], [1046, 7529], [1049, 7525], [1049, 7512], [1055, 7494], [1078, 7456], [1169, 7437], [1210, 7369], [1224, 7354], [1241, 7347], [1260, 7329], [1357, 7144], [1362, 7121], [1394, 7030], [1400, 7021], [1417, 7012], [1434, 6993], [1464, 6926], [1493, 6890], [1522, 6863], [1566, 6831]]]}, "type": "Feature", "properties": {"labelrank": 6, "code_hasc": "IR.BS", "name": "Bushehr", "admin": "Iran", "type_en": "Province", "region": "", "woe_id": 2345781, "longitude": 51, "woe_name": "Bushehr", "fips": "IR22", "woe_label": "Bushehr, IR, Iran", "latitude": 28, "iso_a2": "IR", "postal": "BS", "type": "Ostan", "id": "IR.BS"}}, {"geometry": {"type": "Polygon", "coordinates": [[[2059, 8578], [2061, 8391], [2044, 8360], [1985, 8323], [1950, 8233], [1706, 8139], [1623, 8154], [1544, 8111], [1548, 8026], [1531, 7939], [1542, 7885], [1452, 7863], [1405, 7874], [1386, 7913], [1317, 7870], [1281, 7873], [1327, 7816], [1299, 7683], [1277, 7679], [1219, 7730], [1207, 7778], [1186, 7899], [1204, 7921], [1193, 7945], [1206, 7998], [1133, 8070], [1114, 8145], [1013, 8124], [957, 8145], [919, 8141], [877, 8120], [879, 8157], [829, 8172], [819, 8197], [855, 8226], [872, 8269], [909, 8280], [939, 8367], [991, 8400], [1129, 8442], [1158, 8514], [1148, 8528], [1165, 8592], [1316, 8621], [1356, 8599], [1447, 8597], [1546, 8567], [2041, 8589], [2059, 8578]]]}, "type": "Feature", "properties": {"labelrank": 6, "code_hasc": "IR.ES", "name": "Esfahan", "admin": "Iran", "type_en": "Province", "region": "", "woe_id": 2345787, "longitude": 52, "woe_name": "Esfahan", "fips": "IR28", "woe_label": "Esfahan, IR, Iran", "latitude": 32, "iso_a2": "IR", "postal": "ES", "type": "Ostan", "id": "IR.ES"}}, {"geometry": {"type": "Polygon", "coordinates": [[[1542, 7885], [1596, 7864], [1656, 7801], [1708, 7675], [1789, 7553], [1804, 7483], [1883, 7437], [1920, 7353], [1993, 7338], [2040, 7229], [2053, 7191], [2053, 7184], [2046, 7179], [2048, 7167], [2116, 7104], [2122, 7089], [2120, 7061], [2110, 7020], [2109, 7009], [2140, 6969], [2139, 6955], [2135, 6949], [2130, 6945], [2124, 6942], [2091, 6937], [2061, 6920], [2046, 6884], [2033, 6871], [2005, 6862], [1946, 6869], [1925, 6864], [1914, 6859], [1890, 6865], [1808, 6850], [1793, 6794], [1787, 6784], [1764, 6772], [1670, 6780], [1639, 6800], [1589, 6804], [1572, 6819], [1566, 6831], [1522, 6863], [1493, 6890], [1464, 6926], [1434, 6993], [1417, 7012], [1400, 7021], [1394, 7030], [1362, 7121], [1357, 7144], [1260, 7329], [1241, 7347], [1224, 7354], [1210, 7369], [1169, 7437], [1078, 7456], [1055, 7494], [1049, 7512], [1049, 7525], [1049, 7526], [1071, 7531], [1117, 7529], [1175, 7562], [1170, 7654], [1253, 7619], [1276, 7628], [1277, 7679], [1299, 7683], [1327, 7816], [1281, 7873], [1317, 7870], [1386, 7913], [1405, 7874], [1452, 7863], [1542, 7885]]]}, "type": "Feature", "properties": {"labelrank": 4, "code_hasc": "IR.FA", "name": "Fars", "admin": "Iran", "type_en": "Province", "region": "", "woe_id": 2345772, "longitude": 53, "woe_name": "Fars", "fips": "IR07", "woe_label": "Fars, IR, Iran", "latitude": 29, "iso_a2": "IR", "postal": "FA", "type": "Ostan", "id": "IR.FA"}}, {"geometry": {"type": "Polygon", "coordinates": [[[2189, 9519], [2192, 9442], [2221, 9409], [2156, 9368], [2137, 9335], [2093, 9270], [2068, 9187], [1969, 9188], [1860, 9112], [1791, 9109], [1706, 9191], [1743, 9186], [1772, 9199], [1746, 9323], [1805, 9319], [1894, 9350], [1920, 9372], [1932, 9431], [2042, 9513], [2098, 9526], [2189, 9519]]]}, "type": "Feature", "properties": {"labelrank": 4, "code_hasc": "IR.GO", "name": "Golestan", "admin": "Iran", "type_en": "Province", "region": "", "woe_id": 20070201, "longitude": 55, "woe_name": "Golestan", "fips": "IR37", "woe_label": "Golestan, IR, Iran", "latitude": 37, "iso_a2": "IR", "postal": "GO", "type": "Ostan", "id": "IR.GO"}}, {"geometry": {"type": "Polygon", "coordinates": [[[1706, 9191], [1791, 9109], [1739, 9077], [1725, 9028], [1676, 8972], [1572, 8943], [1443, 8979], [1398, 8933], [1367, 8928], [1312, 8989], [1231, 9016], [1120, 9069], [1021, 9159], [1078, 9237], [1179, 9172], [1344, 9132], [1766, 9226], [1755, 9212], [1687, 9206], [1706, 9191]]]}, "type": "Feature", "properties": {"labelrank": 4, "code_hasc": "IR.MN", "name": "Mazandaran", "admin": "Iran", "type_en": "Province", "region": "", "woe_id": 2345780, "longitude": 52, "woe_name": "Mazandaran", "fips": "IR17", "woe_label": "Mazandaran, IR, Iran", "latitude": 36, "iso_a2": "IR", "postal": "MN", "type": "Ostan", "id": "IR.MN"}}, {"geometry": {"type": "Polygon", "coordinates": [[[2305, 9163], [2324, 9160], [2329, 9141], [2316, 9074], [2329, 8997], [2400, 8931], [2397, 8914], [2357, 8830], [2285, 8792], [2228, 8725], [2158, 8598], [2059, 8578], [2041, 8589], [1546, 8567], [1447, 8597], [1356, 8599], [1316, 8621], [1336, 8705], [1356, 8767], [1324, 8815], [1335, 8878], [1406, 8839], [1499, 8819], [1575, 8868], [1572, 8943], [1676, 8972], [1725, 9028], [1739, 9077], [1791, 9109], [1860, 9112], [1969, 9188], [2068, 9187], [2093, 9270], [2137, 9335], [2168, 9296], [2201, 9285], [2182, 9271], [2181, 9219], [2210, 9185], [2245, 9163], [2305, 9163]]]}, "type": "Feature", "properties": {"labelrank": 6, "code_hasc": "IR.SM", "name": "Semnan", "admin": "Iran", "type_en": "Province", "region": "", "woe_id": 2345784, "longitude": 54, "woe_name": "Semnan", "fips": "IR25", "woe_label": "Semnan, IR, Iran", "latitude": 35, "iso_a2": "IR", "postal": "SM", "type": "Ostan", "id": "IR.SM"}}, {"geometry": {"type": "Polygon", "coordinates": [[[1572, 8943], [1575, 8868], [1499, 8819], [1406, 8839], [1335, 8878], [1324, 8815], [1356, 8767], [1336, 8705], [1219, 8775], [1111, 8793], [1130, 8850], [1116, 8890], [1152, 8938], [1170, 8939], [1186, 8981], [1230, 8991], [1231, 9016], [1312, 8989], [1367, 8928], [1398, 8933], [1443, 8979], [1572, 8943]]]}, "type": "Feature", "properties": {"labelrank": 7, "code_hasc": "IR.TH", "name": "Tehran", "admin": "Iran", "type_en": "Province", "region": "", "woe_id": 2345785, "longitude": 51, "woe_name": "Tehran", "fips": "IR26", "woe_label": "Tehran, IR, Iran", "latitude": 35, "iso_a2": "IR", "postal": "TH", "type": "Ostan", "id": "IR.TH"}}, {"geometry": {"type": "Polygon", "coordinates": [[[2657, 8203], [2649, 8157], [2678, 8091], [2604, 7921], [2343, 8013], [2271, 7952], [2159, 7889], [2147, 7772], [2111, 7755], [1905, 7728], [1873, 7657], [1918, 7563], [1923, 7451], [1883, 7437], [1804, 7483], [1789, 7553], [1708, 7675], [1656, 7801], [1596, 7864], [1542, 7885], [1531, 7939], [1548, 8026], [1544, 8111], [1623, 8154], [1706, 8139], [1950, 8233], [1985, 8323], [2044, 8360], [2061, 8391], [2059, 8578], [2158, 8598], [2228, 8725], [2442, 8808], [2528, 8760], [2534, 8729], [2423, 8620], [2400, 8541], [2416, 8427], [2427, 8412], [2468, 8408], [2521, 8423], [2576, 8261], [2657, 8203]]]}, "type": "Feature", "properties": {"labelrank": 6, "code_hasc": "IR.YA", "name": "Yazd", "admin": "Iran", "type_en": "Province", "region": "", "woe_id": 2345790, "longitude": 55, "woe_name": "Yazd", "fips": "IR40", "woe_label": "Yazd, IR, Iran", "latitude": 32, "iso_a2": "IR", "postal": "YA", "type": "Ostan", "id": "IR.YA"}}, {"geometry": {"type": "Polygon", "coordinates": [[[1207, 7778], [1131, 7764], [1052, 7837], [982, 7862], [1003, 7903], [944, 8007], [917, 8029], [877, 8120], [919, 8141], [957, 8145], [1013, 8124], [1114, 8145], [1133, 8070], [1206, 7998], [1193, 7945], [1204, 7921], [1186, 7899], [1207, 7778]]]}, "type": "Feature", "properties": {"labelrank": 4, "code_hasc": "IR.CM", "name": "Chahar Mahall and Bakhtiari", "admin": "Iran", "type_en": "Province", "region": "", "woe_id": 2345769, "longitude": 50, "woe_name": "Chahar Mahall and Bakhtiari", "fips": "IR03", "woe_label": "Chahar Mahall va Bakhtiari, IR, Iran", "latitude": 31, "iso_a2": "IR", "postal": "CM", "type": "Ostan", "id": "IR.CM"}}, {"geometry": {"type": "Polygon", "coordinates": [[[819, 8197], [829, 8172], [879, 8157], [877, 8120], [917, 8029], [944, 8007], [1003, 7903], [982, 7862], [911, 7802], [912, 7715], [950, 7713], [1007, 7664], [998, 7621], [1010, 7584], [1013, 7544], [979, 7547], [967, 7553], [944, 7550], [930, 7543], [909, 7546], [816, 7500], [806, 7534], [755, 7535], [750, 7562], [737, 7552], [686, 7593], [717, 7599], [747, 7583], [761, 7608], [750, 7623], [700, 7627], [692, 7618], [712, 7605], [689, 7603], [673, 7585], [688, 7551], [682, 7509], [623, 7514], [620, 7491], [586, 7496], [571, 7557], [550, 7583], [529, 7585], [517, 7615], [490, 7621], [495, 7753], [422, 7757], [428, 7861], [466, 7954], [415, 8036], [452, 8064], [450, 8092], [488, 8158], [545, 8257], [634, 8263], [726, 8234], [774, 8198], [819, 8197]]]}, "type": "Feature", "properties": {"labelrank": 4, "code_hasc": "IR.KZ", "name": "Khuzestan", "admin": "Iran", "type_en": "Province", "region": "", "woe_id": 2345778, "longitude": 48, "woe_name": "Khuzestan", "fips": "IR15", "woe_label": "Khuzestan, IR, Iran", "latitude": 31, "iso_a2": "IR", "postal": "KZ", "type": "Ostan", "id": "IR.KZ"}}, {"geometry": {"type": "Polygon", "coordinates": [[[466, 8597], [570, 8520], [624, 8509], [672, 8522], [728, 8496], [713, 8440], [726, 8428], [769, 8417], [829, 8467], [855, 8442], [851, 8415], [886, 8387], [905, 8410], [939, 8367], [909, 8280], [872, 8269], [855, 8226], [819, 8197], [774, 8198], [726, 8234], [634, 8263], [545, 8257], [488, 8158], [421, 8281], [314, 8358], [274, 8407], [305, 8447], [396, 8476], [398, 8522], [402, 8553], [440, 8563], [441, 8596], [466, 8597]]]}, "type": "Feature", "properties": {"labelrank": 4, "code_hasc": "IR.LO", "name": "Lorestan", "admin": "Iran", "type_en": "Province", "region": "", "woe_id": 2345782, "longitude": 48, "woe_name": "Lorestan", "fips": "IR23", "woe_label": "Lorestan, IR, Iran", "latitude": 33, "iso_a2": "IR", "postal": "LO", "type": "Ostan", "id": "IR.LO"}}, {"geometry": {"type": "Polygon", "coordinates": [[[398, 8522], [396, 8476], [305, 8447], [274, 8407], [314, 8358], [421, 8281], [488, 8158], [450, 8092], [452, 8064], [415, 8036], [396, 8048], [400, 8068], [369, 8127], [315, 8134], [171, 8257], [112, 8266], [118, 8293], [100, 8305], [130, 8319], [129, 8342], [94, 8402], [69, 8405], [85, 8418], [78, 8439], [45, 8429], [44, 8441], [71, 8536], [116, 8536], [284, 8467], [352, 8471], [353, 8519], [398, 8522]]]}, "type": "Feature", "properties": {"labelrank": 7, "code_hasc": "IR.IL", "name": "Ilam", "admin": "Iran", "type_en": "Province", "region": "", "woe_id": 2345775, "longitude": 46, "woe_name": "Ilam", "fips": "IR10", "woe_label": "Ilam, IR, Iran", "latitude": 33, "iso_a2": "IR", "postal": "IL", "type": "Ostan", "id": "IR.IL"}}, {"geometry": {"type": "MultiPolygon", "coordinates": [[[[1809, 6611], [1776, 6621], [1802, 6626], [1809, 6611]]], [[[2331, 6708], [2319, 6713], [2336, 6722], [2331, 6708]]], [[[2284, 6724], [2235, 6670], [2219, 6681], [2088, 6629], [2086, 6657], [2195, 6694], [2191, 6733], [2222, 6722], [2283, 6748], [2307, 6741], [2284, 6724]]], [[[1501, 6816], [1512, 6827], [1554, 6825], [1557, 6826], [1566, 6831], [1589, 6804], [1639, 6800], [1670, 6780], [1764, 6772], [1787, 6784], [1793, 6794], [1808, 6850], [1890, 6865], [1914, 6859], [1925, 6864], [1946, 6869], [2005, 6862], [2033, 6871], [2061, 6920], [2091, 6937], [2111, 6942], [2124, 6942], [2130, 6945], [2135, 6949], [2139, 6955], [2140, 6969], [2109, 7009], [2110, 7020], [2120, 7061], [2122, 7089], [2116, 7104], [2048, 7167], [2046, 7179], [2053, 7184], [2053, 7191], [2040, 7229], [2058, 7228], [2098, 7218], [2128, 7190], [2138, 7184], [2148, 7179], [2203, 7217], [2228, 7230], [2235, 7231], [2241, 7222], [2248, 7127], [2243, 7108], [2248, 7084], [2269, 7059], [2289, 7042], [2312, 7029], [2338, 7026], [2352, 7029], [2378, 7042], [2401, 7066], [2408, 7074], [2418, 7083], [2430, 7083], [2453, 7072], [2454, 7043], [2464, 7004], [2490, 6989], [2499, 6978], [2505, 6968], [2516, 6957], [2526, 6943], [2528, 6930], [2519, 6917], [2544, 6875], [2555, 6782], [2560, 6768], [2631, 6734], [2646, 6723], [2653, 6721], [2663, 6732], [2668, 6739], [2677, 6746], [2692, 6746], [2708, 6738], [2725, 6724], [2739, 6710], [2745, 6691], [2725, 6699], [2725, 6694], [2731, 6678], [2732, 6672], [2717, 6566], [2766, 6567], [2778, 6569], [2785, 6573], [2802, 6568], [2817, 6566], [2821, 6564], [2819, 6556], [2820, 6552], [2822, 6546], [2823, 6538], [2827, 6532], [2837, 6530], [2848, 6530], [2858, 6532], [2864, 6539], [2870, 6541], [2879, 6538], [2886, 6538], [2889, 6536], [2899, 6522], [2893, 6502], [2949, 6460], [2957, 6449], [2959, 6440], [2964, 6435], [2971, 6432], [2975, 6428], [2977, 6423], [2980, 6419], [2984, 6416], [2993, 6402], [2995, 6400], [2999, 6398], [2999, 6390], [2993, 6387], [2994, 6381], [2969, 6372], [2947, 6371], [2896, 6409], [2803, 6418], [2747, 6399], [2718, 6405], [2698, 6434], [2656, 6418], [2651, 6444], [2550, 6451], [2514, 6525], [2524, 6546], [2492, 6607], [2476, 6716], [2452, 6741], [2463, 6753], [2439, 6755], [2442, 6771], [2425, 6786], [2322, 6799], [2271, 6787], [2231, 6752], [2170, 6743], [2139, 6689], [2082, 6690], [1976, 6614], [1885, 6640], [1867, 6667], [1734, 6664], [1683, 6700], [1673, 6730], [1579, 6762], [1501, 6816]]]]}, "type": "Feature", "properties": {"labelrank": 4, "code_hasc": "IR.HG", "name": "Hormozgan", "admin": "Iran", "type_en": "Province", "region": "", "woe_id": 2345776, "longitude": 56, "woe_name": "Hormozgan", "fips": "IR11", "woe_label": "Hormozgan, IR, Iran", "latitude": 27, "iso_a2": "IR", "postal": "HG", "type": "Ostan", "id": "IR.HG"}}, {"geometry": {"type": "Polygon", "coordinates": [[[698, 9602], [725, 9576], [676, 9520], [662, 9474], [678, 9423], [738, 9339], [740, 9301], [698, 9306], [683, 9291], [654, 9310], [628, 9317], [600, 9374], [556, 9400], [562, 9467], [533, 9507], [519, 9570], [424, 9580], [441, 9627], [503, 9652], [490, 9671], [501, 9704], [494, 9785], [436, 9762], [384, 9692], [305, 9695], [305, 9725], [321, 9741], [408, 9772], [395, 9817], [414, 9846], [476, 9885], [589, 9936], [656, 9851], [609, 9825], [643, 9757], [596, 9745], [582, 9721], [641, 9656], [662, 9659], [698, 9602]]]}, "type": "Feature", "properties": {"labelrank": 7, "code_hasc": "IR.AR", "name": "Ardebil", "admin": "Iran", "type_en": "Province", "region": "", "woe_id": 20070198, "longitude": 47, "woe_name": "Ardebil", "fips": "IR32", "woe_label": "Ardabil, IR, Iran", "latitude": 38, "iso_a2": "IR", "postal": "AR", "type": "Ostan", "id": "IR.AR"}}, {"geometry": {"type": "Polygon", "coordinates": [[[1116, 8890], [1130, 8850], [1111, 8793], [1091, 8718], [991, 8696], [958, 8636], [1000, 8607], [1035, 8546], [1158, 8514], [1129, 8442], [991, 8400], [939, 8367], [905, 8410], [886, 8387], [851, 8415], [855, 8442], [829, 8467], [769, 8417], [726, 8428], [713, 8440], [728, 8496], [755, 8525], [717, 8653], [760, 8648], [771, 8725], [826, 8722], [837, 8684], [858, 8687], [840, 8738], [794, 8760], [826, 8783], [811, 8827], [842, 8824], [837, 8855], [873, 8855], [888, 8875], [1011, 8907], [1077, 8883], [1072, 8902], [1086, 8908], [1095, 8877], [1116, 8890]]]}, "type": "Feature", "properties": {"labelrank": 4, "code_hasc": "IR.MK", "name": "Markazi", "admin": "Iran", "type_en": "Province", "region": "", "woe_id": 2345783, "longitude": 49, "woe_name": "Markazi", "fips": "IR34", "woe_label": "Markazi, IR, Iran", "latitude": 34, "iso_a2": "IR", "postal": "MK", "type": "Ostan", "id": "IR.MK"}}, {"geometry": {"type": "Polygon", "coordinates": [[[1336, 8705], [1316, 8621], [1165, 8592], [1148, 8528], [1158, 8514], [1035, 8546], [1000, 8607], [958, 8636], [991, 8696], [1091, 8718], [1111, 8793], [1219, 8775], [1336, 8705]]]}, "type": "Feature", "properties": {"labelrank": 7, "code_hasc": "IR.QM", "name": "Qom", "admin": "Iran", "type_en": "Province", "region": "", "woe_id": 20070199, "longitude": 50, "woe_name": "Qom", "fips": "IR39", "woe_label": "Qom, IR, Iran", "latitude": 34, "iso_a2": "IR", "postal": "QM", "type": "Ostan", "id": "IR.QM"}}, {"geometry": {"type": "Polygon", "coordinates": [[[591, 8928], [606, 8909], [684, 8890], [708, 8909], [740, 8912], [771, 8871], [837, 8855], [842, 8824], [811, 8827], [826, 8783], [794, 8760], [840, 8738], [858, 8687], [837, 8684], [826, 8722], [771, 8725], [760, 8648], [717, 8653], [755, 8525], [728, 8496], [672, 8522], [624, 8509], [570, 8520], [466, 8597], [478, 8615], [528, 8615], [526, 8659], [493, 8637], [448, 8679], [450, 8693], [477, 8696], [505, 8746], [539, 8764], [549, 8745], [569, 8780], [502, 8906], [517, 8924], [537, 8902], [565, 8914], [554, 8944], [591, 8928]]]}, "type": "Feature", "properties": {"labelrank": 7, "code_hasc": "IR.HD", "name": "Hamadan", "admin": "Iran", "type_en": "Province", "region": "", "woe_id": 2345774, "longitude": 48, "woe_name": "Hamadan", "fips": "IR09", "woe_label": "Hamadan, IR, Iran", "latitude": 34, "iso_a2": "IR", "postal": "HD", "type": "Ostan", "id": "IR.HD"}}, {"geometry": {"type": "Polygon", "coordinates": [[[740, 9301], [790, 9256], [809, 9201], [761, 9163], [787, 9106], [816, 9091], [835, 9023], [772, 8997], [757, 8971], [726, 8982], [669, 8964], [708, 8909], [684, 8890], [606, 8909], [591, 8928], [525, 8988], [544, 9048], [526, 9110], [419, 9142], [395, 9206], [399, 9234], [479, 9301], [629, 9298], [654, 9310], [683, 9291], [698, 9306], [740, 9301]]]}, "type": "Feature", "properties": {"labelrank": 7, "code_hasc": "IR.ZA", "name": "Zanjan", "admin": "Iran", "type_en": "Province", "region": "", "woe_id": 2345786, "longitude": 48, "woe_name": "Zanjan", "fips": "IR36", "woe_label": "Zanjan, IR, Iran", "latitude": 36, "iso_a2": "IR", "postal": "ZA", "type": "Ostan", "id": "IR.ZA"}}, {"geometry": {"type": "Polygon", "coordinates": [[[1021, 9159], [1120, 9069], [1042, 9065], [1083, 9031], [1064, 8980], [1003, 8944], [1011, 8907], [888, 8875], [873, 8855], [837, 8855], [771, 8871], [740, 8912], [708, 8909], [669, 8964], [726, 8982], [757, 8971], [772, 8997], [835, 9023], [816, 9091], [787, 9106], [761, 9163], [809, 9201], [853, 9152], [920, 9134], [977, 9159], [1021, 9159]]]}, "type": "Feature", "properties": {"labelrank": 7, "code_hasc": "IR.QZ", "name": "Qazvin", "admin": "Iran", "type_en": "Province", "region": "", "woe_id": 20070200, "longitude": 49, "woe_name": "Qazvin", "fips": "IR38", "woe_label": "Qazvin, IR, Iran", "latitude": 36, "iso_a2": "IR", "postal": "QZ", "type": "Ostan", "id": "IR.QZ"}}, {"geometry": {"type": "Polygon", "coordinates": [[[95, 9786], [65, 9754], [62, 9687], [1, 9613], [20, 9573], [18, 9461], [38, 9418], [35, 9373], [98, 9319], [145, 9310], [215, 9247], [236, 9273], [288, 9288], [318, 9267], [327, 9207], [395, 9206], [419, 9142], [378, 9102], [335, 9113], [314, 9135], [158, 9143], [123, 9105], [89, 9097], [40, 9040], [3, 9040], [-6, 9143], [-40, 9151], [-54, 9180], [-42, 9218], [-81, 9247], [-65, 9303], [-90, 9327], [-77, 9374], [-120, 9412], [-109, 9483], [-183, 9536], [-122, 9642], [-155, 9656], [-147, 9772], [-168, 9804], [-157, 9849], [-177, 9865], [-185, 9910], [-112, 9913], [-91, 9983], [-64, 9999], [-13, 9957], [33, 9850], [64, 9844], [95, 9786]]]}, "type": "Feature", "properties": {"labelrank": 4, "code_hasc": "IR.WA", "name": "West Azarbaijan", "admin": "Iran", "type_en": "Province", "region": "", "woe_id": 2345767, "longitude": 45, "woe_name": "West Azarbaijan", "fips": "IR01", "woe_label": "Azarbayjan-e Gharbi, IR, Iran", "latitude": 36, "iso_a2": "IR", "postal": "WA", "type": "Ostan", "id": "IR.WA"}}, {"geometry": {"type": "Polygon", "coordinates": [[[654, 9310], [629, 9298], [479, 9301], [399, 9234], [395, 9206], [327, 9207], [318, 9267], [288, 9288], [236, 9273], [215, 9247], [145, 9310], [98, 9319], [35, 9373], [38, 9418], [18, 9461], [20, 9573], [1, 9613], [62, 9687], [65, 9754], [95, 9786], [216, 9747], [267, 9759], [296, 9747], [366, 9813], [395, 9817], [408, 9772], [321, 9741], [305, 9725], [305, 9695], [384, 9692], [436, 9762], [494, 9785], [501, 9704], [490, 9671], [503, 9652], [441, 9627], [424, 9580], [519, 9570], [533, 9507], [562, 9467], [556, 9400], [600, 9374], [628, 9317], [654, 9310]]]}, "type": "Feature", "properties": {"labelrank": 4, "code_hasc": "IR.EA", "name": "East Azarbaijan", "admin": "Iran", "type_en": "Province", "region": "", "woe_id": 2345768, "longitude": 46, "woe_name": "East Azarbaijan", "fips": "IR01", "woe_label": "Azarbayjan-e Sharqi, IR, Iran", "latitude": 37, "iso_a2": "IR", "postal": "EA", "type": "Ostan", "id": "IR.EA"}}, {"geometry": {"type": "Polygon", "coordinates": [[[505, 8746], [477, 8696], [450, 8693], [448, 8679], [493, 8637], [526, 8659], [528, 8615], [478, 8615], [466, 8597], [441, 8596], [440, 8563], [402, 8553], [398, 8522], [353, 8519], [352, 8471], [284, 8467], [116, 8536], [71, 8536], [44, 8441], [-1, 8522], [-22, 8532], [15, 8571], [22, 8608], [-6, 8649], [13, 8661], [14, 8685], [55, 8672], [42, 8716], [52, 8737], [72, 8761], [92, 8759], [108, 8804], [155, 8803], [155, 8850], [256, 8737], [261, 8707], [314, 8709], [335, 8741], [382, 8757], [386, 8778], [423, 8785], [424, 8805], [505, 8746]]]}, "type": "Feature", "properties": {"labelrank": 7, "code_hasc": "IR.BK", "name": "Kermanshah", "admin": "Iran", "type_en": "Province", "region": "", "woe_id": 2345777, "longitude": 46, "woe_name": "Kermanshah", "fips": "IR13", "woe_label": "Kermanshah, IR, Iran", "latitude": 34, "iso_a2": "IR", "postal": "BK", "type": "Ostan", "id": "IR.BK"}}, {"geometry": {"type": "Polygon", "coordinates": [[[1078, 9237], [1021, 9159], [977, 9159], [920, 9134], [853, 9152], [809, 9201], [790, 9256], [740, 9301], [738, 9339], [678, 9423], [662, 9474], [676, 9520], [725, 9576], [698, 9602], [750, 9609], [759, 9476], [794, 9404], [854, 9370], [952, 9362], [1004, 9339], [1028, 9279], [1078, 9237]]]}, "type": "Feature", "properties": {"labelrank": 4, "code_hasc": "IR.GI", "name": "Gilan", "admin": "Iran", "type_en": "Province", "region": "", "woe_id": 2345773, "longitude": 49, "woe_name": "Gilan", "fips": "IR08", "woe_label": "Gilan, IR, Iran", "latitude": 37, "iso_a2": "IR", "postal": "GI", "type": "Ostan", "id": "IR.GI"}}, {"geometry": {"type": "Polygon", "coordinates": [[[591, 8928], [554, 8944], [565, 8914], [537, 8902], [517, 8924], [502, 8906], [569, 8780], [549, 8745], [539, 8764], [505, 8746], [424, 8805], [423, 8785], [386, 8778], [382, 8757], [335, 8741], [314, 8709], [261, 8707], [256, 8737], [155, 8850], [126, 8926], [139, 8952], [185, 8957], [203, 8981], [171, 8978], [151, 8995], [87, 8987], [40, 9040], [89, 9097], [123, 9105], [158, 9143], [314, 9135], [335, 9113], [378, 9102], [419, 9142], [526, 9110], [544, 9048], [525, 8988], [591, 8928]]]}, "type": "Feature", "properties": {"labelrank": 4, "code_hasc": "IR.KD", "name": "Kordestan", "admin": "Iran", "type_en": "Province", "region": "", "woe_id": 2345779, "longitude": 46, "woe_name": "Kordestan", "fips": "IR16", "woe_label": "Kordestan, IR, Iran", "latitude": 35, "iso_a2": "IR", "postal": "KD", "type": "Ostan", "id": "IR.KD"}}, {"geometry": {"type": "Polygon", "coordinates": [[[3127, 8569], [3140, 8458], [3229, 8434], [3211, 8425], [3161, 8333], [3235, 8115], [3227, 8058], [3247, 7925], [3314, 7919], [3299, 7802], [3314, 7656], [3277, 7649], [3221, 7709], [3147, 7743], [2980, 7683], [2886, 7803], [2854, 7824], [2604, 7921], [2678, 8091], [2649, 8157], [2657, 8203], [2702, 8301], [2766, 8349], [2790, 8396], [2741, 8438], [2740, 8559], [2806, 8557], [2918, 8603], [2953, 8563], [2981, 8555], [3127, 8569]]]}, "type": "Feature", "properties": {"labelrank": 4, "code_hasc": "IR.KJ", "name": "South Khorasan", "admin": "Iran", "type_en": "Province", "region": "", "woe_id": 56189825, "longitude": 59, "woe_name": "", "fips": "IR41", "woe_label": "", "latitude": 32, "iso_a2": "IR", "postal": "KJ", "type": "Ostan", "id": "IR.KJ"}}, {"geometry": {"type": "Polygon", "coordinates": [[[3127, 8569], [2981, 8555], [2953, 8563], [2918, 8603], [2806, 8557], [2740, 8559], [2741, 8438], [2790, 8396], [2766, 8349], [2702, 8301], [2657, 8203], [2576, 8261], [2521, 8423], [2468, 8408], [2427, 8412], [2416, 8427], [2400, 8541], [2423, 8620], [2534, 8729], [2528, 8760], [2442, 8808], [2228, 8725], [2285, 8792], [2357, 8830], [2397, 8914], [2400, 8931], [2329, 8997], [2316, 9074], [2329, 9141], [2324, 9160], [2305, 9163], [2304, 9191], [2362, 9248], [2394, 9248], [2531, 9181], [2588, 9175], [2610, 9187], [2614, 9249], [2601, 9264], [2590, 9254], [2569, 9282], [2603, 9381], [2565, 9431], [2468, 9435], [2472, 9464], [2502, 9488], [2591, 9464], [2599, 9439], [2630, 9429], [2663, 9448], [2694, 9435], [2717, 9450], [2802, 9411], [2822, 9416], [2858, 9337], [2973, 9300], [3046, 9208], [3213, 9222], [3215, 9151], [3236, 9094], [3220, 9054], [3245, 9037], [3262, 8951], [3247, 8887], [3231, 8880], [3243, 8836], [3232, 8763], [3211, 8716], [3162, 8682], [3206, 8635], [3155, 8628], [3127, 8569]]]}, "type": "Feature", "properties": {"labelrank": 4, "code_hasc": "IR.KV", "name": "Razavi Khorasan", "admin": "Iran", "type_en": "Province", "region": "", "woe_id": 2345789, "longitude": 58, "woe_name": "Razavi Khorasan", "fips": "IR42", "woe_label": "Khorasan, IR, Iran", "latitude": 35, "iso_a2": "IR", "postal": "KV", "type": "Ostan", "id": "IR.KV"}}, {"geometry": {"type": "Polygon", "coordinates": [[[2502, 9488], [2472, 9464], [2468, 9435], [2565, 9431], [2603, 9381], [2569, 9282], [2590, 9254], [2601, 9264], [2614, 9249], [2610, 9187], [2588, 9175], [2531, 9181], [2394, 9248], [2362, 9248], [2304, 9191], [2305, 9163], [2245, 9163], [2210, 9185], [2181, 9219], [2182, 9271], [2201, 9285], [2168, 9296], [2137, 9335], [2156, 9368], [2221, 9409], [2192, 9442], [2189, 9519], [2219, 9523], [2215, 9545], [2241, 9565], [2299, 9572], [2361, 9553], [2389, 9577], [2426, 9502], [2502, 9488]]]}, "type": "Feature", "properties": {"labelrank": 4, "code_hasc": "IR.KS", "name": "North Khorasan", "admin": "Iran", "type_en": "Province", "region": "", "woe_id": -56189824, "longitude": 57, "woe_name": "", "fips": "IR43", "woe_label": "", "latitude": 37, "iso_a2": "IR", "postal": "KS", "type": "Ostan", "id": "IR.KS"}}, {"geometry": {"type": "Polygon", "coordinates": [[[2899, 6522], [2903, 6534], [2903, 6558], [2915, 6593], [2899, 6625], [2910, 6697], [2879, 6739], [2864, 6827], [2885, 6929], [2880, 7045], [2910, 7102], [2873, 7140], [2976, 7206], [2960, 7275], [2984, 7367], [2973, 7420], [2947, 7452], [2980, 7683], [3147, 7743], [3221, 7709], [3277, 7649], [3314, 7656], [3299, 7802], [3314, 7919], [3441, 7906], [3473, 7827], [3472, 7779], [3283, 7514], [3400, 7401], [3401, 7376], [3460, 7278], [3539, 7201], [3652, 7176], [3697, 7134], [3738, 7142], [3766, 6954], [3755, 6895], [3790, 6884], [3853, 6901], [3888, 6868], [3869, 6854], [3881, 6810], [3863, 6793], [3863, 6746], [3770, 6738], [3696, 6712], [3668, 6694], [3665, 6658], [3632, 6659], [3569, 6617], [3559, 6514], [3538, 6499], [3537, 6377], [3493, 6317], [3404, 6349], [3312, 6360], [3290, 6402], [3256, 6382], [3273, 6361], [3227, 6381], [3212, 6378], [3214, 6365], [3184, 6375], [3144, 6364], [3040, 6392], [3027, 6388], [3001, 6383], [2994, 6381], [2993, 6387], [2999, 6390], [2999, 6394], [2999, 6398], [2993, 6402], [2984, 6416], [2980, 6419], [2977, 6423], [2975, 6428], [2971, 6432], [2964, 6435], [2959, 6440], [2957, 6449], [2949, 6460], [2893, 6502], [2899, 6522]]]}, "type": "Feature", "properties": {"labelrank": 4, "code_hasc": "IR.SB", "name": "Sistan and Baluchestan", "admin": "Iran", "type_en": "Province", "region": "", "woe_id": 2345770, "longitude": 61, "woe_name": "Sistan and Baluchestan", "fips": "IR04", "woe_label": "Sistan va Baluchestan, IR, Iran", "latitude": 27, "iso_a2": "IR", "postal": "SB", "type": "Ostan", "id": "IR.SB"}}, {"geometry": {"type": "Polygon", "coordinates": [[[2604, 7921], [2854, 7824], [2886, 7803], [2980, 7683], [2947, 7452], [2973, 7420], [2984, 7367], [2960, 7275], [2976, 7206], [2873, 7140], [2910, 7102], [2880, 7045], [2885, 6929], [2864, 6827], [2879, 6739], [2910, 6697], [2899, 6625], [2915, 6593], [2903, 6558], [2903, 6534], [2899, 6522], [2886, 6538], [2879, 6538], [2870, 6541], [2864, 6539], [2858, 6532], [2848, 6530], [2837, 6530], [2827, 6532], [2823, 6538], [2820, 6552], [2819, 6556], [2821, 6564], [2817, 6566], [2802, 6568], [2785, 6573], [2778, 6569], [2766, 6567], [2717, 6566], [2732, 6672], [2731, 6678], [2725, 6694], [2725, 6699], [2745, 6691], [2739, 6710], [2725, 6724], [2708, 6738], [2692, 6746], [2677, 6746], [2668, 6739], [2663, 6732], [2653, 6721], [2646, 6723], [2560, 6768], [2555, 6782], [2544, 6875], [2519, 6917], [2528, 6930], [2526, 6943], [2516, 6957], [2505, 6968], [2490, 6989], [2472, 6995], [2467, 6999], [2464, 7004], [2454, 7043], [2453, 7072], [2430, 7083], [2418, 7083], [2408, 7074], [2401, 7066], [2378, 7042], [2352, 7029], [2338, 7026], [2312, 7029], [2289, 7042], [2269, 7059], [2248, 7084], [2243, 7108], [2241, 7222], [2235, 7231], [2228, 7230], [2203, 7217], [2148, 7179], [2138, 7184], [2128, 7190], [2098, 7218], [2058, 7228], [2040, 7229], [1993, 7338], [1920, 7353], [1883, 7437], [1923, 7451], [1918, 7563], [1873, 7657], [1905, 7728], [2111, 7755], [2147, 7772], [2159, 7889], [2271, 7952], [2343, 8013], [2604, 7921]]]}, "type": "Feature", "properties": {"labelrank": 6, "code_hasc": "IR.KE", "name": "Kerman", "admin": "Iran", "type_en": "Province", "region": "", "woe_id": 2345788, "longitude": 56, "woe_name": "Kerman", "fips": "IR29", "woe_label": "Kerman, IR, Iran", "latitude": 30, "iso_a2": "IR", "postal": "KE", "type": "Ostan", "id": "IR.KE"}}, {"geometry": {"type": "Polygon", "coordinates": [[[1120, 9069], [1231, 9016], [1230, 8991], [1186, 8981], [1170, 8939], [1152, 8938], [1116, 8890], [1095, 8877], [1086, 8908], [1072, 8902], [1077, 8883], [1011, 8907], [1003, 8944], [1064, 8980], [1083, 9031], [1042, 9065], [1120, 9069]]]}, "type": "Feature", "properties": {"labelrank": 7, "code_hasc": "IR.AL", "name": "Alborz", "admin": "Iran", "type_en": "Province", "region": "", "woe_id": -20070200, "longitude": 50, "woe_name": "", "fips": "IR26", "woe_label": "", "latitude": 35, "iso_a2": "IR", "postal": "TH", "type": "Ostan", "id": "IR.AL"}}], "ac-tx": {"default": {"crs": "+proj=omerc +lat_0=27.51882880555555 +lonc=52.60353916666667 +alpha=0.5716611944444444 +k=0.999895934 +x_0=658377.437 +y_0=3044969.194 +gamma=0.5716611944444444 +ellps=intl +towgs84=-133.63,-157.5,-158.62,0,0,0,0 +units=m +no_defs", "scale": 0.002254620090181237}}}