{"crs": {"type": "name", "properties": {"name": "urn:ogc:def:crs:EPSG:5247"}}, "ac-tx": {"default": {"crs": "+proj=omerc +lat_0=4 +lonc=115 +alpha=53.31580995 +k=0.99984 +x_0=0 +y_0=0 +no_uoff +gamma=53.13010236111111 +ellps=GRS80 +units=m +no_defs", "scale": 1}}, "arcs": [[[5841, 2725], [-46, -58], [-43, -89], [5, -197], [229, 123], [25, -167], [-52, -177], [-167, -328], [-51, -187], [-40, -396], [-56, -141], [-674, -844], [-345, -264], [-302, 44], [-37, 76], [-55, 238], [-36, 98], [-58, 73], [-156, 142], [-463, 556], [-105, 183], [-72, 188], [-154, 606], [-92, 126], [-136, 10], [-301, -71], [-321, 82], [-250, 22], [-34, 88], [-13, 143], [23, 57], [102, 117], [24, 92], [-51, 428], [-100, 197], [0, 268], [-58, 268], [-43, 106], [-78, 111], [-24, 63], [-7, 75], [-17, 64], [-53, 27], [-113, 3], [-46, 29], [-56, 197], [-87, 73], [-180, 90], [-240, 243], [-155, 105], [-402, 80], [-480, 297], [1855, -76], [550, 138], [506, 375], [723, 343]], [[3634, 6374], [63, -231], [73, -219], [113, -150], [95, -161], [135, -23], [169, -13], [96, -194], [-34, -292], [45, -240], [229, -184], [169, -219], [158, -259], [179, -225], [142, -228], [115, -280], [58, -292], [138, -250], [245, -175], [17, -12], [2, -2]], [[5579, 8468], [1231, 982], [948, 518], [184, 31], [138, -70], [11, -125], [-106, -99], [-229, -135], [-61, -129], [-120, -382], [-22, -115], [-49, -132], [-227, -277], [-73, -153], [-167, -219], [-23, -148], [-6, -161], [-47, -146], [-116, -95], [-129, -4], [-135, 29], [-135, 9], [-164, -60], [-132, -109], [-236, -296], [-124, -103], [-269, -149], [-63, -76]], [[5458, 6854], [-1, 3], [-51, 162], [55, 310], [24, 211], [63, 193], [28, 246], [15, 263], [-12, 226]], [[8409, 8574], [6, -220], [67, -89], [98, -60], [95, -84], [185, -341], [484, -1810], [33, -228], [-11, -166], [-58, -379], [-3, -378], [42, -405], [97, -376], [170, -294], [259, -316], [107, -204], [19, -199], [-106, -152], [-161, 7], [-170, 96], [-133, 115], [-65, 31], [-141, -8], [-77, 42], [-114, 125], [-62, 29], [-219, -30], [-153, 43], [-419, 200], [-97, 85], [-59, 136], [-90, 945], [-87, 378], [-241, 746], [-65, 372], [-31, 781], [49, 761], [0, -1], [135, -179], [134, 113], [144, 212], [164, 115], [159, 44], [4, 112], [-63, 150], [-43, 160], [16, 74], [48, 38], [68, 11], [83, -2], [2, 0]], [[5458, 6854], [-9, -11], [-4, -159], [55, -177], [143, -354], [42, -198], [26, -213], [38, -1121], [45, -351], [132, -267], [144, -68], [108, 24], [55, -47], [-16, -275], [-67, -364], [-54, -160], [-78, -164], [-177, -224]], [[3634, 6374], [1, 0], [255, 121], [154, 199], [112, 278], [264, 352], [885, 925], [274, 219]]], "transform": {"translate": [479216.26161168225, 444610.4191782083], "scale": [15.123920343634175, 11.52125056738196]}, "objects": {"features": {"type": "GeometryCollection", "geometries": [{"type": "Polygon", "properties": {"labelrank": 9, "code_hasc": "BN.BE", "name": "Belait", "admin": "Brunei", "type_en": "District", "region": "", "woe_id": 20069849, "longitude": 114, "woe_name": "Belait", "fips": "BX01", "woe_label": "Belait, BN, Brunei", "latitude": 4, "iso_a2": "BN", "postal": "BE", "type": "Daerah-Daerah", "id": "BN.BE"}, "arcs": [[0, 1]]}, {"type": "Polygon", "properties": {"labelrank": 9, "code_hasc": "BN.BM", "name": "Brunei and Muara", "admin": "Brunei", "type_en": "District", "region": "", "woe_id": 20069846, "longitude": 114, "woe_name": "Brunei and Muara", "fips": "BX02", "woe_label": "Brunei-Muara, BN, Brunei", "latitude": 4, "iso_a2": "BN", "postal": "BM", "type": "Daerah-Daerah", "id": "BN.BM"}, "arcs": [[2, 3]]}, {"type": "Polygon", "properties": {"labelrank": 9, "code_hasc": "BN.TE", "name": "Temburong", "admin": "Brunei", "type_en": "District", "region": "", "woe_id": 20069847, "longitude": 115, "woe_name": "Temburong", "fips": "BX03", "woe_label": "Temburong, BN, Brunei", "latitude": 4, "iso_a2": "BN", "postal": "TE", "type": "Daerah-Daerah", "id": "BN.TE"}, "arcs": [[4]]}, {"type": "Polygon", "properties": {"labelrank": 9, "code_hasc": "BN.TU", "name": "Tutong", "admin": "Brunei", "type_en": "District", "region": "", "woe_id": 20069848, "longitude": 114, "woe_name": "Tutong", "fips": "BX04", "woe_label": "Tutong, BN, Brunei", "latitude": 4, "iso_a2": "BN", "postal": "TU", "type": "Daerah-Daerah", "id": "BN.TU"}, "arcs": [[5, -2, 6, -4]]}]}}, "bbox": [479216.26161168225, 444610.4191782083, 630440.3411276804, 559811.4036014605], "type": "Topology"}