{"crs": {"type": "name", "properties": {"name": "urn:ogc:def:crs:EPSG:4326"}}, "ac-tx": {"default": {"crs": "wsg84", "scale": 147.43072156847717, "xoffset": 0, "yoffset": 0}}, "arcs": [[[9775, 625], [-35, 0], [-14, -14], [45, -20], [22, -25], [18, -10], [22, 20], [27, -20], [22, -14], [36, -20]], [[9918, 522], [-18, -35], [-31, -5], [13, -24], [-35, -25], [9, -20], [-18, -9], [9, -15], [-27, -35], [-22, -10], [49, -19], [-18, -15], [-18, -30], [0, -24], [9, -20], [-31, -44], [-5, -25], [5, -20], [-9, -19], [-18, -20], [-36, -10], [-9, -25], [-17, -29], [0, -10], [-32, -15], [-26, -10], [-41, 10], [-35, 59], [-36, -19], [-9, 19], [-36, -5], [-35, -34], [-14, -5], [-35, -30], [-32, -4], [-26, 19], [-23, 49], [5, 10], [22, 30], [-22, 25], [-9, 19], [36, 54], [53, 35], [-31, 10], [-36, -10], [5, 34], [-18, 10], [49, 50], [-14, 9], [27, 20], [14, 35], [-32, 24], [-13, -10], [-13, -34], [-14, -20], [-13, 5], [-31, -20], [-14, -24], [-13, -15], [-22, 5], [-18, -30], [0, -9], [-23, -25], [-17, -5], [-23, -35], [-85, -59], [-22, -10], [-44, 10], [-36, 20], [-5, 35], [14, 24], [-9, 10], [31, 59], [31, 40], [18, 44], [5, 25], [44, 64], [-9, 19], [32, 15], [17, 0], [18, 69], [40, 10], [-62, 30], [27, 54], [-9, 24], [4, 30], [-18, 5], [-4, 20], [-18, 34], [5, 20], [-9, 34], [-27, 5], [4, 25], [-9, 20], [-17, -25]], [[9062, 857], [44, 79], [22, 5], [134, -30]], [[9262, 911], [5, -10], [-27, -44], [-18, -10], [-13, 5], [-23, 30], [-8, -35], [17, -25], [9, -34], [45, -54], [18, 10], [9, 34], [26, 5], [0, -20], [-26, -44], [4, -20], [58, -10], [9, -14], [40, -10], [5, 44], [-18, 15], [13, 15], [31, 10], [-8, 14], [22, 25], [-14, 10], [5, 29], [22, 15], [-9, 10], [27, 49], [31, 20], [9, 25], [18, 14], [27, 50], [13, 15], [45, 4], [31, 25], [13, -15], [27, -5], [63, 30], [22, 39], [9, 25], [18, 10], [31, -20], [22, -44], [-40, 0], [-27, -15], [-4, -39], [-18, -25], [-40, -30], [-9, -19], [9, -25], [-22, -25], [0, -9], [-41, -20], [0, -20], [-44, -39], [27, -5], [-14, -50], [-13, -9], [-36, -10], [0, -15], [58, -49], [-27, -54], [27, -25], [9, 20], [22, -5], [5, -15], [-14, -20], [18, -5], [14, 40], [13, 19], [54, 30], [13, 5]], [[9762, 660], [13, -35]], [[9802, 758], [0, -19], [-40, -25], [-22, 15], [35, 24], [27, 5]], [[9762, 660], [40, 20], [31, 54], [9, 0], [5, 49], [22, 49], [9, 35], [18, -5], [9, -25], [31, -5], [13, -44], [-17, -20], [17, -15], [23, 0], [4, -34], [-13, -15]], [[9963, 704], [-23, -10], [-17, -5], [-63, -19], [-13, -20], [-31, -5], [-41, -20]], [[8067, 2128], [-9, -14], [-49, -15], [-9, 24], [67, 5]], [[7982, 2143], [13, -29], [-18, -15], [-31, 0], [-9, 15], [9, 29], [36, 0]], [[7915, 2163], [13, -30], [-31, 0], [18, 30]], [[7991, 2192], [18, -14], [4, -25], [-62, -5], [13, 15], [-9, 15], [36, 14]], [[7946, 2626], [22, -20], [-31, 0], [-18, 20], [27, 0]], [[8111, 3045], [14, -15], [-18, -10], [-18, -39], [-36, -15], [-58, 20], [18, 15], [-4, 24], [44, 0], [58, 20]], [[6987, 3065], [-5, -10], [-22, -15], [-22, 15], [13, 15], [36, -5]], [[8067, 3178], [13, -20], [-36, -24], [14, -20], [-9, -10], [-32, 20], [-4, 39], [54, 15]], [[6973, 1404], [-223, 64], [-379, 104], [-321, 0]], [[6050, 1572], [9, 24], [22, 15], [27, 34], [9, 35], [13, 15], [-4, 19], [4, 25], [22, 10], [9, 25], [32, 44], [0, 10], [26, 15], [14, -20], [-18, -44], [22, -5], [49, 14], [18, -9], [49, 0], [18, -35], [36, -25], [53, -14], [36, 0], [36, 5], [-14, 14], [-35, -10], [-63, 15], [-9, 20], [-31, 15], [4, 19], [-22, 10], [0, 25], [13, 20], [32, -10], [22, -10], [40, 25], [-58, -5], [-27, 14], [5, 15], [44, -5], [36, 5], [18, 40], [-40, -20], [-27, 0], [-67, 20], [-27, -5], [-35, 39], [22, 59], [-9, 20], [9, 20], [36, 29], [98, 69], [27, 5], [35, -20], [5, -19], [27, 5], [-5, 14], [-45, 50], [-8, 44], [13, 44], [27, 35], [22, 15], [0, 29], [40, 15], [-9, 30], [40, 34], [-4, 20], [36, 44], [9, 30], [35, 59], [27, 15], [0, 29], [18, 30], [31, 69], [0, 24], [36, 55], [0, 14], [49, 35], [4, 34], [14, 20], [35, 15], [41, -20], [53, 5], [14, 25], [-32, -5], [-40, -15], [-27, 25], [-4, 19], [-27, 20], [-27, 0], [0, 15], [32, 10], [71, 0], [13, 20], [32, -5], [26, 19], [36, 15], [18, 25], [53, 49], [5, 20], [-27, 15], [0, 9], [-44, 45], [40, 5], [0, -15], [44, -10], [23, 25], [-27, 10], [31, 14], [36, 45], [31, 10], [4, 14], [-13, 20], [27, 25], [-18, 9], [9, 20], [22, 10], [5, 20], [31, 29], [18, 0], [18, 20], [80, 25], [36, 14], [22, -4], [58, 34], [45, 10], [49, 29], [84, 20], [41, 25], [35, 20], [32, 19], [31, -15], [-23, -44], [27, -34], [31, -10], [14, 10], [53, 0], [0, 19], [-26, 20], [26, 20], [32, 5], [40, -20], [18, 20], [53, 5], [40, -15], [-4, -20], [-22, -10], [17, -19], [-44, -15], [27, -15], [-14, -30], [-4, -34], [-14, -15], [-26, 25], [-14, -10], [14, -25], [-36, -29], [-72, 14], [-22, 15], [-36, 0], [-44, -5], [-40, 5], [-27, -10], [-22, 15], [-41, 10], [-17, -34], [49, -15], [4, -40], [-18, -10], [23, -24], [9, -25], [26, 30], [67, 15], [40, -15], [32, 0], [13, -20], [-27, -10], [27, -24], [0, -25], [-18, -20], [-31, -19], [4, -10], [-26, -35], [9, -15], [-9, -29], [-18, 15], [-40, -45], [-36, -24], [-13, -30], [-41, -34], [-13, -20], [-18, 20], [-27, 4], [0, 25], [18, 69], [-22, 5], [-22, -15], [17, -10], [5, -44], [-22, -44], [8, -30], [45, -20], [-18, -24], [-13, -5], [-49, -40], [-9, -29], [-22, -10], [0, -20], [-23, -15], [-13, -19], [-45, -30], [-76, -133], [-35, -44], [-45, -40], [-13, -5], [-36, -39], [-27, -20], [-13, -34], [27, -15], [-23, -79], [-44, -44], [-49, -20], [17, -10], [36, 5], [14, -15], [13, -24], [-27, -54], [9, -20], [27, 29], [36, 55], [44, 34], [22, 40], [23, 24], [44, 20], [27, 20], [14, -5], [31, 34], [4, 15], [31, 25], [14, 24], [13, 10], [45, 44], [9, 15], [40, 25], [36, -25], [-9, -15], [22, -9], [-36, -79], [36, 19], [45, 20], [18, -34], [26, 34], [36, -5], [31, -29], [-9, -5], [54, -30], [36, -10], [22, 30], [58, -5], [53, 30], [36, -30], [-22, -35], [-36, 0], [-9, -14], [-76, -45], [-40, -10], [-36, -14], [-31, -5], [-49, -35], [-49, -15], [-45, -44], [58, 25], [41, 0], [44, -15], [-22, -20], [0, -10], [-36, -19], [45, -5], [9, 10], [22, 0], [-9, -30], [-44, -10], [-32, -24], [-31, -5], [-40, -15], [-18, -30], [4, -19], [54, 44], [76, 10], [27, 15], [26, -10], [32, -30], [-5, -15], [40, -5], [14, -29], [18, 0], [31, 39], [22, 20], [27, -5], [-27, -44], [-9, -45]], [[8044, 1995], [-80, -138], [-304, -49], [-214, -39], [-325, -59], [-148, -306]], [[8156, 3651], [4, -24], [-27, 4], [23, 20]], [[9307, 1601], [4, -20], [-26, -9], [-14, 19], [36, 10]], [[9316, 1645], [9, -14], [-45, -30], [-27, 15], [63, 29]], [[9294, 1655], [-27, -24], [-27, 10], [54, 14]], [[8325, 1986], [23, -30], [-23, -20], [-26, -5], [13, 55], [13, 0]], [[8638, 2094], [17, -10], [-22, -15], [-4, -39], [-40, 0], [-14, 15], [22, 24], [27, 10], [14, 15]], [[8370, 2119], [22, -10], [-22, -15], [-13, 15], [13, 10]], [[8044, 1995], [27, 30], [9, 29], [40, 10], [13, 30], [32, 10], [13, -15], [-36, -44], [9, -5], [49, 34], [18, -5], [-22, -44], [36, -20], [-32, -19], [23, -10], [31, 29], [9, 25], [-22, 29], [8, 20], [-35, 40], [31, 9], [31, -5], [31, 5], [14, -9], [22, -30], [-9, -25], [-13, -10], [0, -19], [-22, -20], [-18, 10], [-14, -44], [5, -60], [-54, -29], [-18, -25], [0, -19], [32, -60], [22, 15], [-18, 20], [5, 29], [-14, 5], [14, 30], [17, 0], [49, 34], [58, 20], [18, 0], [0, 30], [27, 0], [18, -35], [9, 0], [22, 25], [45, -15], [13, 35], [-22, 9], [0, 10], [18, 30], [26, -5], [-17, -35], [13, -19], [0, -30], [27, 10], [4, 44], [36, -5], [27, 15], [40, 54], [58, 69], [36, 10], [26, -10], [-35, -24], [-14, -30], [49, 5], [-13, -20], [9, -14], [-22, -25], [4, -30], [13, -14], [-13, -30], [49, 25], [-9, 24], [5, 25], [31, 20], [40, 14], [5, -19], [35, -10], [27, 10], [22, -20], [14, 49], [53, 15], [36, -5], [0, -24], [36, 19], [44, -15], [23, -19], [53, -10], [71, -30], [-17, -19], [35, -10], [27, 0], [31, -25], [40, -5], [14, -24], [-5, -10], [-26, -5], [-14, -45], [0, -9], [-40, -20], [9, -49], [-18, -15], [-89, -15], [-13, -15], [-45, -15], [-13, -9], [35, -10], [-27, -20], [-35, -5], [-9, -15], [-40, -19], [-9, -30], [-58, 5], [-18, -10], [-27, 5], [-36, -25], [-8, -14], [26, -5], [14, 14], [53, 10], [14, 10], [44, 0], [31, 25], [63, -5], [9, -20], [-31, -15], [9, -14], [-32, -25], [-31, 10], [0, -35], [-22, 0], [-27, -14], [27, -5], [9, 9], [31, 5], [27, 15], [40, -10], [27, 15], [26, -5], [-4, -15], [22, -9], [9, -15], [45, 24], [13, -14], [-22, -15], [-45, -10], [-58, -20], [-40, -19], [-13, -15], [49, 10], [40, -10], [-31, -15], [22, -10], [0, -15], [-62, -14], [-50, -15], [-4, -15], [-36, -10], [-9, -10], [-31, -10], [-31, 15], [-31, -24], [-23, 0], [32, -35], [9, 25], [31, 15], [27, -5], [35, 5], [18, 19], [76, 35], [18, -5], [-18, -30], [-40, -34], [27, -10], [0, 20], [22, 9], [27, 30], [4, 20], [27, 14], [18, 15], [31, 15], [18, -25], [-45, -44], [40, 5], [32, 39], [13, -5], [4, -34], [32, 15], [9, 29], [26, 25], [-13, 20], [27, 34], [31, -10], [31, 5], [22, -15], [0, -39], [45, -10], [13, 30], [41, 19], [4, 25], [22, 5], [23, 30], [44, -15], [27, -40], [-18, -19], [14, -15], [-23, -10], [-22, -44], [0, -15], [-22, -35], [-45, -19], [-18, 0], [-9, -25], [-67, 20], [-35, -15], [-14, -20], [-9, -19], [14, -15], [-58, -15], [-23, -10]], [[9418, 1187], [-89, 40], [-201, -30], [-147, -5], [-245, 0], [-304, 0], [-165, 0], [-325, 0], [-331, 0], [-330, 0], [-397, 0], [89, 212]], [[8731, 2207], [5, -24], [-9, -25], [-54, -30], [-35, 0], [-45, -9], [9, -20], [-54, -15], [-31, 0], [5, 35], [-27, 29], [4, 20], [40, -10], [23, -25], [27, -10], [8, 10], [45, 30], [0, 20], [36, -5], [13, 19], [40, 10]], [[8834, 2222], [9, -20], [-18, -39], [-13, 15], [17, 29], [5, 15]], [[8615, 2227], [14, -10], [-9, -20], [13, -9], [-13, -20], [-31, 20], [-5, 14], [31, 25]], [[8995, 2281], [31, -5], [40, -54], [22, 0], [5, -15], [-45, -5], [-31, -10], [4, -9], [-71, -15], [-49, -25], [-18, 10], [5, 35], [-9, 29], [22, 5], [-5, 20], [32, 24], [31, -9], [36, 24]], [[7852, 502], [18, -34], [-31, 10], [-45, 0], [58, 24]], [[8981, 586], [14, -5], [0, -30], [-18, -9], [-31, 9], [35, 35]], [[9008, 773], [-4, -44], [-18, -35], [-18, -59], [-22, -24], [-14, -35], [-13, -10], [-40, 5], [-18, 5], [27, 30], [26, 14], [27, 50], [13, 10], [18, 34], [9, 0], [9, 30], [18, 29]], [[9048, 768], [0, -15], [-13, -29], [-5, -20], [14, -10], [4, -29], [-27, -20], [0, 74], [9, 34], [18, 15]], [[7821, 783], [-4, -30], [35, -29], [-17, -5], [-41, 10], [-44, 0], [-40, 10], [0, 24], [44, 10], [67, 10]], [[8954, 798], [-31, -20], [9, 40], [22, -20]], [[7861, 832], [-18, -19], [-53, -10], [-18, 10], [22, 14], [67, 5]], [[8977, 896], [22, -9], [-4, -20], [-32, -5], [0, 15], [14, 19]], [[9146, 1158], [27, -25], [13, -5], [50, 10], [22, -5], [13, -20], [23, 0], [80, 30], [13, -10], [14, -25], [-14, -5], [0, -29], [-44, -10], [-36, 5], [-9, 10], [-112, -5], [-26, 15], [-18, 34], [-14, 10], [0, 30], [18, -5]], [[9418, 1187], [-40, -20], [-22, -14], [-31, -20], [-45, -5], [-31, 20], [-36, 5], [-18, -10], [-26, 20], [-49, 14], [-5, -29], [9, -30], [18, -29], [-9, -20], [116, -5], [31, 5], [27, -20], [-49, -20], [-45, -9], [-80, 9], [9, -14], [49, 0], [27, -10], [40, 15], [49, 9], [22, 15], [5, -39], [-32, -30], [-4, -24], [-36, -40]], [[9062, 857], [-23, 15], [9, 15], [-36, 0], [-44, 19], [-14, -49], [-31, -39], [-9, -25], [-31, -30], [-4, -19], [-27, -25], [-31, -54], [-32, -25], [36, -29], [-27, -25], [-22, 15], [-22, -35], [-14, 0], [-35, -29], [-18, 10], [-9, 19], [-72, -24], [-22, 5], [-22, 14], [-14, 20], [-62, -54], [-18, -30], [-62, -44], [0, -20], [17, -20], [-35, -4], [-18, 19], [-18, -5], [22, -19], [0, -35], [14, -15], [-23, -19], [-4, -15], [-36, 0], [-13, -15], [-13, -34], [-14, -15], [-9, -25], [-40, -20], [-31, 0], [-22, -19], [-27, 5], [-36, -5], [-22, 29], [-40, 5], [-41, -34], [-53, 0], [-22, -15], [-54, 5], [-9, 10], [-85, 24], [-9, 30], [9, 34], [41, 25], [26, 30], [36, 5], [27, 19], [35, -5], [27, -10], [14, 15], [44, 10], [45, 15], [13, -5], [27, 39], [18, 5], [18, 20], [13, 0], [36, 20], [13, 29], [18, 59], [-4, 10], [13, 15], [36, 20], [31, 29], [44, 10], [99, 20], [75, 34], [-17, 30], [22, 15], [85, 34], [-23, 5], [-84, -29], [-9, -10], [-67, -20], [-36, 5], [-13, -10], [-23, 5], [-31, -15], [-13, 15], [9, 35], [-40, -10], [-27, 14], [-27, -4], [-27, 19], [-13, -15], [-54, 20], [-31, -39], [40, 10], [9, -10], [-9, -20], [9, -25], [-13, -9], [13, -20], [-4, -25], [-23, -15], [-40, -9], [-35, 5], [-9, -15], [-41, 15], [14, 34], [-14, 25], [-17, -10], [9, -15], [-45, 0], [4, -20], [-13, -10], [-45, 0], [-9, -9], [-62, 19], [49, 20], [-9, 5], [14, 25], [-14, 9], [-22, -19], [-45, -5], [-22, -20], [-40, 0], [-5, -10], [-44, -15], [-27, 10], [-14, 25], [143, 29], [112, 60], [-49, -15], [-36, 20], [-9, 24], [45, 30], [27, 29], [-5, 55], [36, 24], [-27, 10], [-18, -25], [-13, -44], [-31, -15], [-41, 0], [-49, -34], [0, -10], [-44, -10], [-14, 44], [-18, -14], [5, -35], [-18, -20], [-27, 0], [-18, -19], [-31, -5], [-36, 5], [-22, -20], [-36, 0], [-49, 15], [-84, -5], [-36, 10], [-9, -10], [40, -10], [-9, -20], [-31, 10], [-18, -25], [-44, -14], [-32, 0], [-18, 14], [-84, 25], [-49, -10], [-36, 0], [-13, 40], [-32, -25], [-40, 5], [-40, -15], [-13, 20], [4, 29], [-22, -4], [-72, -5], [-22, -5], [-40, 5], [-9, -10], [-54, -5], [-40, 34], [-44, -24], [-27, 14], [-45, 5], [14, 25], [-27, 5], [-5, -20], [-17, -5], [-27, 5], [0, 10], [-67, 10], [-22, -10], [-23, 0], [-44, -10], [-41, 10], [-22, 5], [14, 25], [17, 19], [-13, 10], [-40, -29], [0, -25], [-18, -25], [-22, -14], [-18, 14], [-54, -5], [-49, -19], [-27, 0], [-53, -10], [-58, -10], [-9, 10], [-27, -10], [-62, -5], [-45, -15], [-22, 10], [-40, -10], [-23, 0], [0, 25], [-26, -15], [-18, 25], [-45, 20], [-4, 39], [9, 25], [-5, 19], [-13, 15], [0, 35], [-27, 9], [4, 15], [-31, 30], [14, 15], [49, 14], [31, 45], [40, 24], [80, 45], [49, 19], [23, 5], [31, 35], [27, 15], [71, 54], [27, 15], [36, 29], [0, 20], [40, 25], [98, 24], [22, 15], [5, 30], [-23, 19], [-26, -15], [-18, 10], [-31, 25], [-41, 0], [-26, 5], [-32, 0], [-26, -15], [-18, 0], [-94, -15], [-49, 10], [-58, -10], [-76, -29], [-31, -5], [31, 59], [31, 30], [36, 14], [13, 15], [67, 20], [54, 34], [9, -5], [-40, -34], [0, -20], [40, -20], [-5, -19], [14, -5], [35, 20], [23, -15], [58, -5], [35, 59], [-17, 34], [40, 65]], [[8249, 3917], [-31, -54], [-22, -34], [-45, 9], [23, 50], [22, 0], [36, 29], [17, 0]], [[8053, 4109], [5, -9], [-36, -10], [-13, 19], [44, 0]], [[7884, 4321], [35, -9], [0, -10], [-53, 0], [18, 19]], [[7924, 4336], [44, -10], [5, -19], [-31, 9], [-18, 20]], [[7835, 4351], [35, -10], [-22, -25], [-71, 15], [40, 25], [18, -5]], [[7893, 4474], [22, -5], [-14, -19], [-49, 9], [5, 20], [36, -5]], [[7928, 4647], [5, -10], [-18, -40], [-36, 45], [49, 5]], [[7928, 4701], [18, -5], [-13, -35], [-63, -9], [-9, 19], [18, 30], [36, 10], [13, -10]], [[7870, 4992], [27, -10], [9, -40], [-58, -5], [-45, 10], [-18, 30], [23, 10], [62, 5]], [[7103, 5159], [-27, -24], [0, -15], [-22, -15], [-40, 20], [35, 24], [31, 0], [23, 10]], [[7156, 5228], [18, -5], [40, 0], [23, -10], [-18, -19], [-40, 0], [-18, -15], [-27, 25], [-13, 19], [35, 5]], [[6193, 5445], [31, -10], [-36, -15], [-4, -10], [-67, -9], [-18, 14], [40, 25], [40, 10], [14, -5]], [[6942, 5785], [9, -10], [5, -34], [-23, -15], [-44, 0], [-5, 15], [22, 39], [36, 5]], [[6010, 6095], [17, -9], [9, -55], [-26, -9], [-41, 14], [23, 20], [9, 35], [9, 4]], [[5140, 6322], [-18, -24], [-36, 9], [54, 15]], [[5082, 6342], [-14, -25], [-31, -15], [-22, 15], [13, 35], [45, 15], [9, -25]], [[4948, 6352], [4, -15], [-36, -30], [9, 45], [23, 0]], [[5157, 6381], [0, -29], [-62, -25], [27, 30], [35, 24]], [[4983, 6638], [-31, -10], [9, 24], [22, -14]], [[4943, 6707], [27, -30], [-9, -10], [-36, 0], [-9, 10], [27, 30]], [[4466, 6776], [49, -10], [53, -20], [-8, -20], [-45, 10], [-9, -15], [-31, 5], [-23, 20], [14, 30]], [[4622, 6776], [45, -5], [40, -15], [-45, -30], [-71, -10], [4, 20], [-13, 30], [18, 14], [22, -4]], [[4582, 6825], [22, -5], [-13, -20], [-36, -15], [-22, 10], [49, 30]], [[4319, 6899], [-14, -15], [-31, 10], [13, 15], [32, -10]], [[4305, 6933], [5, -24], [-32, 5], [27, 19]], [[4430, 6943], [14, -15], [-23, -10], [67, -19], [22, -10], [-22, -15], [5, -10], [-32, -39], [-44, 5], [-67, 19], [-27, 35], [27, -5], [31, 10], [-4, 29], [13, 20], [40, 5]], [[4323, 6983], [4, -20], [-31, -5], [-4, 20], [31, 5]], [[4403, 6997], [54, -5], [-27, -14], [-27, 19]], [[4180, 7022], [14, -15], [-49, 5], [-18, 15], [53, -5]], [[4345, 7101], [-9, -20], [-26, -10], [-49, 5], [8, 20], [36, -20], [40, 25]], [[3997, 7116], [76, -5], [63, -15], [22, 15], [53, -25], [-17, -30], [-27, -14], [-22, 10], [-76, 9], [-63, 20], [-9, 35]], [[4243, 7130], [26, -19], [-66, 0], [4, 19], [36, 0]], [[4069, 7145], [31, 0], [9, -24], [-45, 9], [5, 15]], [[3935, 7160], [53, -5], [14, -15], [-40, -10], [-54, 10], [-9, 10], [36, 10]], [[4104, 7224], [67, -10], [49, -24], [41, -10], [-18, -20], [67, 10], [26, -10], [0, -20], [-67, -5], [-80, 10], [-58, 0], [-49, 20], [54, 15], [-27, 5], [-27, 34], [22, 5]], [[4158, 7249], [45, -5], [4, -20], [-89, 10], [0, 20], [40, -5]], [[4118, 7298], [-45, -35], [5, 25], [40, 10]], [[4381, 7318], [27, 0], [40, -45], [-36, -14], [-22, 4], [-49, -19], [-18, 24], [58, 50]], [[4426, 7411], [-32, -15], [-49, 15], [32, 25], [49, -25]], [[4180, 7500], [81, -10], [-23, -20], [5, -39], [-63, -25], [9, -10], [40, -4], [9, -30], [-9, -15], [14, -44], [-14, -5], [-9, -39], [-35, 4], [-32, 35], [-35, 10], [-9, 15], [-40, 0], [-18, 9], [13, 30], [-13, 15], [22, 10], [9, 14], [-13, 45], [31, 19], [40, 20], [18, 25], [22, -10]], [[4167, 7697], [31, -10], [-13, -10], [-32, 10], [14, 10]], [[3921, 7727], [23, 5], [22, -15], [-31, -15], [-31, 20], [17, 5]], [[4180, 7727], [-18, -15], [-26, 25], [17, 14], [27, -5], [0, -19]], [[4029, 7810], [31, -4], [4, -30], [-13, -20], [-40, 0], [-36, 25], [4, 25], [18, 14], [32, -10]], [[4171, 7894], [-22, 15], [22, 15], [23, -10], [-23, -20]], [[3716, 7914], [-44, -5], [9, -15], [-36, -15], [-14, 20], [9, 15], [41, 10], [35, -10]], [[4015, 7939], [45, -10], [-9, -40], [-22, -24], [31, -15], [27, -10], [-41, -15], [-22, 10], [-98, 10], [-45, 15], [67, 29], [27, 20], [13, 20], [27, 10]], [[4029, 7968], [4, -24], [-40, 9], [36, 15]], [[3908, 7968], [31, -5], [36, -19], [-4, -25], [-58, -44], [-67, 4], [-18, 35], [-27, 10], [0, 15], [18, 14], [49, -5], [18, 20], [22, 0]], [[4042, 8042], [13, -25], [-22, -9], [-27, 19], [36, 15]], [[3993, 8150], [36, -4], [31, -30], [-9, -35], [-14, -24], [-40, 0], [-49, 29], [-13, 20], [-40, -15], [-5, 20], [27, 25], [40, 19], [36, -5]], [[4069, 8205], [-5, -15], [-67, 5], [5, 15], [58, 9], [9, -14]], [[3730, 8274], [-32, -35], [-22, 35], [54, 0]], [[3163, 8663], [-18, -34], [-31, 4], [-5, 20], [36, 20], [18, -10]], [[3359, 8688], [27, -5], [22, -20], [-53, -10], [-18, 10], [22, 25]], [[2342, 9870], [13, -29], [-35, 0], [0, 20], [22, 9]], [[6866, 5475], [18, -40], [36, -34], [22, -40], [49, -29], [-9, -30], [18, -34], [31, -20], [36, -5], [0, -15], [-45, -20], [0, -19], [18, -15], [-40, -15], [-22, -5], [-27, -19], [-125, -35], [18, -10], [0, -24], [54, 14], [22, -29], [-9, -20], [27, -5], [-14, -34], [5, -20], [67, 29], [40, 25], [-14, 20], [18, 24], [-4, 20], [53, 10], [-4, 25], [36, 19], [26, 25], [32, 0], [40, -15], [27, 25], [35, -15], [9, 15], [36, 10], [4, -20], [23, -10], [40, -10], [-18, 30], [36, 5], [13, 15], [62, 5], [23, -20], [-23, -25], [-44, 0], [-36, -10], [-9, -19], [-58, 5], [27, -20], [36, -5], [35, -20], [63, 0], [9, -10], [35, 15], [32, 0], [26, -10], [-8, -15], [-27, 0], [-31, -14], [13, -10], [31, 20], [45, -10], [27, 5], [17, 14], [45, -19], [18, 5], [45, -10], [17, -15], [-13, -35], [-27, 5], [-22, 20], [-27, 0], [-31, 15], [-63, 5], [9, -15], [40, -15], [14, -15], [36, -4], [49, -15], [-5, -25], [31, -10], [18, -15], [54, -19], [13, -20], [40, -15], [-44, -15], [31, -29], [-4, -20], [35, -10], [-13, -24], [31, -15], [-13, -35], [-32, -19], [-31, -5], [-4, -15], [-23, -30], [-26, -9], [-32, 0], [-22, 14], [-40, 0], [18, -29], [31, 5], [18, -10], [40, 15], [27, 0], [4, -30], [-13, -20], [27, -9], [31, -30], [4, -35], [-26, -4], [-45, 9], [-4, -19], [-45, 0], [9, -25], [-27, -5], [-18, 15], [-49, 5], [0, -25], [27, 5], [36, -20], [4, -24], [18, -5], [18, -25], [53, 10], [27, -5], [18, 10], [27, -5], [18, -25], [-14, -34], [-22, -5], [-36, 15], [-31, -10], [-31, 20], [-18, -10], [-5, -20], [-22, 0], [-31, -10], [44, -10], [-8, -10], [-81, 10], [0, -14], [27, -10], [54, -10], [17, -15], [94, 10], [0, -10], [40, -5], [31, -15], [-22, -14], [45, -10], [31, -10], [9, -15], [4, -30], [-13, -9], [-40, 5], [-14, 14], [-35, -10], [-18, -19], [-67, 10], [-27, 19], [-53, 15], [-81, 25], [32, -25], [62, -15], [71, -34], [50, -5], [4, -15], [45, -20], [26, -34], [36, 0], [18, -15], [-58, -20], [22, -14], [-13, -25], [13, -5], [-4, -25], [-67, -9], [18, -10], [-9, -25], [-40, -5], [-9, -15], [-36, -14], [9, -10], [-49, -35], [-31, -10], [-116, -69], [-18, -14], [-54, -10], [-22, 0], [-5, -20], [-31, -10], [-31, 0], [-18, -20], [-36, -24], [-22, 0], [-40, -25], [-58, -5], [-13, -44], [-27, -10], [-23, -25], [-26, 0], [9, -29], [-27, -15], [-18, 10], [-45, 0], [0, -35], [-26, -9], [-76, 0], [4, 177], [0, 246], [-143, 0], [-423, 0], [-237, 0], [-464, 0], [-236, 0], [-232, 0], [-460, 0], [-451, 0], [-446, 0], [-455, 0], [-228, 0], [-455, 0], [-178, 0], [-22, 50], [4, 10], [40, 0], [45, -20], [36, 0], [-18, 24], [-18, 0], [9, 35], [-23, 59], [-17, 15], [4, 15], [-18, 19], [-35, 35], [-32, -5], [-58, 25], [-31, 4], [-9, 30], [-31, 25], [-13, 19], [35, 69], [31, 15], [90, 30], [67, 10], [67, 5], [22, 4], [76, 0], [49, 0], [18, 25], [-41, 25], [-44, 10], [-27, 19], [-31, 15], [13, 15], [0, 39], [-31, -10], [-9, -19], [-40, -10], [-5, -20], [-26, 5], [-36, -15], [-36, 15], [-31, -15], [-9, -19], [-31, -5], [-36, 10], [-58, -5], [-13, -10], [13, -15], [-18, -15], [0, -24], [-13, -15], [13, -15], [-26, -5], [-14, -15], [27, -19], [18, -25], [0, -35], [22, -54], [-18, -20], [-18, -4], [-8, -35], [-32, -5], [-13, -20], [18, -14], [13, -60], [27, -19], [-13, -10], [-50, -10], [0, -29], [-26, 0], [9, -30], [31, -35], [-31, -9], [-27, 14], [-14, -9], [-8, -99], [35, -35], [-4, -29], [18, -10], [-36, -59], [-40, 0], [-14, 5], [-26, -35], [-32, -14], [-31, -20], [-31, 39], [-18, 0], [4, 25], [-22, 25], [-13, 0], [-23, 19], [0, 20], [-44, 0], [-22, 20], [-27, -15], [-49, 15], [4, -35], [-9, -15], [-35, 15], [-9, 15], [-32, 10], [-22, -15], [-67, 20], [9, 10], [0, 24], [-27, -5], [-31, 5], [5, 30], [-32, 10], [-13, -20], [-22, -15], [-5, 25], [-27, 20], [32, 39], [-14, 20], [-27, 0], [-8, 24], [-18, 5], [-27, 30], [4, 34], [-26, -19], [-14, -25], [-44, 5], [-18, -40], [-18, 5], [-5, 35], [18, 10], [0, 15], [-22, 19], [-36, -15], [-13, 15], [-54, 10], [-22, -5], [-13, -24], [-40, 14], [-9, -29], [-18, -5], [-14, 20], [-22, 4], [-31, 15], [13, 15], [0, 20], [-22, 34], [-31, 25], [-32, 0], [-9, 15], [-17, 14], [-9, 25], [-36, -20], [36, -83], [-5, -15], [-40, -10], [-31, 20], [13, 9], [-31, 40], [-22, -5], [-23, 25], [0, 19], [-13, 45], [36, 10], [13, 19], [31, -19], [18, 4], [0, 25], [-18, 10], [9, 15], [-22, 24], [22, 5], [-13, 69], [-40, 45], [13, 10], [18, 29], [31, -25], [22, -29], [23, 20], [-40, 34], [17, 35], [-31, 54], [-35, 34], [0, 15], [22, 5], [53, -15], [23, 10], [-9, 20], [-31, 29], [-5, 25], [-22, 30], [-18, 5], [-27, 19], [-31, -5], [9, -29], [-18, -10], [-9, -30], [-49, -5], [-31, 10], [-23, -49], [9, -25], [-9, -14], [9, -30], [-22, 0], [-4, -20], [-45, -10], [4, -34], [-13, -5], [-53, 20], [-18, -5], [18, -30], [-27, 0], [-36, 59], [-27, 5], [-31, -10], [-22, 20], [13, 44], [-4, 20], [-14, 5], [-53, -15], [0, -19], [-45, 14], [-27, 25], [-35, -5], [-14, 20], [-9, 20], [14, 24], [-31, 64], [-9, 54], [13, 10], [27, -10], [31, 15], [-9, 10], [18, 15], [36, -20], [40, 0], [27, -29], [35, 24], [9, -20], [-13, -9], [18, -20], [35, 10], [-13, 59], [31, 10], [-13, 19], [4, 25], [14, 30], [-5, 14], [-44, 20], [40, 25], [26, 39], [0, 25], [-13, 15], [-31, 5], [-22, 29], [-23, 10], [-27, -10], [-35, 10], [-40, -5], [-27, 20], [-18, -10], [-27, 10], [9, 20], [-53, 19], [4, 25], [-18, 15], [14, 14], [-27, 15], [-49, 10], [4, 25], [-58, 5], [31, 29], [27, 20], [-44, 10], [-27, 29], [9, 30], [-49, 5], [9, 15], [-27, 19], [-58, 15], [-22, 20], [40, 44], [-32, 15], [0, 15], [27, 19], [27, 0], [36, 5], [31, 40], [-36, 20], [9, 24], [-9, 25], [-44, 29], [13, 25], [-27, 25], [0, 14], [27, 15], [27, -10], [13, 25], [49, -10], [5, 20], [53, -10], [0, 20], [18, 10], [-27, 24], [-4, 15], [36, 5], [26, -10], [54, -39], [67, -10], [13, 20], [-36, 14], [0, 30], [32, 0], [9, 20], [26, -5], [27, 10], [5, 24], [35, 10], [9, 15], [-49, 44], [-27, 10], [-22, 20], [-4, 24], [-27, 5], [-18, 25], [-31, 25], [-18, 29], [-27, 10], [0, 25], [-31, 14], [4, 15], [-13, 25], [36, 20], [58, 0], [49, -25], [-9, -25], [134, -93], [9, -20], [62, -35], [13, -9], [32, 9], [44, -29], [27, -10], [49, -30], [9, 15], [-31, 15], [4, 20], [40, -15], [41, 30], [-23, 14], [-18, 35], [-17, 15], [4, 14], [-40, 35], [-5, 24], [41, 0], [26, -19], [14, 5], [-36, 34], [-36, 10], [-13, 30], [0, 19], [-22, 5], [26, 30], [-8, 20], [8, 19], [27, 10], [-49, 35], [-27, 24], [32, 35], [53, -35], [18, -29], [45, 0], [35, -25], [18, -30], [18, 10], [18, -34], [71, -54], [63, -60], [35, -14], [41, 0], [53, -40], [27, 10], [40, -10], [27, 10], [22, -10], [27, 0], [9, -34], [-14, -20], [9, -10], [41, -24], [58, -69], [26, 19], [40, 5], [27, -10], [23, 5], [40, -5], [18, 15], [-5, 25], [-36, 24], [23, 20], [26, -5], [41, -15], [17, 20], [76, 0], [5, 25], [22, 39], [22, -5], [5, 25], [27, 5], [13, -10], [40, -15], [22, 0], [41, -10], [4, -14], [58, -40], [22, 0], [23, -24], [-18, -20], [0, -40], [31, -5], [31, 10], [40, -10], [14, 5], [27, -14], [31, 29], [22, 0], [-4, 30], [58, 0], [67, -30], [13, -15], [31, -9], [23, 9], [9, -24], [26, -20], [23, -5], [-5, -20], [36, -24], [36, 0], [17, 15], [41, -15], [53, 24], [13, 10], [45, -15], [13, 25], [-26, 10], [-5, 15], [-22, 19], [-54, 35], [-22, 5], [13, 15], [18, 0], [36, 14], [-18, 30], [5, 39], [13, 25], [45, -5], [58, -29], [40, 19], [4, 25], [27, 20], [-31, 14], [31, 20], [-36, 20], [0, 20], [45, 49], [-13, 20], [84, 19], [9, 25], [-27, 5], [-31, -15], [-27, -5], [-49, 10], [-35, 20], [22, 14], [67, 15], [-31, 20], [22, 10], [49, 0], [27, -5], [76, 20], [4, 29], [-22, 5], [-27, -10], [-36, 5], [-22, 15], [-62, -5], [-36, 5], [-22, -5], [-49, 10], [-27, 20], [4, 14], [54, 20], [18, 25], [-14, 44], [9, 35], [-31, 5], [-5, 49], [32, 24], [0, 20], [-27, -5], [-40, 15], [4, 39], [-49, 15], [36, 40], [40, 0], [27, 9], [13, 20], [22, -5], [50, 30], [35, -5], [14, -10], [26, 30], [-31, 9], [-53, -9], [-41, 0], [-35, 14], [4, 10], [-31, 5], [-27, -10], [-44, -5], [17, 30], [-17, 10], [-9, 24], [-36, -9], [-18, -20], [-53, -20], [-14, 10], [23, 15], [-23, 39], [23, 15], [93, 25], [-35, 14], [0, 25], [-36, -5], [-36, 10], [-40, -10], [-4, 15], [-36, 25], [22, 9], [9, 20], [-18, 15], [5, 20], [-40, 19], [17, 10], [36, -10], [49, -5], [18, -9], [80, 29], [-13, 15], [-22, 0], [-9, 20], [9, 29], [-81, 54], [18, 30], [-44, 5], [-36, 30], [44, 49], [45, 10], [0, 49], [18, 10], [76, 15], [-27, 34], [-4, 35], [35, 14], [-22, 10], [4, 54], [45, -5], [36, 45], [-9, 15], [4, 24], [23, 20], [0, 15], [-45, 15], [-27, -25], [-13, 0], [-9, 34], [18, 45], [35, 0], [9, 15], [54, 9], [-14, 20], [9, 20], [-31, 10], [-9, 39], [14, 35], [-14, 39], [49, 15], [32, 5], [35, 29], [0, 59], [-49, -14], [9, -15], [-31, -30], [-22, 0], [-9, 45], [-27, -25], [-36, 25], [-22, -5], [-18, 24], [4, 35], [-26, -5], [-36, 15], [-49, -30], [-31, 30], [-27, 59], [-5, 24], [-22, 10], [-4, 25], [-32, 49], [-31, 5], [-13, 10], [-72, 5], [5, 89], [31, 14], [85, 15], [18, 15], [22, 49], [9, 30], [71, 0], [27, 10], [5, 34], [17, 15], [45, 5], [27, -15], [49, 45], [-36, 9], [9, 25], [-9, 20], [-31, 10], [-27, -15], [-18, -20], [-44, 5], [-40, 20], [-9, 29], [9, 25], [17, 10], [18, 39], [67, -15], [27, 20], [36, -10], [67, 15], [89, 5], [71, 10], [9, 20], [-36, 49], [-31, 15], [-27, -5], [-26, 14], [-67, 10], [-23, -24], [-31, -10], [-27, 0], [-62, -15], [-31, -5], [-18, -29], [-45, -15], [-26, 29], [-32, 0], [-4, 55], [-67, 29], [-80, 5], [-36, -15], [-27, 0], [-40, 15], [-27, 25], [-49, 5], [-22, -20], [-40, -5], [-9, 15], [0, 34], [-18, 25], [22, 0], [5, 25], [31, 14], [62, 0], [9, -24], [23, 0], [40, -10], [31, -15], [18, 10], [27, -25], [44, 15], [63, -5], [22, 10], [-36, 39], [-31, 0], [-9, 20], [-27, -5], [-22, 15], [-27, -5], [0, 30], [14, 29], [-36, 10], [9, 35], [13, 9], [-35, 40], [35, 29], [-31, 15], [18, 40], [36, 24], [22, 5], [67, 35], [-40, 9], [-36, 10], [-45, -29], [-35, -10], [-23, -15], [-58, -15], [-31, 15], [-22, 35], [-49, 29], [-67, 10], [9, 20], [35, -5], [-17, 39], [4, 15], [45, 10], [40, 25], [-27, 9], [9, 30], [-18, 15], [18, 19], [-22, 10], [31, 20], [22, 30], [40, -10], [27, 19], [-13, 35], [-49, 0], [-9, 15], [-23, 5], [-35, -10], [-18, 20], [-22, 54], [53, -15], [49, 5], [22, 20], [-17, 19], [67, -5], [26, 10], [-4, 35], [-94, 5], [-4, 14], [-76, 25], [9, 35], [85, 14], [102, 10], [98, -24], [27, -20], [-13, -25], [18, -10], [-23, -34], [-58, -20], [9, -20], [-22, -14], [45, -10], [26, 44], [23, 0], [0, -29], [-32, 5], [5, -25], [31, 0], [-18, -30], [-4, -54], [49, 54], [0, 30], [71, -10], [36, -20], [0, -29], [-36, 5], [-58, -25], [9, -10], [45, 10], [62, -34], [-35, -35], [4, -15], [22, -19], [14, 29], [35, 20], [23, -15], [-18, -15], [18, -15], [0, -19], [62, -20], [-31, -25], [-40, 0], [-40, -19], [-18, 0], [-36, 29], [5, 25], [-41, 15], [-22, -5], [22, -35], [32, -15], [17, -19], [81, -10], [62, 5], [23, -20], [-27, -15], [-31, 10], [-27, -5], [-18, -29], [-9, -40], [27, 5], [13, 54], [54, -19], [31, 10], [18, -10], [4, -25], [72, -25], [22, -29], [-27, -15], [-9, -29], [-35, -25], [-116, 15], [-32, -15], [130, -20], [31, 0], [53, -24], [0, -20], [-22, -35], [18, -5], [22, 30], [5, 25], [49, 9], [49, -4], [22, -20], [-18, -45], [23, -9], [18, 24], [22, 5], [44, -5], [-35, -29], [4, -20], [40, -10], [-31, -34], [0, -15], [-27, -15], [-44, -5], [-45, -25], [-36, 5], [-49, -9], [-35, 0], [-27, 4], [-54, 5], [-17, 10], [-45, -5], [80, -19], [54, -5], [27, -20], [58, 20], [66, -5], [32, 19], [71, 25], [58, 0], [31, -15], [18, -14], [58, 0], [0, -15], [-31, -5], [-67, 5], [-4, -10], [49, -10], [0, -10], [40, -15], [-5, -34], [-40, -40], [40, 0], [36, -4], [13, 19], [41, 5], [26, -15], [14, -34], [35, 0], [18, -25], [-13, -15], [0, -19], [-49, -25], [27, -10], [35, 5], [27, -5], [4, -24], [-17, -20], [-36, -15], [13, -15], [-35, -10], [-23, -19], [-35, 0], [-36, -15], [-9, -15], [-76, -19], [-44, 4], [-23, -29], [-35, -25], [-27, -29], [-76, -35], [13, -15], [32, 25], [40, 10], [49, 44], [49, 30], [85, 10], [31, -10], [-27, -49], [31, 9], [9, 25], [23, 5], [13, -25], [58, 45], [22, -10], [72, 20], [76, -5], [40, 9], [31, -14], [-54, -40], [-4, -15], [22, -29], [-13, -49], [-27, 0], [-22, -10], [85, -40], [-5, -14], [-22, -5], [-31, -25], [-85, 5], [-72, -10], [-49, -5], [-35, -29], [-50, -15], [-26, 0], [-45, -25], [45, -5], [4, -20], [-67, -19], [72, 0], [13, 10], [13, 39], [67, 15], [32, 29], [75, 10], [63, -5], [22, 5], [27, -15], [22, 15], [49, -19], [18, 9], [-9, 30], [23, 10], [40, -10], [-14, -20], [-22, -15], [22, -14], [58, 5], [-22, -20], [18, -30], [22, 15], [23, -10], [-41, -39], [-80, 5], [-4, -15], [53, -15], [5, -54], [17, 34], [0, 15], [23, 15], [18, -15], [67, -19], [40, 24], [26, 0], [23, -10], [18, -49], [13, 20], [49, 15], [27, -5], [-14, -25], [41, -5], [13, -20], [-13, -29], [-49, -20], [-67, 39], [-23, -34], [49, 5], [23, -25], [-5, -10], [31, -19], [-13, -25], [18, -15], [22, 10], [14, -34], [-121, -30], [-18, -34], [-26, -15], [-23, 0], [-35, 20], [-27, -5], [-36, -55], [-31, -14], [-31, 24], [-45, 5], [-18, 15], [-22, -10], [44, -25], [32, -4], [40, -25], [22, 5], [49, 15], [23, -5], [17, 19], [63, -9], [31, 4], [22, -14], [45, -10], [98, -40], [-13, -14], [-49, 5], [18, -20], [-14, -15], [22, -20], [-62, -29], [-27, 5], [18, -35], [40, 10], [27, -30], [58, 10], [13, -14], [63, 44], [13, 0], [-35, -40], [-5, -19], [36, -5], [22, 10], [31, 0], [58, 5], [45, -15], [31, -35], [-13, -34], [18, -20], [-14, -29], [-31, -5], [-36, 5], [-53, -20], [0, -20], [-14, -15], [-22, 0], [-27, -29], [0, -40], [-22, -10], [-22, 10], [-49, -19], [-27, 5], [-31, 14], [-27, -10], [22, -49], [18, 25], [80, -10], [32, -20], [-14, -14], [-62, -10], [58, -20], [44, -10], [-18, -25], [-40, 10], [-84, 0], [-50, 10], [-133, 45], [-49, 4], [-63, 15], [-31, -10], [85, -14], [62, -10], [63, -40], [62, 10], [22, -24], [-62, 9], [-76, 0], [-54, 0], [-13, -9], [103, -5], [49, -5], [40, -10], [40, 10], [45, -15], [53, 0], [27, -30], [-22, -29], [-40, -5], [-50, 10], [-53, 0], [-5, 14], [-44, 10], [-14, -19], [-26, 0], [-5, -15], [45, 0], [36, -20], [-58, -5], [-27, 10], [-49, -5], [58, -29], [18, 9], [40, -14], [26, 9], [45, -9], [36, -5], [35, -35], [-13, -24], [89, 0], [27, -35], [-80, -20], [-36, 10], [9, 20], [-49, -5], [-36, 15], [-27, -20], [-35, 5], [-36, 15], [-18, -10], [45, -35], [-5, -9], [72, -10], [62, 0], [18, -15], [71, 25], [58, -15], [27, -10], [72, 15], [53, 14], [-18, -39], [5, -20], [27, -29], [-50, -10], [-35, -20], [27, -20], [13, 10], [67, 15], [-5, -20], [-22, 0], [-4, -19], [-58, 5], [44, -25], [-22, -15], [116, -5], [67, 10], [13, -20], [32, -14], [4, -30], [-71, -5], [8, -15], [45, -19], [36, 9], [67, 0], [22, 5], [22, -9], [72, 4], [27, -9], [-9, -40], [-45, -19], [-80, -10], [18, -15], [35, 15], [45, -15], [31, 15], [36, 34], [13, 20], [14, 5], [22, -20], [-18, -10], [13, -15], [5, -39], [9, -10], [-49, -24], [26, -20], [-22, -30], [14, -5], [26, 25], [32, 69], [17, 25], [0, 19], [49, 10], [18, -20], [36, 15], [31, -5], [0, -19], [-44, -45], [13, -15], [-76, -9], [5, -20], [31, 0], [22, -15], [-18, -59], [36, 25], [31, 14], [9, -9], [-31, -45], [0, -15], [-31, -14], [-45, -35], [27, -29], [18, 9], [-14, 15], [9, 15], [23, 15], [31, 29], [9, -19], [31, 29], [36, -15], [9, -24], [-9, -15], [-49, -20], [-23, 5], [-27, -15], [-8, -34], [-23, -35], [-49, -34], [-40, -25], [13, -5], [27, 15], [36, 5], [31, 15], [0, -25], [-45, -20], [-17, -14], [-23, -45], [-22, -14], [-45, -15], [-31, -30], [31, -5], [14, 25], [40, 15], [36, 24], [-5, 10], [31, 30], [49, 0], [27, 34], [45, 35], [18, -15], [31, 15], [27, -25], [35, 25], [5, -35], [-27, -39], [-36, -30], [-53, -19], [-14, -20], [5, -20], [111, 64], [27, 54], [23, 0], [8, 20], [32, 15], [26, -10], [45, 54], [31, 5], [27, -10], [31, -34], [-18, -40], [-31, 5], [-13, -24], [-72, -20], [-31, 5], [0, -20], [49, 5], [63, -10], [9, 15], [67, 5], [26, 5], [5, 29], [18, 0], [0, -29], [44, 29], [32, -9], [40, -15], [-14, -30], [-26, -5], [-18, -44], [-32, 0], [-35, -35], [-49, -24], [-36, -5], [9, -25], [-31, -19], [-54, -25], [0, -20], [27, -5], [-22, -29], [-36, -25], [22, -5], [31, 15], [14, 15], [4, 39], [14, 30], [76, 34], [35, 10], [31, 20], [14, 15], [53, 39], [32, 10], [35, 20], [41, 39], [-5, 5], [22, 29], [23, 15], [18, -15], [53, 25], [5, -34], [-23, -40], [-53, -10], [-14, -29], [-40, -35], [14, -10], [49, 30], [4, 25], [40, 9], [27, 20], [27, -15], [13, 30], [36, 5], [9, -30], [18, -10], [4, -19], [-40, -30], [-18, -20], [36, 0], [27, -24], [35, -25], [-53, -15], [0, -14], [-32, 0], [18, -20], [27, 5], [9, 20], [27, 0], [-5, -25], [-13, -20], [27, -10], [18, -14], [35, 14], [49, 0], [32, -19], [53, -10], [22, 10], [36, -25], [45, -5], [9, -20], [31, 10], [-18, 20], [49, 10], [49, -5], [31, 10], [-4, 49], [22, -10], [31, 20], [50, 0], [4, 10], [40, 10], [18, 9], [22, 0], [0, -24], [-22, -10], [4, -35], [54, -19], [4, 24], [27, -5], [-18, -19], [-62, -10], [-36, -25], [-40, 0], [-71, 10], [-5, -15], [63, -5], [26, -5], [23, 5], [4, -19], [45, 29], [18, -10], [53, 0], [5, -14], [22, -5], [13, -20], [27, -5], [9, -25], [31, -9], [63, 9], [31, 5], [54, 5], [-5, -19], [31, -35], [18, 15], [23, -15], [-23, -25], [5, -29], [-32, -10], [-89, 0], [-89, -10], [13, -10], [67, 5], [63, 5], [31, -5], [-4, -15], [-54, 0], [9, -14], [-31, -15], [-27, 0], [-22, -25], [-49, -5], [-63, 15], [-27, -15], [-13, 20], [-54, -5], [-71, -15], [-31, 5], [-54, -10], [-44, -24], [17, -10], [63, 0], [-49, -15], [-40, -10], [22, -20], [-40, -9], [-107, 0], [-32, -20], [-49, -5], [-35, -30], [-58, -14], [-58, -10], [-32, 10], [-40, -5], [-22, -5], [-58, -15], [-76, -10], [-58, -10], [-111, -39], [-36, 0], [-31, 5], [-18, -15], [9, -15], [35, 5], [58, 0], [99, 25], [67, 15], [84, 4], [9, 5], [72, 15], [75, 25], [36, -5], [5, 15], [40, 10], [49, 24], [53, 10], [27, 20], [36, 0], [-40, -45], [0, -9], [-40, -20], [-45, -35], [-9, -19], [-40, -15], [-76, 0], [-22, 5], [-45, 5], [-62, 0], [-41, -10], [58, -10], [-17, -25], [-36, -19], [-36, -5], [-22, 5], [-49, -10], [-103, -35], [-44, -24], [-27, -5], [-31, -15], [-54, -5], [-103, 10], [-9, 5], [-71, 5], [-36, -25], [41, -5], [-9, -15], [-23, 5], [-80, -10], [-62, -24], [17, -15], [-22, -30], [-4, -24], [-14, -20], [5, -20], [26, -14], [-4, -15], [-31, -15], [0, -15], [18, -15], [26, 5], [45, -78], [40, 19], [31, 45], [23, 9], [-27, 20], [49, 15], [27, -20], [40, 0], [13, 15], [49, -10], [36, 5], [58, 25], [31, 34], [41, 15], [40, 25], [4, 19], [27, -5], [45, 5], [26, -14], [32, 9], [31, 0], [-5, 20], [14, 10], [22, -10], [9, 20], [-22, 29], [17, 30], [103, 54], [9, 35], [89, 5], [36, 19], [45, 5], [17, 15], [36, 0], [40, 15], [40, 0], [36, 20], [27, 0], [49, 4], [49, 25], [31, 5], [45, -10], [53, -15], [41, 10], [49, -10], [13, 20], [-40, 10], [-72, 0], [-53, 15], [-89, 5], [-36, -15], [-18, -15], [-44, -5], [-5, 20], [-31, 0], [-18, 10], [18, 44], [44, 10], [45, 0], [9, 10], [45, 10], [40, -5], [31, 5], [58, -10], [54, -5], [31, -10], [27, 15], [26, 0], [9, -10], [63, 0], [22, 0], [22, -20], [14, 15], [27, -10], [13, 10], [62, -15], [9, -19]], [[2230, 9999], [-22, -25], [9, -35], [-40, 10], [-14, 25], [27, 25], [40, 0]], [[9963, 704], [-9, -29], [13, -10], [32, -5], [-14, -25], [-31, -10], [9, -24], [-27, -40], [-18, -39]]], "transform": {"translate": [-9999, 6872], "scale": [0.2241224122412241, 0.2029202920292029]}, "objects": {"features": {"type": "GeometryCollection", "geometries": [{"type": "Polygon", "properties": {"feduid": "10001", "name": "Avalon", "prname": "Newfoundland and Labrador / Terre-Neuve-et-Labrador", "fedfname": "Avalon", "pruid": "10", "fedename": "Avalon", "id": "CA.NF.10001", "fedname": "Avalon"}, "arcs": [[0, 1, 2, 3, 4]]}, {"type": "MultiPolygon", "properties": {"feduid": "10006", "name": "St. John's East / St. John's-Est", "prname": "Newfoundland and Labrador / Terre-Neuve-et-Labrador", "fedfname": "St. John's-Est", "pruid": "10", "fedename": "St. John's East", "id": "CA.NF.10006", "fedname": "St. John's East / St. John's-Est"}, "arcs": [[[5]], [[-5, 6, 7]]]}, {"type": "MultiPolygon", "properties": {"feduid": "10003", "name": "Humber - St. Barbe - Baie Verte", "prname": "Newfoundland and Labrador / Terre-Neuve-et-Labrador", "fedfname": "Humber - St. Barbe - Baie Verte", "pruid": "10", "fedename": "Humber - St. Barbe - Baie Verte", "id": "CA.NF.10003", "fedname": "Humber - St. Barbe - Baie Verte"}, "arcs": [[[8]], [[9]], [[10]], [[11]], [[12]], [[13]], [[14]], [[15]], [[16, 17, 18]], [[19]]]}, {"type": "MultiPolygon", "properties": {"feduid": "10002", "name": "Bonavista - Gander - Grand Falls - Windsor", "prname": "Newfoundland and Labrador / Terre-Neuve-et-Labrador", "fedfname": "Bonavista - Gander - Grand Falls - Windsor", "pruid": "10", "fedename": "Bonavista - Gander - Grand Falls - Windsor", "id": "CA.NF.10002", "fedname": "Bonavista - Gander - Grand Falls - Windsor"}, "arcs": [[[20]], [[21]], [[22]], [[23]], [[24]], [[25]], [[-19, 26, 27]], [[28]], [[29]], [[30]], [[31]]]}, {"type": "MultiPolygon", "properties": {"feduid": "10005", "name": "Random - Burin - St. George's", "prname": "Newfoundland and Labrador / Terre-Neuve-et-Labrador", "fedfname": "Random - Burin - St. George's", "pruid": "10", "fedename": "Random - Burin - St. George's", "id": "CA.NF.10005", "fedname": "Random - Burin - St. George's"}, "arcs": [[[32]], [[33]], [[34]], [[35]], [[36]], [[37]], [[38]], [[39]], [[40]], [[-28, 41, -3, 42, -17]]]}, {"type": "MultiPolygon", "properties": {"feduid": "10004", "name": "Labrador", "prname": "Newfoundland and Labrador / Terre-Neuve-et-Labrador", "fedfname": "Labrador", "pruid": "10", "fedename": "Labrador", "id": "CA.NF.10004", "fedname": "Labrador"}, "arcs": [[[43]], [[44]], [[45]], [[46]], [[47]], [[48]], [[49]], [[50]], [[51]], [[52]], [[53]], [[54]], [[55]], [[56]], [[57]], [[58]], [[59]], [[60]], [[61]], [[62]], [[63]], [[64]], [[65]], [[66]], [[67]], [[68]], [[69]], [[70]], [[71]], [[72]], [[73]], [[74]], [[75]], [[76]], [[77]], [[78]], [[79]], [[80]], [[81]], [[82]], [[83]], [[84]], [[85]], [[86]], [[87]], [[88]], [[89]], [[90]], [[91]], [[92]], [[93]], [[94]], [[95]], [[96]], [[97]], [[98]], [[99]], [[100]]]}, {"type": "Polygon", "properties": {"feduid": "10007", "name": "St. John's South - Mount Pearl / St. John's-Sud - Mount Pearl", "prname": "Newfoundland and Labrador / Terre-Neuve-et-Labrador", "fedfname": "St. John's-Sud - Mount Pearl", "pruid": "10", "fedename": "St. John's South - Mount Pearl", "id": "CA.NF.10007", "fedname": "St. John's South - Mount Pearl / St. John's-Sud - Mount Pearl"}, "arcs": [[101, -1, -8]]}]}}, "bbox": [-9999, 6872, -7758, 8901], "type": "Topology"}