{"crs": {"type": "name", "properties": {"name": "urn:ogc:def:crs:EPSG:4326"}}, "ac-tx": {"default": {"crs": "wsg84", "scale": 73.26959328813429, "xoffset": 0, "yoffset": 0}}, "arcs": [[[763, 5112], [-39, -29], [-12, 14], [24, 22], [27, -7]], [[1674, 5126], [12, -22], [-32, -21], [-8, 43], [28, 0]], [[304, 5134], [-19, -37], [-32, 7], [28, 30], [23, 0]], [[7046, 5519], [79, -15], [-36, -14], [-67, 22], [24, 7]], [[5759, 5635], [67, -36], [-87, 14], [20, 22]], [[2477, 5621], [123, -73], [40, -36], [83, -95], [55, -102], [28, -21], [-12, -22], [32, -73], [51, -51], [79, -73], [103, -72], [20, -8], [44, 0], [27, -21], [32, -8], [28, 8], [16, 21], [55, 8], [-8, 29], [-99, 7], [16, 15], [55, 21], [8, 29], [-51, 8], [12, 43], [51, 15], [48, 22], [47, -44], [8, 29], [-12, 15], [-103, 7], [-12, 29], [32, 0], [24, -14], [20, 14], [35, 66], [48, 14], [-36, 29], [-51, -14], [-24, -29], [-20, 14], [-4, 29], [52, 22], [27, -15], [24, 15], [48, 7], [27, -14], [32, 14], [-8, 15], [-71, 7], [4, 29], [24, 15], [39, 0], [4, -37], [48, -36], [-4, -29], [-28, -7], [16, -29], [-32, -110], [63, -14], [24, 14], [40, -7], [8, -14], [-44, -29], [-16, -44], [-59, -44], [8, -22], [-32, -7], [12, -22], [44, -21], [59, 0], [24, 7], [23, 29], [16, -15], [40, 0], [39, -14], [72, 29], [-4, 36], [39, 15], [32, 0], [12, 36], [-8, 22], [24, 36], [-12, 51], [47, 29], [36, -14], [47, 14], [16, -7], [60, 0], [19, 7], [72, -7], [47, 0], [56, -7], [63, -15], [32, 0], [39, -22], [56, -29], [43, -7], [52, -29], [12, -15], [31, -509], [4, -196], [-12, -254], [376, -197], [218, -109], [443, -145], [123, -73], [835, -509], [341, -211], [285, 0], [309, 0], [316, -240], [123, -87], [51, -51], [341, -36], [455, -59], [356, -51], [452, -72], [384, -73], [0, -153], [0, -291], [0, -181], [0, -364], [0, -225], [0, -269], [0, -197], [0, -254], [0, -298], [-147, 0], [-218, 0], [-217, 0], [-289, 0], [-147, 0], [-289, 0], [-217, 0], [-218, 0], [-147, 0], [-217, 0], [-143, 0], [-293, 0], [-142, 0], [-293, 0], [-143, 0], [-289, 0], [-217, 0], [-293, 0], [-289, 0], [-147, 0], [-289, 0], [-217, 0], [-218, 0], [-289, 0], [-147, 0], [-217, 0], [-218, 0], [-143, 0], [-229, 0], [-59, 58], [-12, 21], [-28, 30], [-24, 87], [4, 43], [-55, 8], [0, 29], [-16, 29], [-36, 36], [-8, 29], [32, 22], [12, 15], [-16, 22], [-12, 72], [-28, -7], [-39, 15], [-20, -30], [4, -29], [-40, 0], [-55, -7], [-32, -36], [-31, 0], [-48, 29], [-39, -7], [-48, 43], [-24, -22], [-15, -29], [-24, 0], [-4, 37], [-40, -15], [4, -29], [-28, -7], [-27, 0], [-32, 22], [-43, -37], [-16, 22], [-36, -7], [-8, 7], [8, 29], [-12, 22], [0, 29], [-12, 44], [-19, 21], [-20, -7], [-12, 15], [20, 43], [16, 15], [-24, 80], [-16, 22], [-4, 51], [-24, 0], [-16, 21], [-67, -7], [-43, 22], [-12, 29], [-28, 7], [-36, 37], [-47, 36], [20, 29], [-12, 22], [-36, 7], [-32, 51], [-27, 22], [0, 22], [-60, 51], [-35, 0], [-16, -37], [-24, 0], [-4, 22], [-27, 7], [-8, 8], [-52, -8], [-20, 22], [8, 37], [-31, 29], [4, 36], [19, 15], [-27, 21], [31, 22], [-8, 37], [-35, 7], [-16, 29], [-16, 0], [-36, 58], [-31, 66], [-20, 14], [-4, 22], [24, 29], [24, 58], [-8, 15], [-36, -8], [-20, 30], [-27, 43], [-24, 7], [-8, 15], [-36, 22], [24, 14], [55, 37], [-11, 29], [7, 22], [28, -8], [-35, 51], [-16, 7], [0, 30], [-36, 0], [-8, 36], [-47, -22], [-20, 29], [71, 29], [-12, 29], [-4, 29], [-55, -21], [-28, 36], [-55, 29], [-44, 22], [-8, 29], [-43, 44], [27, 29], [-23, 7], [-12, 36], [-28, 8], [16, 21], [-12, 30], [-24, 21], [-43, 22], [-24, -7], [-20, -22], [-67, -7], [-52, 0], [8, 22], [44, 36], [0, 15], [-52, 14], [-23, 29], [-28, 51], [-28, 7], [-67, 44], [-32, 0], [-23, -7], [-12, 29], [39, 36], [-12, 37], [24, 7], [24, 43], [-59, 15], [7, 44], [-43, -15], [-32, 22], [8, 22], [24, 29], [28, 0], [8, 36], [47, 29], [28, 29], [0, 22], [31, 58], [-43, 73], [-28, 22], [-43, 22], [-8, 14], [19, 29], [52, 22], [-8, 22], [-36, -7], [-11, 21], [-36, 0], [-40, -36], [-12, -29], [-19, -7], [-32, 22], [32, 43], [-4, 7], [-60, 8], [-43, -22], [-40, -29], [-71, 14], [16, 51], [-24, 8], [8, 29], [32, 21], [0, 51], [-24, 22], [-44, -7], [-16, 14], [20, 30], [8, 36], [36, 0], [-24, 36], [32, 22], [-24, 22], [-12, 22], [-24, 7], [12, 22], [-27, 22], [23, 36], [-51, 58], [-16, 0], [-36, 29], [32, 15], [-162, 7], [-273, 0], [-190, 0], [-20, 58], [12, 22], [-12, 15], [28, 29], [15, 36], [-15, 36], [-24, 22], [12, 29], [-12, 29], [8, 22], [-28, 44], [-48, 7], [0, 87], [-3, 262], [0, 313], [47, -15], [51, 8], [28, 36], [-24, 29], [24, 0], [28, 36], [-20, 66], [44, 51], [27, 14], [103, 15], [24, 36], [44, 22], [55, 7], [47, 8], [92, -30], [23, 22], [-27, 22], [27, 58], [-12, 37], [32, 7], [4, -22], [36, 0], [-8, -36], [31, -37], [24, 15], [28, -29], [20, 7], [31, -7], [-23, -37], [55, -29], [47, 15], [48, -7], [63, 0], [48, 58], [-12, 43], [24, 37], [31, -7], [44, 7], [28, -15], [31, 0], [32, 22], [-12, 15], [-71, -8], [39, 37], [99, -29], [4, 14], [48, 0], [12, 29], [31, 0], [32, 37], [28, 14], [43, 15], [8, 22], [36, 7], [43, -29], [24, 0], [28, 58], [16, 0], [27, 44], [84, 14], [15, -14], [36, 14], [16, -22], [55, 0], [48, -14], [27, 7], [8, 51], [20, -7], [20, 58], [36, -29], [47, -80], [-28, -29], [-122, -44], [-36, -22], [-79, -22], [-44, -36], [-27, -7], [-8, -29], [-44, -15], [-51, -65], [-32, 29], [-51, 7], [-36, -22], [-28, 7], [-24, -14], [-71, 0], [-79, -22], [-24, -44], [16, -29], [-12, -7], [-103, -44], [-35, 0], [-24, -14], [-40, -7], [-31, -88], [-40, 0], [-20, -21], [-23, 0], [-28, -37], [20, -14], [-4, -22], [-32, -22], [-40, -7], [0, -22], [48, -29], [-16, 51], [56, 0], [11, -15], [48, 0], [28, 15], [51, -29], [4, 14], [67, -14], [20, 29], [-36, 29], [-7, -15], [-48, -7], [-36, 22], [16, 22], [-23, 14], [-4, 29], [11, 29], [36, 0], [32, 22], [51, -7], [20, 22], [-4, 22], [95, 21], [36, 37], [39, 7], [12, 36], [52, 37], [35, 0], [44, 29], [23, -22], [28, 29], [0, 22], [79, -29], [12, -44], [44, 22], [55, 58], [4, 22], [36, 44], [67, 7], [36, 14], [75, 22], [36, 22], [75, 15], [59, 7], [16, 7], [24, 37], [8, -59], [-44, 15], [-12, -29], [4, -58], [28, 21], [36, 0], [35, 15], [36, 29], [20, 29], [63, 37], [20, 36], [-20, 44], [24, 29], [51, 14], [91, 7], [60, 22], [-32, 15], [-40, 0], [-51, 14], [-20, 22], [12, 22], [-44, 7], [12, 66], [48, 43], [23, -14]], [[5593, 5643], [31, -15], [-27, -15], [-40, 22], [36, 8]], [[2422, 5650], [-8, -29], [-55, 0], [23, 51], [40, -22]], [[7639, 6784], [83, -36], [-15, -36], [-80, 50], [12, 22]], [[7552, 6937], [155, -22], [15, -14], [0, -117], [-87, 22], [-12, 22], [-79, 14], [-67, 44], [-8, 36], [36, 8], [47, 7]], [[6380, 7126], [56, -14], [75, -66], [24, -29], [-4, -73], [-16, -14], [4, -37], [-4, -36], [20, -22], [-71, -7], [-48, -36], [12, -22], [-40, -37], [-43, -14], [24, -15], [47, -7], [28, 22], [59, 29], [56, -7], [99, 29], [27, 22], [-51, 7], [0, 14], [32, 22], [31, 51], [44, 36], [67, 15], [99, -22], [59, -14], [32, -22], [91, -7], [99, -44], [40, -7], [103, -44], [3, -51], [-23, -36], [-48, -22], [-4, -29], [-35, -22], [-115, -44], [55, 0], [95, 37], [48, 14], [0, -22], [35, -21], [52, 43], [12, 29], [31, 15], [40, 36], [67, -22], [24, 8], [51, -22], [52, -44], [28, 22], [23, -14], [0, -197], [-4, -203], [0, -320], [0, -255], [-4, -327], [-617, 0], [-150, 0], [0, -80], [-88, 0], [-3, 80], [-293, 0], [-190, 0], [-539, 0], [-194, 0], [0, -22], [28, -44], [47, -50], [88, -44], [-151, -7], [-59, 29], [-32, 51], [-8, 43], [-20, 37], [8, 29], [44, 22], [67, 21], [52, 8], [99, 21], [71, 8], [79, 22], [28, 0], [79, 14], [51, 0], [87, 15], [52, 0], [178, 21], [55, -7], [48, -14], [63, 0], [32, -8], [40, 8], [67, 0], [83, -29], [47, 0], [12, -8], [68, -14], [4, 29], [47, -7], [32, 21], [35, 8], [151, -8], [35, 44], [-47, 7], [-56, -7], [-39, 14], [-52, 73], [-83, 7], [-31, 0], [-28, 15], [-75, 7], [-48, 15], [-47, 29], [-48, 0], [-16, 14], [-35, -21], [-48, 29], [-67, 14], [-63, -29], [-68, 7], [-35, -21], [-60, -15], [-16, 15], [-67, -22], [-24, 7], [-51, -14], [-24, 14], [-79, -14], [-8, 7], [-71, -7], [-36, -8], [-43, 8], [-4, 21], [-95, 8], [-60, -22], [-122, 7], [-76, -14], [-39, 7], [-44, 29], [0, 29], [-103, 51], [-43, 22], [-63, 72], [31, 37], [147, 58], [75, 15], [91, 14], [51, 15], [20, 0], [48, 7], [27, 7], [8, 0], [16, 0], [24, 7], [12, -29], [-68, -7], [12, -7], [56, -15], [16, 8], [-8, 43], [-20, 7], [-20, 0], [-24, -7], [-4, 0], [-11, 0], [-12, 0], [0, 7], [23, 8], [36, 7], [107, 29], [67, -7], [79, 7], [8, 15], [-63, 7], [-59, 14], [51, 22], [51, 8], [92, 7], [-48, 36], [-20, -7], [-103, -22], [-67, 0], [-119, -22], [-35, -22], [-64, 0], [-51, -14], [-52, -15], [0, 44], [-27, 15], [-44, -8], [48, -22], [-12, -29], [-56, 8], [-31, -8], [-99, 0], [-24, 8], [-20, 43], [56, 37], [75, 0], [51, 21], [-59, 22], [-32, 29], [-39, -14], [-24, -29], [-52, 0], [0, 14], [-31, 22], [-99, 0], [-20, -36], [-47, 36], [-16, 51], [4, 51], [15, 36], [56, 51], [39, 15], [20, 36], [40, 36], [24, 0], [103, 37], [-4, 36], [-28, 22], [-32, -7], [-47, 7], [-24, 22], [0, 29], [16, 29], [95, 65], [43, 29], [32, 0], [103, 59], [39, 43], [28, 22], [52, 7], [103, 29], [71, 37], [31, 0], [52, 29], [67, 7], [83, 29], [91, 22], [48, 22], [103, 29], [67, 29], [59, 0]], [[3566, 7250], [24, -15], [-67, -7], [-12, 29], [55, -7]], [[4342, 7759], [115, -22], [12, -15], [47, -29], [139, -58], [118, -29], [99, -15], [16, -58], [44, 44], [99, 0], [12, -7], [11, -44], [-35, -58], [59, 0], [52, 58], [-32, 29], [32, 15], [182, 43], [71, -7], [150, -29], [48, -15], [166, -94], [91, -66], [166, -109], [44, -7], [16, -29], [71, -44], [4, -29], [-36, -14], [-110, -58], [-194, -44], [-52, -22], [-24, -22], [-71, -29], [-67, -22], [-4, -14], [-67, -7], [-8, -8], [-72, -29], [-83, -51], [-67, -14], [-59, -29], [-20, -22], [-60, -7], [-43, -22], [-83, -44], [4, -36], [-24, -22], [-32, -80], [-27, -22], [-60, -22], [-39, -29], [-99, 7], [-20, -7], [20, -29], [-12, -44], [-24, -21], [-51, -44], [-8, -14], [16, -22], [-16, -88], [19, -21], [-27, -66], [-48, -43], [-43, -15], [-155, -44], [-59, 22], [-20, 29], [-67, 15], [4, -29], [-79, -88], [-111, -36], [-52, -29], [-43, -44], [-87, 0], [-40, 15], [-59, 58], [-32, 102], [-24, 44], [-51, 21], [-12, 29], [-36, 44], [-63, 36], [-43, 15], [-76, 15], [-162, 72], [16, 29], [-56, 0], [-146, -14], [-8, 14], [36, 37], [-4, 29], [-20, 7], [28, 29], [4, 44], [47, 7], [4, 44], [28, 14], [24, 51], [-4, 7], [91, 44], [-12, 44], [31, 21], [-15, 15], [15, 22], [-27, 43], [-20, 8], [107, 22], [43, 7], [40, 14], [-12, 29], [-71, 15], [-36, 36], [28, 44], [67, 44], [12, 51], [16, 14], [36, 58], [67, 22], [16, 36], [-8, 37], [63, 29], [-4, 14], [28, 15], [-44, 44], [-79, 14], [4, 29], [-55, 44], [-4, 29], [-28, 22], [20, 14], [-36, 44], [8, 14], [-32, 44], [0, 22], [186, 22], [139, 7], [71, 15], [115, 7], [95, 0], [103, 14], [75, 22], [119, 15]], [[7726, 8493], [0, -36], [-59, 14], [59, 22]], [[4508, 8493], [28, -14], [-48, -80], [-19, -15], [-64, 7], [12, 22], [63, 15], [4, 65], [24, 0]], [[5454, 8595], [56, -15], [0, -29], [-56, -65], [-47, -29], [-28, -73], [-63, -36], [-64, -58], [-47, -15], [-60, -7], [-95, 36], [-35, -7], [-67, 22], [27, 29], [115, 65], [8, 15], [91, 58], [71, 29], [52, 0], [12, 22], [51, 14], [40, 37], [39, 7]], [[7722, 8799], [0, -146], [-63, 15], [-83, 29], [4, 14], [-16, 44], [79, 7], [79, 37]], [[6266, 8799], [202, -15], [31, -36], [-20, -58], [44, -15], [-20, -29], [103, -15], [119, 37], [43, -8], [44, 15], [44, -15], [0, -14], [79, -15], [47, -14], [-31, -15], [0, -22], [27, -29], [83, -14], [103, -37], [8, -29], [-71, -7], [-52, -14], [68, -30], [27, 15], [107, 7], [8, -43], [36, -22], [-24, -22], [-4, -29], [24, -36], [40, -15], [63, 0], [79, 22], [75, 0], [20, -15], [111, 0], [47, -7], [0, -349], [-43, -7], [-12, -22], [-75, 14], [-20, 0], [-28, -29], [-43, -21], [8, -22], [-167, -58], [-71, -15], [-87, -36], [-71, -15], [-20, -7], [-111, -22], [-87, -7], [-83, -8], [-135, 15], [-79, 15], [-83, 36], [-75, 36], [-52, 44], [-4, 14], [103, 51], [99, 22], [143, 7], [12, 30], [47, 29], [60, 14], [110, 7], [107, 8], [119, -8], [44, 15], [15, 29], [56, 0], [8, 29], [71, 29], [4, 22], [-55, 15], [-32, -29], [-52, -22], [-103, 0], [-15, -15], [-56, 7], [-16, -7], [-75, 0], [-63, 37], [12, 29], [-32, 7], [-16, -29], [16, -29], [-24, -22], [-75, -15], [-95, -7], [-55, 0], [-44, -14], [-59, 0], [-16, 21], [12, 51], [35, 73], [64, 22], [-20, 14], [-67, -7], [-48, 51], [-12, -36], [12, -29], [-24, -51], [-43, -15], [-28, 29], [-59, 15], [-12, -15], [55, -7], [36, -58], [-48, -51], [-166, -51], [-43, 14], [-8, 44], [8, 36], [-60, -29], [-71, 29], [32, -65], [-48, -29], [-162, 51], [-16, 22], [20, 36], [-4, 22], [-99, -22], [-24, -29], [-194, 29], [-51, 15], [-44, 29], [28, 51], [71, 58], [52, 14], [130, 0], [190, 0], [24, 7], [91, 44], [99, 22], [55, 36], [-91, -22], [-71, 0], [-59, -21], [-159, -22], [-229, 7], [16, 44], [71, 65], [28, 7], [217, 8], [48, 7], [146, 7], [79, 15], [40, -7], [32, 29], [-99, -15], [-159, 7], [-79, -14], [-111, 0], [-87, 14], [12, 44], [44, 0], [12, 29], [-56, 7], [24, 44], [55, 22], [99, 22], [95, -15], [83, 7], [95, -14], [28, 14], [-39, 15], [-182, 14], [-32, 30], [8, 29], [103, 43], [154, 22], [36, 15]], [[6511, 9002], [79, 0], [83, -36], [4, -22], [-43, -36], [-87, 7], [-60, -7], [-87, 7], [-118, 15], [0, 36], [43, 22], [135, 14], [51, 0]], [[6578, 9140], [48, -14], [-67, -7], [-16, 21], [35, 0]], [[5822, 9359], [24, -22], [83, -15], [36, -22], [123, -51], [15, -21], [-27, -22], [-79, -15], [-24, -14], [-99, -29], [-32, -22], [24, -44], [142, -43], [0, -22], [-51, -15], [-87, 29], [-36, 0], [20, -36], [87, -29], [24, -73], [-28, 0], [-16, -36], [-126, -29], [-80, 7], [-11, -22], [-68, 0], [20, -29], [8, -73], [-36, -21], [-67, -22], [-87, 14], [-123, 66], [12, 51], [20, 14], [-16, 37], [12, 43], [40, 15], [15, 36], [-47, 15], [-12, -22], [-107, 0], [-43, -51], [39, -15], [4, -51], [-55, -7], [-99, 7], [-32, -36], [83, -14], [36, -66], [-32, -22], [-51, -7], [-32, -15], [24, -43], [-79, -37], [-48, 15], [-20, 44], [-51, 58], [-48, -22], [40, -44], [-71, -43], [91, -37], [8, -21], [-64, -22], [-8, -37], [-59, -21], [-43, 0], [-92, -22], [-27, 7], [8, 95], [-64, 0], [-15, 14], [-4, 51], [23, 15], [-51, 14], [-60, -14], [0, -51], [24, -15], [-83, -29], [-16, -36], [-51, 36], [-8, 15], [-67, 7], [-36, 14], [-59, -7], [-16, -22], [-75, -36], [-64, 7], [-27, 22], [3, 15], [48, 29], [8, 36], [-32, 29], [-43, -14], [-32, -22], [-40, 7], [20, 29], [71, 36], [16, 51], [44, 22], [138, 37], [56, -15], [79, 7], [36, 29], [-4, 37], [63, 36], [0, 29], [71, 0], [48, 29], [55, 0], [71, 44], [-15, 36], [51, 8], [36, 43], [43, 15], [48, 43], [47, 15], [75, 36], [44, 66], [83, 0], [67, 29], [115, 0], [36, -8], [75, 15], [51, -7], [40, -22], [87, -15], [67, 0], [-27, 29], [67, -7], [28, -14], [43, 29], [-91, 36], [40, 22], [39, 29], [99, 15]], [[6416, 9635], [4, -29], [28, -22], [51, -15], [20, -21], [79, -15], [12, -29], [36, -7], [-56, -37], [-47, -14], [-111, -7], [-67, 21], [-8, 22], [-60, 22], [-83, 44], [87, 51], [115, 36]], [[7584, 9657], [142, -8], [0, -87], [-103, -22], [-63, 0], [-146, -21], [8, -15], [63, -36], [107, 14], [71, -14], [-20, -44], [16, -65], [-36, -22], [-91, -37], [-87, -7], [-31, -14], [-123, 7], [-52, -22], [-114, -22], [-76, -7], [-91, 22], [-35, 51], [-36, -8], [-55, 8], [-12, 29], [-63, 0], [7, 43], [-19, 66], [-28, 29], [4, 36], [24, 37], [51, -8], [151, 51], [75, 0], [59, 15], [91, 0], [67, 22], [139, 14], [71, -14], [16, 21], [119, 8]], [[7564, 9999], [16, -22], [138, -29], [8, -15], [0, -182], [-19, 15], [-72, -7], [-63, -22], [-87, 14], [-52, 15], [-27, 22], [-56, 7], [-43, 0], [16, -29], [-60, 0], [-8, -29], [-95, 0], [-23, 36], [-76, 15], [-146, -15], [-75, -29], [-87, -7], [-40, 36], [28, 7], [4, 29], [265, 73], [67, 7], [103, 0], [87, 22], [67, 51], [103, 15], [24, 14], [103, 8]]], "transform": {"translate": [-9999, 4396], "scale": [0.2526252625262526, 0.13751375137513752]}, "objects": {"features": {"type": "GeometryCollection", "geometries": [{"type": "MultiPolygon", "properties": {"feduid": "61001", "name": "Western Arctic", "prname": "Northwest Territories / Territoires du Nord-Ouest", "fedfname": "Western Arctic", "pruid": "61", "fedename": "Western Arctic", "id": "CA.NT.61001", "fedname": "Western Arctic"}, "arcs": [[[0]], [[1]], [[2]], [[3]], [[4]], [[5]], [[6]], [[7]], [[8]], [[9]], [[10]], [[11]], [[12]], [[13]], [[14]], [[15]], [[16]], [[17]], [[18]], [[19]], [[20]], [[21]], [[22]], [[23]]]}]}}, "bbox": [-9999, 4396, -7473, 5771], "type": "Topology"}