{"crs": {"type": "name", "properties": {"name": "urn:ogc:def:crs:EPSG:32630"}}, "type": "FeatureCollection", "features": [{"geometry": {"type": "Polygon", "coordinates": [[[5760, 7782], [5783, 7686], [5890, 7609], [5835, 7550], [5830, 7498], [5793, 7517], [5790, 7471], [5716, 7495], [5703, 7478], [5719, 7415], [5656, 7398], [5691, 7323], [5603, 7357], [5592, 7286], [5403, 7293], [5281, 7255], [5281, 7301], [5206, 7316], [5241, 7383], [5280, 7353], [5322, 7438], [5308, 7513], [5335, 7555], [5302, 7738], [5411, 7791], [5427, 7839], [5519, 7912], [5676, 7858], [5717, 7796], [5760, 7782]]]}, "type": "Feature", "properties": {"labelrank": 8, "code_hasc": "BF.KP", "name": "Kompienga", "admin": "Burkina Faso", "type_en": "Province", "region": "Est", "woe_id": 55967354, "longitude": 0, "woe_name": "Kompienga", "fips": "UV22", "woe_label": "", "latitude": 11, "iso_a2": "BF", "postal": "KP", "type": "Province", "id": "BF.KP"}}, {"geometry": {"type": "Polygon", "coordinates": [[[5760, 7782], [5717, 7796], [5676, 7858], [5519, 7912], [5427, 7839], [5411, 7791], [5302, 7738], [5235, 7740], [5068, 7812], [4988, 7794], [4964, 7856], [4882, 7907], [4899, 7991], [4973, 8025], [4897, 8112], [4957, 8177], [5116, 8209], [5178, 8257], [5262, 8304], [5338, 8256], [5393, 8175], [5489, 8277], [5523, 8359], [5608, 8413], [5668, 8404], [5702, 8467], [5775, 8484], [5778, 8414], [5733, 8283], [5736, 8122], [5822, 8043], [5801, 7867], [5760, 7782]]]}, "type": "Feature", "properties": {"labelrank": 8, "code_hasc": "BF.GM", "name": "Gourma", "admin": "Burkina Faso", "type_en": "Province", "region": "Est", "woe_id": 2347617, "longitude": 0, "woe_name": "Gourma", "fips": "UV22", "woe_label": "Gourma, BF, Burkina Faso", "latitude": 12, "iso_a2": "BF", "postal": "GM", "type": "Province", "id": "BF.GM"}}, {"geometry": {"type": "Polygon", "coordinates": [[[2356, 7905], [2377, 7851], [2349, 7710], [2414, 7539], [2441, 7525], [2423, 7396], [2472, 7385], [2576, 7273], [2612, 7268], [2521, 7172], [2482, 7168], [2398, 7081], [2282, 7140], [2159, 7089], [2077, 7126], [2024, 7201], [1894, 7141], [1821, 7204], [1845, 7285], [1919, 7337], [1826, 7443], [1848, 7530], [1911, 7586], [1948, 7565], [1985, 7634], [1957, 7743], [1905, 7756], [1934, 7793], [1928, 7941], [1866, 7977], [1918, 7999], [2040, 7993], [2037, 7953], [2062, 7941], [2023, 7793], [2037, 7765], [2142, 7780], [2206, 7901], [2356, 7905]]]}, "type": "Feature", "properties": {"labelrank": 8, "code_hasc": "BF.HO", "name": "Houet", "admin": "Burkina Faso", "type_en": "Province", "region": "Hauts-Bassins", "woe_id": 2347618, "longitude": -4, "woe_name": "Houet", "fips": "UV51", "woe_label": "Houet, BF, Burkina Faso", "latitude": 11, "iso_a2": "BF", "postal": "HO", "type": "Province", "id": "BF.HO"}}, {"geometry": {"type": "Polygon", "coordinates": [[[1821, 7204], [1709, 7216], [1645, 7179], [1563, 7165], [1439, 7309], [1356, 7325], [1366, 7347], [1469, 7373], [1516, 7459], [1516, 7550], [1546, 7571], [1536, 7673], [1488, 7701], [1502, 7795], [1421, 7842], [1511, 7847], [1633, 7940], [1817, 7950], [1866, 7977], [1928, 7941], [1934, 7793], [1905, 7756], [1957, 7743], [1985, 7634], [1948, 7565], [1911, 7586], [1848, 7530], [1826, 7443], [1919, 7337], [1845, 7285], [1821, 7204]]]}, "type": "Feature", "properties": {"labelrank": 8, "code_hasc": "BF.KN", "name": "Kénédougou", "admin": "Burkina Faso", "type_en": "Province", "region": "Hauts-Bassins", "woe_id": 2347620, "longitude": -5, "woe_name": "Kénédougou", "fips": "UV54", "woe_label": "Kenedougou, BF, Burkina Faso", "latitude": 11, "iso_a2": "BF", "postal": "KN", "type": "Province", "id": "BF.KN"}}, {"geometry": {"type": "Polygon", "coordinates": [[[2186, 8434], [2244, 8400], [2230, 8312], [2287, 8204], [2339, 8216], [2403, 8308], [2543, 8303], [2629, 8268], [2620, 8215], [2576, 8232], [2543, 8215], [2498, 8133], [2466, 8122], [2460, 8048], [2356, 7905], [2206, 7901], [2142, 7780], [2037, 7765], [2023, 7793], [2062, 7941], [2037, 7953], [2040, 7993], [1918, 7999], [1979, 8051], [1962, 8082], [2026, 8164], [2080, 8155], [2051, 8240], [2093, 8305], [2031, 8380], [2030, 8425], [2186, 8434]]]}, "type": "Feature", "properties": {"labelrank": 8, "code_hasc": "BF.BW", "name": "Banwa", "admin": "Burkina Faso", "type_en": "Province", "region": "Boucle du Mouhoun", "woe_id": 55967360, "longitude": -4, "woe_name": "Banwa", "fips": "UV58", "woe_label": "", "latitude": 12, "iso_a2": "BF", "postal": "BW", "type": "Province", "id": "BF.BW"}}, {"geometry": {"type": "Polygon", "coordinates": [[[2688, 8723], [2696, 8507], [2719, 8470], [2717, 8446], [2644, 8415], [2662, 8396], [2629, 8268], [2543, 8303], [2403, 8308], [2339, 8216], [2287, 8204], [2230, 8312], [2244, 8400], [2186, 8434], [2202, 8561], [2118, 8692], [2134, 8725], [2194, 8730], [2182, 8765], [2362, 8918], [2360, 8943], [2401, 8911], [2366, 8869], [2478, 8842], [2608, 8744], [2688, 8723]]]}, "type": "Feature", "properties": {"labelrank": 8, "code_hasc": "BF.KS", "name": "Kossi", "admin": "Burkina Faso", "type_en": "Province", "region": "Boucle du Mouhoun", "woe_id": 2347622, "longitude": -3, "woe_name": "Kossi", "fips": "UV58", "woe_label": "Kossi, BF, Burkina Faso", "latitude": 12, "iso_a2": "BF", "postal": "KS", "type": "Province", "id": "BF.KS"}}, {"geometry": {"type": "Polygon", "coordinates": [[[3049, 7984], [3084, 7954], [3075, 7902], [3106, 7870], [3052, 7803], [3144, 7785], [3205, 7690], [3214, 7628], [3307, 7544], [3242, 7500], [3164, 7501], [3124, 7441], [3076, 7452], [3088, 7477], [3095, 7639], [2963, 7666], [2815, 7591], [2794, 7648], [2722, 7684], [2737, 7736], [2613, 7788], [2608, 7856], [2673, 7899], [2676, 7934], [2763, 7941], [2818, 7874], [2868, 7887], [2908, 7866], [2935, 7876], [2928, 7908], [2878, 7928], [2848, 8003], [2957, 8007], [3005, 7968], [3049, 7984]]]}, "type": "Feature", "properties": {"labelrank": 8, "code_hasc": "BF.BA", "name": "Balé", "admin": "Burkina Faso", "type_en": "Province", "region": "Boucle du Mouhoun", "woe_id": 55967358, "longitude": -3, "woe_name": "Balé", "fips": "UV63", "woe_label": "BalÃ©, BF, Burkina Faso", "latitude": 11, "iso_a2": "BF", "postal": "BA", "type": "Province", "id": "BF.BA"}}, {"geometry": {"type": "Polygon", "coordinates": [[[3100, 8192], [3069, 8133], [3131, 8021], [3121, 7991], [3064, 8017], [3049, 7984], [3005, 7968], [2957, 8007], [2848, 8003], [2878, 7928], [2928, 7908], [2935, 7876], [2908, 7866], [2868, 7887], [2818, 7874], [2763, 7941], [2676, 7934], [2673, 7899], [2608, 7856], [2613, 7788], [2491, 7766], [2377, 7851], [2356, 7905], [2460, 8048], [2466, 8122], [2498, 8133], [2543, 8215], [2576, 8232], [2620, 8215], [2629, 8268], [2662, 8396], [2644, 8415], [2717, 8446], [2759, 8369], [2828, 8403], [2834, 8300], [2892, 8286], [2941, 8221], [3024, 8179], [3070, 8209], [3100, 8192]]]}, "type": "Feature", "properties": {"labelrank": 8, "code_hasc": "BF.MO", "name": "Mou Houn", "admin": "Burkina Faso", "type_en": "Province", "region": "Boucle du Mouhoun", "woe_id": 2347624, "longitude": -3, "woe_name": "Mou Houn", "fips": "UV63", "woe_label": "Mouhoun, BF, Burkina Faso", "latitude": 12, "iso_a2": "BF", "postal": "MO", "type": "Province", "id": "BF.MO"}}, {"geometry": {"type": "Polygon", "coordinates": [[[5065, 9577], [4936, 9409], [4776, 9413], [4570, 9377], [4540, 9398], [4524, 9497], [4427, 9605], [4362, 9725], [4258, 9822], [4443, 9990], [4627, 9999], [4655, 9948], [4736, 9984], [4821, 9981], [5071, 9893], [5050, 9832], [5074, 9773], [5032, 9650], [5065, 9577]]]}, "type": "Feature", "properties": {"labelrank": 8, "code_hasc": "BF.OD", "name": "Oudalan", "admin": "Burkina Faso", "type_en": "Province", "region": "Sahel", "woe_id": 2347628, "longitude": 0, "woe_name": "Oudalan", "fips": "UV33", "woe_label": "Oudalan, BF, Burkina Faso", "latitude": 14, "iso_a2": "BF", "postal": "OD", "type": "Province", "id": "BF.OD"}}, {"geometry": {"type": "Polygon", "coordinates": [[[4570, 9377], [4568, 9288], [4522, 9262], [4387, 9182], [4076, 9105], [3985, 9139], [3945, 9212], [3840, 9161], [3808, 9097], [3727, 9208], [3731, 9272], [3588, 9381], [3627, 9407], [3644, 9587], [3837, 9605], [4060, 9752], [4258, 9822], [4362, 9725], [4427, 9605], [4524, 9497], [4540, 9398], [4570, 9377]]]}, "type": "Feature", "properties": {"labelrank": 8, "code_hasc": "BF.SM", "name": "Soum", "admin": "Burkina Faso", "type_en": "Province", "region": "Sahel", "woe_id": 2347635, "longitude": -1, "woe_name": "Soum", "fips": "UV40", "woe_label": "Soum, BF, Burkina Faso", "latitude": 14, "iso_a2": "BF", "postal": "SM", "type": "Province", "id": "BF.SM"}}, {"geometry": {"type": "Polygon", "coordinates": [[[3197, 8563], [3184, 8484], [3232, 8437], [3160, 8361], [3178, 8288], [3100, 8192], [3070, 8209], [3024, 8179], [2941, 8221], [2892, 8286], [2834, 8300], [2828, 8403], [2759, 8369], [2717, 8446], [2719, 8470], [2802, 8587], [2872, 8611], [2901, 8576], [3015, 8581], [3088, 8543], [3197, 8563]]]}, "type": "Feature", "properties": {"labelrank": 8, "code_hasc": "BF.NY", "name": "Nayala", "admin": "Burkina Faso", "type_en": "Province", "region": "Boucle du Mouhoun", "woe_id": 55967361, "longitude": -3, "woe_name": "Nayala", "fips": "UV73", "woe_label": "", "latitude": 12, "iso_a2": "BF", "postal": "NY", "type": "Province", "id": "BF.NY"}}, {"geometry": {"type": "Polygon", "coordinates": [[[3041, 9034], [3087, 8981], [3229, 8915], [3262, 8806], [3358, 8779], [3289, 8672], [3202, 8668], [3200, 8592], [3197, 8563], [3088, 8543], [3015, 8581], [2901, 8576], [2872, 8611], [2802, 8587], [2719, 8470], [2696, 8507], [2688, 8723], [2711, 8734], [2705, 8788], [2835, 8805], [2823, 9087], [2915, 9060], [2952, 9013], [3041, 9034]]]}, "type": "Feature", "properties": {"labelrank": 8, "code_hasc": "BF.SR", "name": "Sourou", "admin": "Burkina Faso", "type_en": "Province", "region": "Boucle du Mouhoun", "woe_id": 2347636, "longitude": -2, "woe_name": "Sourou", "fips": "UV73", "woe_label": "Sourou, BF, Burkina Faso", "latitude": 13, "iso_a2": "BF", "postal": "SR", "type": "Province", "id": "BF.SR"}}, {"geometry": {"type": "Polygon", "coordinates": [[[4076, 9105], [4105, 9046], [4061, 8895], [4114, 8805], [4101, 8705], [3978, 8687], [3956, 8666], [3969, 8610], [3877, 8633], [3813, 8694], [3827, 8747], [3749, 8839], [3723, 8972], [3730, 9014], [3818, 9065], [3808, 9097], [3840, 9161], [3945, 9212], [3985, 9139], [4076, 9105]]]}, "type": "Feature", "properties": {"labelrank": 8, "code_hasc": "BF.BM", "name": "Bam", "admin": "Burkina Faso", "type_en": "Province", "region": "Centre-Nord", "woe_id": 2347610, "longitude": -1, "woe_name": "Bam", "fips": "UV15", "woe_label": "Bam, BF, Burkina Faso", "latitude": 13, "iso_a2": "BF", "postal": "BM", "type": "Province", "id": "BF.BM"}}, {"geometry": {"type": "Polygon", "coordinates": [[[3685, 8399], [3697, 8362], [3773, 8321], [3784, 8264], [3731, 8239], [3657, 8256], [3597, 8147], [3630, 8127], [3764, 8177], [3782, 8109], [3733, 8046], [3675, 8018], [3621, 7938], [3492, 7889], [3483, 7884], [3492, 7926], [3423, 7909], [3334, 7975], [3367, 8021], [3338, 8052], [3390, 8098], [3371, 8232], [3478, 8303], [3502, 8355], [3464, 8341], [3445, 8379], [3609, 8419], [3685, 8399]]]}, "type": "Feature", "properties": {"labelrank": 8, "code_hasc": "BF.BK", "name": "Boulkiemdé", "admin": "Burkina Faso", "type_en": "Province", "region": "Centre-Ouest", "woe_id": 2347614, "longitude": -2, "woe_name": "Boulkiemdé", "fips": "UV19", "woe_label": "Boulkiemde, BF, Burkina Faso", "latitude": 12, "iso_a2": "BF", "postal": "BK", "type": "Province", "id": "BF.BK"}}, {"geometry": {"type": "Polygon", "coordinates": [[[3910, 8397], [3894, 8344], [3829, 8324], [3855, 8214], [3764, 8177], [3630, 8127], [3597, 8147], [3657, 8256], [3731, 8239], [3784, 8264], [3773, 8321], [3697, 8362], [3685, 8399], [3685, 8478], [3737, 8527], [3821, 8548], [3864, 8524], [3875, 8440], [3910, 8397]]]}, "type": "Feature", "properties": {"labelrank": 8, "code_hasc": "BF.KW", "name": "Kourwéogo", "admin": "Burkina Faso", "type_en": "Province", "region": "Plateau-Central", "woe_id": 55967365, "longitude": -1, "woe_name": "Kourwéogo", "fips": "UV53", "woe_label": "KourwÃ©ogo, BF, Burkina Faso", "latitude": 12, "iso_a2": "BF", "postal": "KW", "type": "Province", "id": "BF.KW"}}, {"geometry": {"type": "Polygon", "coordinates": [[[4259, 8075], [4375, 7878], [4220, 7893], [4154, 7841], [4076, 7676], [3887, 7800], [3786, 7902], [3669, 7887], [3621, 7938], [3675, 8018], [3733, 8046], [3834, 7989], [3964, 8079], [4011, 8072], [4032, 8024], [4259, 8075]]]}, "type": "Feature", "properties": {"labelrank": 8, "code_hasc": "BF.BZ", "name": "Bazéga", "admin": "Burkina Faso", "type_en": "Province", "region": "Centre-Sud", "woe_id": 2347611, "longitude": -1, "woe_name": "Bazéga", "fips": "UV47", "woe_label": "Bazega, BF, Burkina Faso", "latitude": 11, "iso_a2": "BF", "postal": "BZ", "type": "Province", "id": "BF.BZ"}}, {"geometry": {"type": "Polygon", "coordinates": [[[4236, 8125], [4259, 8075], [4032, 8024], [4011, 8072], [3964, 8079], [3834, 7989], [3733, 8046], [3782, 8109], [3764, 8177], [3855, 8214], [3829, 8324], [3894, 8344], [3910, 8397], [3935, 8364], [3930, 8309], [3983, 8326], [4003, 8304], [3991, 8256], [4122, 8275], [4123, 8174], [4236, 8125]]]}, "type": "Feature", "properties": {"labelrank": 8, "code_hasc": "BF.KA", "name": "Kadiogo", "admin": "Burkina Faso", "type_en": "Province", "region": "Centre", "woe_id": 2347619, "longitude": -1, "woe_name": "Kadiogo", "fips": "UV53", "woe_label": "Kadiogo, BF, Burkina Faso", "latitude": 12, "iso_a2": "BF", "postal": "KA", "type": "Province", "id": "BF.KA"}}, {"geometry": {"type": "Polygon", "coordinates": [[[3937, 8550], [4155, 8468], [4210, 8408], [4204, 8372], [4224, 8399], [4278, 8395], [4402, 8302], [4378, 8266], [4312, 8301], [4246, 8274], [4236, 8125], [4123, 8174], [4122, 8275], [3991, 8256], [4003, 8304], [3983, 8326], [3930, 8309], [3935, 8364], [3910, 8397], [3875, 8440], [3864, 8524], [3821, 8548], [3864, 8566], [3937, 8550]]]}, "type": "Feature", "properties": {"labelrank": 8, "code_hasc": "BF.OB", "name": "Oubritenga", "admin": "Burkina Faso", "type_en": "Province", "region": "Plateau-Central", "woe_id": 2347627, "longitude": -1, "woe_name": "Oubritenga", "fips": "UV68", "woe_label": "Oubritenga, BF, Burkina Faso", "latitude": 12, "iso_a2": "BF", "postal": "OB", "type": "Province", "id": "BF.OB"}}, {"geometry": {"type": "Polygon", "coordinates": [[[3813, 8694], [3877, 8633], [3969, 8610], [3937, 8550], [3864, 8566], [3821, 8548], [3737, 8527], [3685, 8478], [3685, 8399], [3609, 8419], [3445, 8379], [3353, 8359], [3379, 8411], [3317, 8416], [3314, 8488], [3232, 8437], [3184, 8484], [3197, 8563], [3200, 8592], [3356, 8592], [3492, 8673], [3562, 8655], [3634, 8632], [3696, 8657], [3730, 8707], [3756, 8678], [3813, 8694]]]}, "type": "Feature", "properties": {"labelrank": 8, "code_hasc": "BF.PA", "name": "Passoré", "admin": "Burkina Faso", "type_en": "Province", "region": "Nord", "woe_id": 2347629, "longitude": -2, "woe_name": "Passoré", "fips": "UV34", "woe_label": "Passore, BF, Burkina Faso", "latitude": 12, "iso_a2": "BF", "postal": "PA", "type": "Province", "id": "BF.PA"}}, {"geometry": {"type": "Polygon", "coordinates": [[[3562, 8655], [3492, 8673], [3356, 8592], [3200, 8592], [3202, 8668], [3289, 8672], [3358, 8779], [3262, 8806], [3385, 8869], [3492, 8833], [3587, 8835], [3602, 8787], [3551, 8686], [3562, 8655]]]}, "type": "Feature", "properties": {"labelrank": 8, "code_hasc": "BF.ZM", "name": "Zondoma", "admin": "Burkina Faso", "type_en": "Province", "region": "Nord", "woe_id": 55967363, "longitude": -2, "woe_name": "Zondoma", "fips": "UV34", "woe_label": "", "latitude": 13, "iso_a2": "BF", "postal": "ZM", "type": "Province", "id": "BF.ZM"}}, {"geometry": {"type": "Polygon", "coordinates": [[[3445, 8379], [3464, 8341], [3502, 8355], [3478, 8303], [3371, 8232], [3390, 8098], [3338, 8052], [3367, 8021], [3334, 7975], [3423, 7909], [3492, 7926], [3483, 7884], [3315, 7823], [3262, 7692], [3205, 7690], [3144, 7785], [3052, 7803], [3106, 7870], [3075, 7902], [3084, 7954], [3049, 7984], [3064, 8017], [3121, 7991], [3131, 8021], [3069, 8133], [3100, 8192], [3178, 8288], [3160, 8361], [3232, 8437], [3314, 8488], [3317, 8416], [3379, 8411], [3353, 8359], [3445, 8379]]]}, "type": "Feature", "properties": {"labelrank": 8, "code_hasc": "BF.SG", "name": "Sanguié", "admin": "Burkina Faso", "type_en": "Province", "region": "Centre-Ouest", "woe_id": 2347631, "longitude": -2, "woe_name": "Sanguié", "fips": "UV36", "woe_label": "Sanguie, BF, Burkina Faso", "latitude": 12, "iso_a2": "BF", "postal": "SG", "type": "Province", "id": "BF.SG"}}, {"geometry": {"type": "Polygon", "coordinates": [[[3919, 7502], [3887, 7382], [3998, 7340], [4035, 7298], [3174, 7277], [3234, 7359], [3183, 7408], [3134, 7378], [3124, 7441], [3164, 7501], [3242, 7500], [3307, 7544], [3214, 7628], [3205, 7690], [3262, 7692], [3315, 7823], [3483, 7884], [3492, 7889], [3503, 7768], [3427, 7764], [3430, 7648], [3525, 7621], [3636, 7482], [3666, 7481], [3703, 7525], [3760, 7480], [3848, 7531], [3919, 7502]]]}, "type": "Feature", "properties": {"labelrank": 8, "code_hasc": "BF.SS", "name": "Sissili", "admin": "Burkina Faso", "type_en": "Province", "region": "Centre-Ouest", "woe_id": 2347634, "longitude": -2, "woe_name": "Sissili", "fips": "UV72", "woe_label": "Sissili, BF, Burkina Faso", "latitude": 11, "iso_a2": "BF", "postal": "SS", "type": "Province", "id": "BF.SS"}}, {"geometry": {"type": "Polygon", "coordinates": [[[4076, 7676], [4098, 7644], [3919, 7502], [3848, 7531], [3760, 7480], [3703, 7525], [3666, 7481], [3636, 7482], [3525, 7621], [3430, 7648], [3427, 7764], [3503, 7768], [3492, 7889], [3621, 7938], [3669, 7887], [3786, 7902], [3887, 7800], [4076, 7676]]]}, "type": "Feature", "properties": {"labelrank": 8, "code_hasc": "BF.ZR", "name": "Ziro", "admin": "Burkina Faso", "type_en": "Province", "region": "Centre-Ouest", "woe_id": 55967356, "longitude": -1, "woe_name": "Ziro", "fips": "UV72", "woe_label": "", "latitude": 11, "iso_a2": "BF", "postal": "ZR", "type": "Province", "id": "BF.ZR"}}, {"geometry": {"type": "Polygon", "coordinates": [[[3588, 9381], [3731, 9272], [3727, 9208], [3808, 9097], [3818, 9065], [3730, 9014], [3723, 8972], [3569, 8962], [3515, 9185], [3468, 9255], [3393, 9303], [3275, 9268], [3205, 9368], [3344, 9461], [3588, 9381]]]}, "type": "Feature", "properties": {"labelrank": 8, "code_hasc": "BF.LO", "name": "Loroum", "admin": "Burkina Faso", "type_en": "Province", "region": "Nord", "woe_id": 55967362, "longitude": -2, "woe_name": "Loroum", "fips": "UV15", "woe_label": "", "latitude": 13, "iso_a2": "BF", "postal": "LO", "type": "Province", "id": "BF.LO"}}, {"geometry": {"type": "Polygon", "coordinates": [[[3723, 8972], [3749, 8839], [3827, 8747], [3813, 8694], [3756, 8678], [3730, 8707], [3696, 8657], [3634, 8632], [3562, 8655], [3551, 8686], [3602, 8787], [3587, 8835], [3492, 8833], [3385, 8869], [3262, 8806], [3229, 8915], [3087, 8981], [3041, 9034], [3064, 9043], [3043, 9141], [3082, 9274], [3205, 9368], [3275, 9268], [3393, 9303], [3468, 9255], [3515, 9185], [3569, 8962], [3723, 8972]]]}, "type": "Feature", "properties": {"labelrank": 8, "code_hasc": "BF.YT", "name": "Yatenga", "admin": "Burkina Faso", "type_en": "Province", "region": "Nord", "woe_id": 2347638, "longitude": -2, "woe_name": "Yatenga", "fips": "UV76", "woe_label": "Yatenga, BF, Burkina Faso", "latitude": 13, "iso_a2": "BF", "postal": "YT", "type": "Province", "id": "BF.YT"}}, {"geometry": {"type": "Polygon", "coordinates": [[[4795, 8951], [4752, 8896], [4761, 8831], [4708, 8614], [4749, 8524], [4818, 8481], [4814, 8330], [4697, 8268], [4550, 8291], [4548, 8350], [4511, 8404], [4418, 8605], [4503, 8609], [4522, 8787], [4454, 9043], [4504, 9104], [4513, 9205], [4545, 9230], [4637, 9162], [4702, 9052], [4799, 9030], [4795, 8951]]]}, "type": "Feature", "properties": {"labelrank": 8, "code_hasc": "BF.NM", "name": "Namentenga", "admin": "Burkina Faso", "type_en": "Province", "region": "Centre-Nord", "woe_id": 2347625, "longitude": 0, "woe_name": "Namentenga", "fips": "UV64", "woe_label": "Namentenga, BF, Burkina Faso", "latitude": 13, "iso_a2": "BF", "postal": "NM", "type": "Province", "id": "BF.NM"}}, {"geometry": {"type": "Polygon", "coordinates": [[[4545, 9230], [4513, 9205], [4504, 9104], [4454, 9043], [4522, 8787], [4503, 8609], [4418, 8605], [4511, 8404], [4470, 8402], [4464, 8348], [4402, 8302], [4278, 8395], [4224, 8399], [4204, 8372], [4210, 8408], [4155, 8468], [3937, 8550], [3969, 8610], [3956, 8666], [3978, 8687], [4101, 8705], [4114, 8805], [4061, 8895], [4105, 9046], [4076, 9105], [4387, 9182], [4522, 9262], [4545, 9230]]]}, "type": "Feature", "properties": {"labelrank": 8, "code_hasc": "BF.ST", "name": "Sanmatenga", "admin": "Burkina Faso", "type_en": "Province", "region": "Centre-Nord", "woe_id": 2347632, "longitude": -1, "woe_name": "Sanmatenga", "fips": "UV70", "woe_label": "Sanmatenga, BF, Burkina Faso", "latitude": 13, "iso_a2": "BF", "postal": "ST", "type": "Province", "id": "BF.ST"}}, {"geometry": {"type": "Polygon", "coordinates": [[[4650, 7948], [4674, 7861], [4773, 7822], [4882, 7907], [4964, 7856], [4988, 7794], [4909, 7752], [4861, 7671], [4878, 7642], [4850, 7526], [4962, 7510], [4884, 7378], [4762, 7402], [4751, 7361], [4718, 7337], [4681, 7361], [4661, 7313], [4574, 7281], [4545, 7231], [4500, 7288], [4504, 7344], [4451, 7422], [4477, 7473], [4561, 7535], [4600, 7536], [4609, 7590], [4548, 7638], [4469, 7637], [4389, 7679], [4352, 7735], [4433, 7847], [4501, 7860], [4564, 7938], [4650, 7948]]]}, "type": "Feature", "properties": {"labelrank": 8, "code_hasc": "BF.BL", "name": "Boulgou", "admin": "Burkina Faso", "type_en": "Province", "region": "Centre-Est", "woe_id": 2347613, "longitude": 0, "woe_name": "Boulgou", "fips": "UV49", "woe_label": "Boulgou, BF, Burkina Faso", "latitude": 11, "iso_a2": "BF", "postal": "BL", "type": "Province", "id": "BF.BL"}}, {"geometry": {"type": "Polygon", "coordinates": [[[5302, 7738], [5335, 7555], [5308, 7513], [5322, 7438], [5280, 7353], [5241, 7383], [5206, 7316], [4884, 7378], [4962, 7510], [4850, 7526], [4878, 7642], [4861, 7671], [4909, 7752], [4988, 7794], [5068, 7812], [5235, 7740], [5302, 7738]]]}, "type": "Feature", "properties": {"labelrank": 8, "code_hasc": "BF.KL", "name": "Koulpélogo", "admin": "Burkina Faso", "type_en": "Province", "region": "Centre-Est", "woe_id": 55967355, "longitude": 0, "woe_name": "Koulpélogo", "fips": "UV49", "woe_label": "", "latitude": 11, "iso_a2": "BF", "postal": "KL", "type": "Province", "id": "BF.KL"}}, {"geometry": {"type": "Polygon", "coordinates": [[[4511, 8404], [4548, 8350], [4550, 8291], [4606, 8232], [4641, 8093], [4677, 8058], [4678, 7987], [4650, 7948], [4564, 7938], [4501, 7860], [4433, 7847], [4375, 7878], [4259, 8075], [4236, 8125], [4246, 8274], [4312, 8301], [4378, 8266], [4402, 8302], [4464, 8348], [4470, 8402], [4511, 8404]]]}, "type": "Feature", "properties": {"labelrank": 8, "code_hasc": "BF.GZ", "name": "Ganzourgou", "admin": "Burkina Faso", "type_en": "Province", "region": "Plateau-Central", "woe_id": 2347615, "longitude": 0, "woe_name": "Ganzourgou", "fips": "UV50", "woe_label": "", "latitude": 12, "iso_a2": "BF", "postal": "GZ", "type": "Province", "id": "BF.GZ"}}, {"geometry": {"type": "Polygon", "coordinates": [[[4897, 8112], [4973, 8025], [4899, 7991], [4882, 7907], [4773, 7822], [4674, 7861], [4650, 7948], [4678, 7987], [4677, 8058], [4641, 8093], [4606, 8232], [4550, 8291], [4697, 8268], [4814, 8330], [4804, 8247], [4856, 8216], [4832, 8139], [4897, 8112]]]}, "type": "Feature", "properties": {"labelrank": 8, "code_hasc": "BF.KR", "name": "Kouritenga", "admin": "Burkina Faso", "type_en": "Province", "region": "Centre-Est", "woe_id": 2347623, "longitude": 0, "woe_name": "Kouritenga", "fips": "UV28", "woe_label": "", "latitude": 12, "iso_a2": "BF", "postal": "KR", "type": "Province", "id": "BF.KR"}}, {"geometry": {"type": "Polygon", "coordinates": [[[4451, 7422], [4504, 7344], [4500, 7288], [4418, 7295], [4371, 7269], [4350, 7293], [4035, 7298], [3998, 7340], [3887, 7382], [3919, 7502], [4098, 7644], [4261, 7517], [4314, 7510], [4384, 7420], [4423, 7402], [4451, 7422]]]}, "type": "Feature", "properties": {"labelrank": 8, "code_hasc": "BF.NR", "name": "Nahouri", "admin": "Burkina Faso", "type_en": "Province", "region": "Centre-Sud", "woe_id": 2347626, "longitude": -1, "woe_name": "Nahouri", "fips": "UV65", "woe_label": "Naouri, BF, Burkina Faso", "latitude": 11, "iso_a2": "BF", "postal": "NR", "type": "Province", "id": "BF.NR"}}, {"geometry": {"type": "Polygon", "coordinates": [[[4375, 7878], [4433, 7847], [4352, 7735], [4389, 7679], [4469, 7637], [4548, 7638], [4609, 7590], [4600, 7536], [4561, 7535], [4477, 7473], [4451, 7422], [4423, 7402], [4384, 7420], [4314, 7510], [4261, 7517], [4098, 7644], [4076, 7676], [4154, 7841], [4220, 7893], [4375, 7878]]]}, "type": "Feature", "properties": {"labelrank": 8, "code_hasc": "BF.ZW", "name": "Zoundwéogo", "admin": "Burkina Faso", "type_en": "Province", "region": "Centre-Sud", "woe_id": 2347639, "longitude": 0, "woe_name": "Zoundwéogo", "fips": "UV44", "woe_label": "Zoundweogo, BF, Burkina Faso", "latitude": 11, "iso_a2": "BF", "postal": "ZW", "type": "Province", "id": "BF.ZW"}}, {"geometry": {"type": "Polygon", "coordinates": [[[2961, 7114], [2788, 7016], [2736, 7053], [2541, 7051], [2476, 7093], [2545, 7119], [2521, 7172], [2612, 7268], [2608, 7311], [2667, 7369], [2798, 7400], [2918, 7405], [2871, 7143], [2938, 7146], [2961, 7114]]]}, "type": "Feature", "properties": {"labelrank": 8, "code_hasc": "BF.BB", "name": "Bougouriba", "admin": "Burkina Faso", "type_en": "Province", "region": "Sud-Ouest", "woe_id": 2347612, "longitude": -3, "woe_name": "Bougouriba", "fips": "UV48", "woe_label": "Bougouriba, BF, Burkina Faso", "latitude": 10, "iso_a2": "BF", "postal": "BB", "type": "Province", "id": "BF.BB"}}, {"geometry": {"type": "Polygon", "coordinates": [[[3088, 7477], [3076, 7452], [3124, 7441], [3134, 7378], [3183, 7408], [3234, 7359], [3174, 7277], [3102, 7285], [3113, 7224], [3048, 7095], [2961, 7114], [2938, 7146], [2871, 7143], [2918, 7405], [2798, 7400], [2819, 7462], [2893, 7518], [3088, 7477]]]}, "type": "Feature", "properties": {"labelrank": 8, "code_hasc": "BF.IO", "name": "Ioba", "admin": "Burkina Faso", "type_en": "Province", "region": "Sud-Ouest", "woe_id": 55967357, "longitude": -2, "woe_name": "Ioba", "fips": "UV48", "woe_label": "Ioba, BF, Burkina Faso", "latitude": 11, "iso_a2": "BF", "postal": "IO", "type": "Province", "id": "BF.IO"}}, {"geometry": {"type": "Polygon", "coordinates": [[[2613, 7788], [2737, 7736], [2722, 7684], [2794, 7648], [2815, 7591], [2963, 7666], [3095, 7639], [3088, 7477], [2893, 7518], [2819, 7462], [2798, 7400], [2667, 7369], [2608, 7311], [2612, 7268], [2576, 7273], [2472, 7385], [2423, 7396], [2441, 7525], [2414, 7539], [2349, 7710], [2377, 7851], [2491, 7766], [2613, 7788]]]}, "type": "Feature", "properties": {"labelrank": 8, "code_hasc": "BF.TU", "name": "Tuy", "admin": "Burkina Faso", "type_en": "Province", "region": "Hauts-Bassins", "woe_id": 55967366, "longitude": -3, "woe_name": "Tuy", "fips": "UV51", "woe_label": "Tuy, BF, Burkina Faso", "latitude": 11, "iso_a2": "BF", "postal": "TU", "type": "Province", "id": "BF.TU"}}, {"geometry": {"type": "Polygon", "coordinates": [[[1645, 7179], [1719, 7146], [1720, 7072], [1695, 7016], [1595, 6998], [1633, 6878], [1605, 6823], [1419, 6829], [1341, 6912], [1403, 7190], [1356, 7325], [1439, 7309], [1563, 7165], [1645, 7179]]]}, "type": "Feature", "properties": {"labelrank": 8, "code_hasc": "BF.LE", "name": "Léraba", "admin": "Burkina Faso", "type_en": "Province", "region": "Cascades", "woe_id": 55967359, "longitude": -5, "woe_name": "Léraba", "fips": "UV54", "woe_label": "LÃ©raba, BF, Burkina Faso", "latitude": 10, "iso_a2": "BF", "postal": "LE", "type": "Province", "id": "BF.LE"}}, {"geometry": {"type": "Polygon", "coordinates": [[[1821, 7204], [1894, 7141], [2024, 7201], [2077, 7126], [2159, 7089], [2282, 7140], [2398, 7081], [2482, 7168], [2521, 7172], [2545, 7119], [2476, 7093], [2541, 7051], [2538, 6934], [2486, 6857], [2500, 6770], [2460, 6706], [2361, 6690], [2348, 6659], [2410, 6554], [2342, 6506], [2240, 6505], [2161, 6456], [2131, 6371], [2098, 6376], [2094, 6349], [2070, 6392], [2009, 6397], [2004, 6457], [1976, 6425], [1942, 6445], [1891, 6416], [1853, 6463], [1815, 6464], [1814, 6522], [1704, 6562], [1707, 6654], [1637, 6701], [1657, 6717], [1623, 6746], [1628, 6779], [1606, 6766], [1605, 6823], [1633, 6878], [1595, 6998], [1695, 7016], [1720, 7072], [1719, 7146], [1645, 7179], [1709, 7216], [1821, 7204]]]}, "type": "Feature", "properties": {"labelrank": 8, "code_hasc": "BF.KM", "name": "Komoé", "admin": "Burkina Faso", "type_en": "Province", "region": "Cascades", "woe_id": 2347621, "longitude": -4, "woe_name": "Komoé", "fips": "UV55", "woe_label": "KomoÃ©, BF, Burkina Faso", "latitude": 10, "iso_a2": "BF", "postal": "KM", "type": "Province", "id": "BF.KM"}}, {"geometry": {"type": "Polygon", "coordinates": [[[3048, 7095], [3067, 6969], [3148, 6903], [3100, 6851], [3157, 6796], [3128, 6749], [3135, 6685], [3067, 6691], [3036, 6626], [2962, 6673], [2895, 6675], [2863, 6563], [2798, 6518], [2788, 6558], [2561, 6590], [2410, 6554], [2348, 6659], [2361, 6690], [2460, 6706], [2500, 6770], [2486, 6857], [2538, 6934], [2541, 7051], [2736, 7053], [2788, 7016], [2961, 7114], [3048, 7095]]]}, "type": "Feature", "properties": {"labelrank": 8, "code_hasc": "BF.PO", "name": "Poni", "admin": "Burkina Faso", "type_en": "Province", "region": "Sud-Ouest", "woe_id": 2347630, "longitude": -3, "woe_name": "Poni", "fips": "UV69", "woe_label": "Poni, BF, Burkina Faso", "latitude": 10, "iso_a2": "BF", "postal": "PO", "type": "Province", "id": "BF.PO"}}, {"geometry": {"type": "Polygon", "coordinates": [[[5320, 8597], [5256, 8536], [5129, 8559], [5109, 8499], [5144, 8449], [5178, 8257], [5116, 8209], [4957, 8177], [4897, 8112], [4832, 8139], [4856, 8216], [4804, 8247], [4814, 8330], [4818, 8481], [4749, 8524], [4708, 8614], [4761, 8831], [4752, 8896], [4795, 8951], [4830, 9001], [4904, 8982], [4981, 9007], [4987, 8955], [5111, 8789], [5226, 8738], [5327, 8629], [5320, 8597]]]}, "type": "Feature", "properties": {"labelrank": 8, "code_hasc": "BF.GG", "name": "Gnagna", "admin": "Burkina Faso", "type_en": "Province", "region": "Est", "woe_id": 2347616, "longitude": 0, "woe_name": "Gnagna", "fips": "UV21", "woe_label": "", "latitude": 12, "iso_a2": "BF", "postal": "GG", "type": "Province", "id": "BF.GG"}}, {"geometry": {"type": "Polygon", "coordinates": [[[5797, 8528], [5775, 8484], [5702, 8467], [5668, 8404], [5608, 8413], [5523, 8359], [5489, 8277], [5393, 8175], [5338, 8256], [5262, 8304], [5178, 8257], [5144, 8449], [5109, 8499], [5129, 8559], [5256, 8536], [5320, 8597], [5437, 8605], [5578, 8688], [5586, 8653], [5671, 8630], [5797, 8528]]]}, "type": "Feature", "properties": {"labelrank": 8, "code_hasc": "BF.KJ", "name": "Komondjari", "admin": "Burkina Faso", "type_en": "Province", "region": "Est", "woe_id": 55967353, "longitude": 0, "woe_name": "Komondjari", "fips": "UV21", "woe_label": "", "latitude": 12, "iso_a2": "BF", "postal": "KJ", "type": "Province", "id": "BF.KJ"}}, {"geometry": {"type": "Polygon", "coordinates": [[[5263, 9192], [4981, 9007], [4904, 8982], [4830, 9001], [4795, 8951], [4799, 9030], [4702, 9052], [4637, 9162], [4545, 9230], [4522, 9262], [4568, 9288], [4570, 9377], [4776, 9413], [4936, 9409], [5065, 9577], [5188, 9457], [5157, 9373], [5263, 9192]]]}, "type": "Feature", "properties": {"labelrank": 8, "code_hasc": "BF.SE", "name": "Séno", "admin": "Burkina Faso", "type_en": "Province", "region": "Sahel", "woe_id": 2347633, "longitude": 0, "woe_name": "Séno", "fips": "UV71", "woe_label": "Seno, BF, Burkina Faso", "latitude": 13, "iso_a2": "BF", "postal": "SE", "type": "Province", "id": "BF.SE"}}, {"geometry": {"type": "Polygon", "coordinates": [[[5578, 8688], [5437, 8605], [5320, 8597], [5327, 8629], [5226, 8738], [5111, 8789], [4987, 8955], [4981, 9007], [5263, 9192], [5329, 9138], [5326, 9085], [5436, 9082], [5445, 9051], [5523, 9039], [5586, 8991], [5602, 8941], [5768, 8864], [5715, 8876], [5698, 8840], [5582, 8876], [5578, 8688]]]}, "type": "Feature", "properties": {"labelrank": 8, "code_hasc": "BF.YG", "name": "Yagha", "admin": "Burkina Faso", "type_en": "Province", "region": "Sahel", "woe_id": 55967364, "longitude": 0, "woe_name": "Yagha", "fips": "UV71", "woe_label": "", "latitude": 13, "iso_a2": "BF", "postal": "YG", "type": "Province", "id": "BF.YG"}}, {"geometry": {"type": "Polygon", "coordinates": [[[5890, 7609], [5783, 7686], [5760, 7782], [5801, 7867], [5822, 8043], [5736, 8122], [5733, 8283], [5778, 8414], [5775, 8484], [5797, 8528], [5990, 8388], [6152, 8379], [6234, 8460], [6324, 8449], [6384, 8377], [6416, 8263], [6302, 8234], [6291, 8206], [6518, 7914], [6454, 7759], [6257, 7589], [6163, 7608], [6007, 7568], [5985, 7610], [5890, 7609]]]}, "type": "Feature", "properties": {"labelrank": 8, "code_hasc": "BF.TA", "name": "Tapoa", "admin": "Burkina Faso", "type_en": "Province", "region": "Est", "woe_id": 2347637, "longitude": 1, "woe_name": "Tapoa", "fips": "UV42", "woe_label": "Tapoa, BF, Burkina Faso", "latitude": 12, "iso_a2": "BF", "postal": "TA", "type": "Province", "id": "BF.TA"}}, {"geometry": {"type": "Polygon", "coordinates": [[[3135, 6685], [3171, 6506], [3131, 6438], [3167, 6392], [3150, 6343], [3200, 6285], [3151, 6221], [3055, 6321], [3003, 6430], [2945, 6438], [2906, 6511], [2865, 6521], [2863, 6563], [2895, 6675], [2962, 6673], [3036, 6626], [3067, 6691], [3135, 6685]]]}, "type": "Feature", "properties": {"labelrank": 8, "code_hasc": "BF.", "name": "Noumbiel", "admin": "Burkina Faso", "type_en": "Province", "region": "Sud-Ouest", "woe_id": 2347630, "longitude": -3, "woe_name": "Poni", "fips": "UV69", "woe_label": "Poni, BF, Burkina Faso", "latitude": 10, "iso_a2": "BF", "postal": "PO", "type": "Province", "id": "BF.7399"}}], "ac-tx": {"default": {"crs": "+proj=utm +zone=30 +datum=WGS84 +units=m +no_defs", "scale": 0.005991983019650578}}}