{"crs": {"type": "name", "properties": {"name": "urn:ogc:def:crs:EPSG:24373"}}, "ac-tx": {"default": {"crs": "+proj=lcc +lat_1=19 +lat_0=19 +lon_0=80 +k_0=0.99878641 +x_0=2743195.592233322 +y_0=914398.5307444407 +a=6377299.36559538 +b=6356098.359005156 +to_meter=0.9143985307444408 +no_defs", "scale": 0.0022390465629419775}}, "arcs": [[[3071, 8260], [-44, 29], [40, 9]], [[3067, 8298], [4, -38]], [[3225, 7486], [-46, -31], [-120, 50], [43, 94], [82, 14]], [[3184, 7613], [41, -127]], [[3595, 8916], [24, -107], [95, -97], [-26, -69], [48, -59], [-41, -43], [61, -68]], [[3756, 8473], [37, -61], [-226, 61], [-127, -45], [-77, -133], [35, -98], [-76, -48]], [[3322, 8149], [-126, 36], [-29, 87], [-114, 68]], [[3053, 8340], [-132, 191], [-67, -32], [-87, 230], [-98, 40], [13, 62], [100, 58], [-21, 37]], [[2761, 8926], [-6, 150], [240, 103], [262, -136], [123, 51], [93, -147], [119, 55], [-32, -99], [35, 13]], [[3322, 8149], [-181, -294], [43, -242]], [[3225, 7486], [56, -47], [9, -156], [-85, -51]], [[3205, 7232], [-132, -43], [-14, 198], [-97, -92], [-86, 82], [9, -53], [-59, -1], [15, -78], [-74, 10], [-14, 96], [47, 19], [-160, 169], [-64, 221], [-103, -4], [-82, 61], [-76, -21], [-23, 219]], [[2292, 8015], [193, -13], [49, -133], [70, 88], [198, -23], [62, 38], [-1, 97], [105, -22], [68, 119], [57, -18], [-22, 112]], [[3067, 8298], [-14, 42]], [[2761, 8926], [-116, -76], [-67, 14]], [[2578, 8864], [-198, 55], [3, 130], [-112, -21], [-10, 83], [-99, 70], [55, 113], [-59, 89], [103, 79], [-121, 37], [33, 59], [-68, 58], [50, 98], [141, 43], [466, -109], [76, 60], [204, 22], [376, 269], [79, -3], [-15, -82], [93, -237], [219, -116], [-80, -83], [22, -212], [93, -102], [95, -19], [-14, -75], [53, -76], [-140, -136], [-64, 3], [-55, 95], [-109, -40]], [[4223, 2188], [-57, -4], [-26, 27], [-95, -110], [-121, 39], [-107, -100], [-163, 4], [-112, -147], [-46, 14], [-9, 9], [-17, 21]], [[3470, 1941], [6, 8], [2, 3], [-2, 4], [-1, 9], [0, 5], [1, 5], [3, 1], [3, 0], [9, -6], [16, 6], [3, 3], [1, 1], [0, 2], [0, 8], [2, 3], [1, 1]], [[3514, 1994], [2, 2], [3, 0]], [[3519, 1996], [1, 0], [3, 0], [2, -2], [23, -15], [4, -1], [5, 0], [1, 1], [38, 123], [-79, 54]], [[3517, 2156], [6, 45], [-1, 14]], [[3522, 2215], [4, 14]], [[3526, 2229], [0, 3], [-1, 2]], [[3525, 2234], [-5, 0], [-10, -2]], [[3510, 2232], [-10, 4], [-27, -2], [-59, 24]], [[3414, 2258], [9, 60], [-21, 20]], [[3402, 2338], [-28, -5], [-4, -3], [-7, -9], [-1, -1], [-3, -2], [-3, 8], [0, 11], [0, 3], [1, 1], [8, 6], [1, 1], [2, 2], [0, 10]], [[3368, 2360], [0, 2], [-2, 3]], [[3366, 2365], [-4, 0], [-5, -3], [-12, -12], [-36, 7], [-43, -61], [-64, -20], [-41, 51], [-88, 24], [-17, -18], [11, -31], [-8, -3], [-17, 3], [-7, -9], [-3, 1], [-11, 9], [-2, 1], [-3, 2], [0, -2], [-1, -2], [-2, -3], [-1, -3], [-3, 0], [-2, 1], [-1, 5], [-2, 5], [-1, 9], [0, 4], [1, 6], [2, 1], [6, 6], [1, 2], [2, 2], [0, 3], [1, 3], [2, 1], [3, 1], [1, 2], [2, 5], [-27, 36], [3, 20]], [[3000, 2408], [-3, 4], [-22, 20]], [[2975, 2432], [-3, 3], [0, 2], [3, 5], [16, 8], [19, -7], [52, -58], [66, 0], [15, -25], [0, -10], [20, -7], [3, 0], [1, 2], [2, 2], [-6, 24], [-11, 8]], [[3152, 2379], [-3, 10], [-8, 10]], [[3141, 2399], [2, 4], [9, 10], [1, 3], [2, 3], [-5, 3], [-7, 1], [0, 2], [1, 2], [6, 5], [8, 7], [1, 1], [25, 2], [4, 1], [3, 1], [2, 2], [1, 3], [0, 1], [-1, 3], [-3, 8], [0, 3], [0, 4], [3, 10], [0, 3], [0, 2], [-5, 1], [-12, 3], [-6, 10], [-9, 1], [-6, -7], [0, -3], [3, -5], [8, -13], [-2, -3], [-1, -3], [-5, 0]], [[3158, 2464], [-15, 16], [-22, 8], [-4, 12], [-46, 4]], [[3071, 2504], [-18, -20], [-2, -4], [2, -9], [-2, -3], [0, -2], [-3, -2], [-9, 0], [-17, 4], [-12, 2], [-21, 4], [-18, 44], [1, 4], [2, 2], [1, 1], [2, 1], [7, 0], [3, 0], [2, 2], [9, 14], [0, 6], [-38, 5], [-26, 27], [-1, 3], [-3, 17], [-2, 6], [0, 5], [3, 9], [8, 17], [0, 15], [0, 5], [1, 0], [9, 2], [2, 2], [1, 3], [7, 21], [3, 25], [-2, 3], [-3, 4]], [[2957, 2717], [-3, 2], [-17, 7]], [[2937, 2726], [-12, 4], [-1, 2], [0, 1], [3, 3]], [[2927, 2736], [4, 4], [2, 3]], [[2933, 2743], [1, 1], [-1, 6], [1, 9], [8, 9], [35, -18]], [[2977, 2750], [49, -4], [12, -10], [4, 0]], [[3042, 2736], [6, 3], [9, 8], [2, 3], [6, 13], [2, 5], [3, 3], [1, 3], [2, 3], [1, 3], [2, 3]], [[3076, 2783], [1, 5], [0, 7]], [[3077, 2795], [-9, 47], [-29, 16], [-4, 22], [-8, 13], [-3, 10], [-5, 7], [-1, 1], [0, 3], [17, 47], [10, 6], [14, -3], [3, 1], [0, 3]], [[3062, 2968], [-3, 8], [-17, 24]], [[3042, 3000], [3, 40], [16, 17], [24, 13], [8, 3], [103, -7], [11, 11], [1, 3], [2, 3], [26, 120], [-93, 22], [-12, 16], [0, 1], [6, 5], [35, 19], [3, 3], [1, 5], [0, 4], [3, 3], [2, 2], [12, 5], [1, 3], [5, 17], [11, 134], [-16, 41], [-16, 7], [-3, 3], [-2, 4], [0, 4], [3, 10], [46, 53], [4, 8], [4, 7], [3, 4], [4, 2], [5, 0], [4, 1], [3, 2], [3, 4], [0, 6], [5, 2], [3, 3], [20, 4], [10, 19], [2, 4], [-2, 3], [-3, 1], [-27, -10], [-6, 12], [-32, 0], [-29, 18]], [[3193, 3654], [15, 20], [3, 8]], [[3211, 3682], [3, 3], [5, 2], [12, 5], [6, 5], [-9, 28], [6, 6], [3, 1], [3, 1], [3, 2], [5, 3], [21, 18], [3, 6], [0, 5], [-1, 10], [-6, 17]], [[3265, 3794], [-4, 4], [-12, 9]], [[3249, 3807], [-1, 3], [0, 3], [1, 4], [2, 1], [3, 2], [4, 0], [2, 1], [1, 0], [2, 2], [0, 4], [-3, 17], [-8, 17], [0, 4], [2, 6], [3, 8], [1, 6], [-12, 5]], [[3246, 3890], [3, 10], [-19, 16]], [[3230, 3916], [0, 3], [1, 3]], [[3231, 3922], [11, 7], [3, 4]], [[3245, 3933], [6, 21]], [[3251, 3954], [0, 2], [-2, 2]], [[3249, 3958], [2, 3], [6, 4], [1, 3], [2, 3], [3, 3], [3, 3], [3, 1], [3, 2], [15, 0], [3, 1], [5, 1], [3, 2], [3, 3], [2, 4], [3, 10], [-3, 15], [4, 7], [5, 5], [3, 1], [16, -1], [14, 27], [5, 7], [3, 2], [12, 6], [5, 0], [7, 3], [2, 1], [0, 3], [0, 3], [-3, 3], [-22, 17], [-1, 13], [-2, 1], [-3, 0], [-1, 0], [-3, 1], [-2, 2], [-1, 1], [0, 6], [-2, 3], [-1, 0], [-11, 1], [-2, 10], [0, 4], [-3, 6]], [[3322, 4148], [31, 28], [20, 51], [-10, 7], [2, 2]], [[3365, 4236], [0, 1], [9, 7], [6, 3], [29, -1], [21, -22], [19, 2], [1, -2], [5, -1], [3, 0], [14, 0], [16, 61], [8, 5], [3, 2], [15, 3], [3, 1], [2, 2], [3, 2], [0, 3], [1, 3], [-1, 18], [1, 9], [2, 4], [6, 11], [1, 8], [3, 5], [5, 3], [11, 7], [3, 1], [1, 3], [2, 5], [1, 2], [0, 3], [-1, 3], [-12, 9], [-13, 28], [-3, 8], [3, 10], [160, -41], [72, -72], [20, 3], [10, 13], [15, 5], [26, 5], [5, 0], [7, -3], [2, -3], [8, -10], [1, -1], [2, -2], [4, -1], [31, -5], [6, -1], [1, -3], [6, -5], [2, -3], [3, -2], [1, 0], [7, -1], [28, 1], [14, -1], [3, -2], [2, -1], [3, -4], [7, -3], [3, 1], [3, 3], [2, 3], [2, 9], [1, 2], [3, 2], [6, 3], [57, 7], [24, -30], [23, -7], [1, -1], [5, -8], [3, -4]], [[4111, 4285], [1, -1], [3, -7]], [[4115, 4277], [-7, -91], [-18, -11], [-8, -9], [-3, -11], [20, -89], [18, -10], [12, -4], [31, -30], [28, -3], [26, 3], [11, 6]], [[4225, 4028], [5, 0], [4, -2], [3, -3], [3, -7], [3, -14], [2, -4], [4, -3], [2, -4], [1, -4], [2, -2], [3, 2], [3, 4], [2, 1], [4, 0], [2, -3], [1, -4], [6, -1], [20, 5], [8, 0], [6, -1], [29, -21], [16, -17], [5, -7], [8, -7]], [[4367, 3936], [12, -14], [3, -6]], [[4382, 3916], [4, -16], [9, -18], [10, -14], [1, -3], [0, -4], [0, -2]], [[4406, 3859], [-3, -1], [-8, -3], [-4, -4]], [[4391, 3851], [0, -7], [1, -6], [3, -1], [4, -2], [10, 0], [6, 2], [11, 17], [3, -2], [5, -1], [1, -4], [2, -15], [6, -7], [30, 5], [-8, -22], [0, -7], [2, -7], [14, -28], [3, -44], [4, -11], [6, -9], [5, -3], [6, 0], [5, 3], [9, 6], [9, 4], [9, 7], [5, 2], [3, 1], [32, -13]], [[4577, 3709], [27, 3], [27, -1]], [[4631, 3711], [31, -6], [10, 13], [25, -10], [125, 72], [12, 1], [14, 3], [16, 12], [19, 2], [32, -17], [4, 0], [5, 0], [3, 0], [9, -2], [3, 2], [3, 3], [1, 5], [2, 4], [3, 3], [6, 1], [9, 0], [5, 0], [1, 4], [9, 30], [-18, 23]], [[4960, 3854], [20, 75], [24, 35]], [[5004, 3964], [3, 1], [20, -4], [2, -3], [0, -7], [3, -7], [-2, -13], [32, -33], [-4, -27], [4, -3], [9, -2], [6, -2], [5, 4], [1, 4], [2, 7], [2, 4], [1, 2], [21, 14], [16, 6], [3, 25], [4, 4], [85, -14], [3, 3], [2, 8], [-5, 16], [2, 3], [17, 20], [0, 5], [-3, 2], [-9, 0], [-11, 14], [0, 3], [1, 10], [0, 2], [0, 2], [2, 3], [12, 12], [5, 5], [7, 12], [9, 12], [5, 3], [5, 0], [18, -9], [20, 9], [6, 4], [7, 8], [12, 9], [5, 3], [8, 2], [6, 2], [3, 4], [-34, 48], [5, 3], [11, 1], [33, -14], [5, 3]], [[5364, 4128], [3, 3], [0, 3]], [[5367, 4134], [-2, 1], [-1, 3], [0, 1], [4, 3], [2, 3], [-5, 14], [2, 5], [1, 1]], [[5368, 4165], [8, -4], [3, -5], [3, -11], [1, -3]], [[5383, 4142], [2, -1], [3, 1], [3, 3], [1, 4], [4, 9], [4, 4], [8, 2], [3, 4], [4, 12], [2, 5], [1, 1], [3, -1], [5, -5], [8, -14], [19, -22], [11, -23], [5, -6], [1, 0], [2, 3], [1, 4], [-3, 12], [0, 3], [0, 2], [2, 2], [1, 1], [3, 2], [3, 0], [3, 0], [8, -3], [20, -48], [10, -14], [6, -5], [2, -1], [17, 1], [16, 0], [28, 5], [4, -2], [3, -1], [3, -2], [11, 0], [8, -5], [3, 0], [7, 1], [26, 6], [23, 3], [6, 2], [6, 3], [6, 9], [8, 18], [2, 2], [4, -2], [3, 0], [3, 2], [12, 14], [2, 3], [0, 2], [-2, 7], [3, 8], [-1, 9], [20, 2], [10, 10], [5, 3], [26, 12], [10, -4], [3, 4], [4, 5], [0, 4], [0, 3], [-2, 2], [0, 2], [-2, 3], [2, 1], [3, 2], [5, 0], [13, 0], [3, 0], [3, -2], [5, -6], [1, -8]], [[5838, 4189], [-13, 11], [-6, -17], [19, -3], [-33, -50], [-198, -232], [-234, -136], [-75, -118], [-312, -174], [-41, -63], [41, -8], [-20, -114], [-196, -92], [-184, 1], [-89, -195], [-42, 89], [-32, -110], [-50, 66], [-143, -73], [-83, -212], [54, -186], [-57, -126], [34, 7], [56, -246], [-3, -6], [-68, 66], [9, -70], [51, -10]], [[2787, 1566], [1, -3], [0, -1], [0, -2], [-1, -1], [-29, -19], [-37, 5], [-4, -26]], [[2717, 1519], [3, -7], [1, -6]], [[2721, 1506], [2, -2], [3, -3], [56, -16], [50, -37], [-3, -8], [-35, -27], [-1, -4], [0, -3], [3, -3], [18, 3], [17, -6], [38, 3], [23, 10], [-13, -100], [80, -64], [-22, -166], [29, -25], [14, -6], [4, 0], [7, 3], [13, 8], [17, 15], [5, 1], [4, 3], [17, 6], [14, 5], [9, 3], [18, -24], [5, -18], [7, -9], [2, -1], [0, -5], [-2, -7], [-20, -38], [13, -39], [-29, -126], [57, -7], [22, -29], [1, -4], [0, -10], [-35, -56], [-24, -63], [-9, -21], [-8, -10], [-14, -8], [-3, -2], [0, -1], [0, -6], [10, -22], [4, -10], [5, -5], [10, -7], [3, -4], [-26, -75], [34, -41], [-2, -6], [-4, -4], [-8, -7], [-4, -3], [-3, 0], [-5, 4], [-1, 0], [0, -2], [-2, -3], [2, -3], [3, -10], [0, -4], [-5, -9], [-9, -8], [-5, -7], [-1, -4], [0, -9], [0, -1], [-2, -3], [-3, -2], [-3, -1], [-9, 0], [-1, 0], [-3, -3]], [[3026, 363], [-212, 227], [49, 33], [-55, -21], [-59, 136], [-37, 226], [37, -157], [54, 5], [-117, 203], [24, 47], [-33, -6], [-148, 411], [-153, 201], [33, -5], [-1, 20], [-23, -8], [-20, 18], [20, 3], [-8, 30]], [[2377, 1726], [6, 4], [3, -2], [2, -1], [16, 10], [7, 0], [0, 4]], [[2411, 1741], [-16, -1], [-6, 1], [-6, 2]], [[2383, 1743], [-4, -5], [-3, -2], [-7, -3], [-1, -2], [-3, -3], [-6, 2], [-6, 1], [-8, -3]], [[2345, 1728], [-12, -26], [-117, 264]], [[2216, 1966], [152, -62], [100, -160], [108, -74], [87, 2], [2, -31], [109, -46], [13, -29]], [[6478, 5297], [6, -10]], [[6484, 5287], [47, -23], [55, -17]], [[6586, 5247], [17, -55], [30, 26], [12, -2], [14, -4], [6, -6], [3, -5], [5, -22], [9, -14], [56, -11], [6, -3], [21, -56]], [[6765, 5095], [-127, -42], [-83, -91], [11, -166], [59, -27], [-208, -253], [-101, 48], [81, -61], [-321, -116], [38, 76], [-47, 6], [-76, -58], [-32, -92], [42, 64], [51, 14], [-20, -41], [85, 42], [-274, -206], [-5, -3]], [[5838, 4189], [-1, 8], [-5, 6], [-3, 2], [-3, 0], [-13, 0], [-5, 0], [-3, -2], [-2, -1], [2, -3], [0, -2], [2, -2], [0, -3], [0, -4], [-4, -5], [-3, -4], [-10, 4], [-26, -12], [-5, -3], [-10, -10], [-20, -2], [1, -9], [-3, -8], [2, -7], [0, -2], [-2, -3], [-12, -14], [-3, -2], [-3, 0], [-4, 2], [-2, -2], [-8, -18], [-6, -9], [-6, -3], [-6, -2], [-23, -3], [-26, -6], [-7, -1], [-3, 0], [-8, 5], [-11, 0], [-3, 2], [-3, 1], [-4, 2], [-28, -5], [-16, 0], [-17, -1], [-2, 1], [-6, 5], [-10, 14], [-20, 48], [-8, 3], [-3, 0], [-3, 0], [-3, -2], [-1, -1], [-2, -2], [0, -2], [0, -3], [3, -12], [-1, -4], [-2, -3], [-1, 0], [-5, 6], [-11, 23], [-19, 22], [-8, 14], [-5, 5], [-3, 1], [-1, -1], [-2, -5]], [[5415, 4180], [-1, -4], [-2, -4], [-1, -4]], [[5411, 4168], [-3, -4], [-8, -2], [-4, -4], [-4, -9], [-1, -4], [-3, -3], [-3, -1], [-2, 1], [-15, 23], [-1, -1], [-2, -5], [5, -14], [-2, -3], [-4, -3], [0, -1], [1, -3], [2, -1], [-3, -6], [-5, -3]], [[5359, 4125], [-5, 0], [-28, 14]], [[5326, 4139], [-11, -1], [-5, -3], [34, -48], [-3, -4], [-6, -2], [-8, -2], [-5, -3], [-12, -9], [-7, -8], [-6, -4], [-20, -9], [-18, 9], [-5, 0], [-5, -3], [-9, -12], [-7, -12], [-5, -5], [-12, -12], [-2, -3], [0, -2], [0, -2], [-1, -10], [0, -3], [11, -14], [9, 0], [3, -2], [0, -5], [-17, -20], [-2, -3], [5, -16], [-2, -8], [-3, -3]], [[5217, 3920], [-45, -11], [-9, 20], [-31, 5]], [[5132, 3934], [-4, -4]], [[5128, 3930], [1, -16], [-4, -9]], [[5125, 3905], [-16, -6], [-21, -14], [-1, -2], [-2, -4], [-2, -7], [-1, -4], [-5, -4], [-6, 2], [-9, 2], [-4, 3], [4, 27], [-32, 33], [2, 13], [-3, 7], [0, 7], [-2, 3], [-20, 4], [-3, -1], [-44, -110], [18, -23]], [[4978, 3831], [-10, -10], [3, -15], [-2, -5]], [[4969, 3801], [-1, -4], [-5, 0], [-9, 0], [-6, -1], [-3, -3], [-2, -4], [-1, -5], [-3, -3], [-3, -2], [-9, 2], [-3, 0], [-5, 0], [-4, 0]], [[4915, 3781], [-19, 15], [-13, 2]], [[4883, 3798], [-19, -2], [-16, -12], [-14, -3], [-12, -1], [-125, -72], [-25, 10], [-10, -13], [-31, 6]], [[4631, 3711], [-1, 4], [0, 7], [1, 16], [17, -2], [11, 29], [24, 106], [244, 237], [-73, 292], [-78, 69], [44, 50], [130, -98], [143, 9], [-5, 55], [-100, 21], [-29, 280], [42, -3], [67, 105], [172, -9], [82, 78], [54, 273], [141, 97], [3, 56]], [[5520, 5383], [122, -73], [263, 69], [-24, -140], [84, -24], [74, 49], [163, -51], [44, 194], [232, -110]], [[1695, 4561], [-9, -30], [-68, 39]], [[1618, 4570], [-17, 43], [62, 27], [-10, -65], [42, -14]], [[3246, 3890], [12, -5], [-1, -6], [-3, -8], [-2, -6], [0, -4], [8, -17], [3, -17], [0, -4], [-2, -2], [-1, 0], [-2, -1], [-4, 0], [-3, -2], [-2, -1], [-1, -4], [0, -3], [1, -3], [16, -13], [6, -17], [1, -10], [0, -5], [-3, -6], [-21, -18], [-5, -3], [-3, -2], [-3, -1], [-3, -1], [-6, -6], [9, -28], [-6, -5], [-12, -5], [-5, -2], [-3, -3], [-18, -28]], [[3193, 3654], [3, -7], [26, -11]], [[3222, 3636], [32, 0], [6, -12], [27, 10], [3, -1], [2, -3], [-2, -4], [-10, -19], [-20, -4], [-3, -3], [-5, -2], [0, -6], [-3, -4], [-3, -2], [-4, -1], [-5, 0], [-4, -2], [-3, -4], [-4, -7], [-4, -8], [-46, -53], [-3, -10], [0, -4], [2, -4], [3, -3], [16, -7], [16, -41], [-11, -134], [-5, -17], [-1, -3], [-12, -5], [-2, -2], [-3, -3], [0, -4], [-1, -5], [-3, -3], [-35, -19], [-6, -5], [0, -1], [12, -16], [93, -22]], [[3236, 3203], [-23, -33], [-3, -29], [1, -20], [-1, -38]], [[3210, 3083], [-2, -3], [-1, -3], [-11, -11], [-103, 7], [-8, -3], [-24, -13], [-16, -17], [-3, -40], [20, -32], [0, -3], [-3, -1], [-14, 3], [-10, -6]], [[3035, 2961], [-2, -47], [-12, 3], [-3, -3]], [[3018, 2914], [0, -3], [1, -1], [5, -7], [3, -10], [8, -13], [4, -22], [29, -16], [9, -47], [-1, -12], [-2, -3], [-1, -3], [-2, -3], [-1, -3], [-3, -3], [-2, -5], [-6, -13], [-2, -3], [-9, -8], [-6, -3]], [[3042, 2736], [-3, 0], [-62, 14]], [[2977, 2750], [-35, 18], [-8, -9], [-1, -9], [1, -6], [-1, -1], [-6, -7], [-3, -3], [0, -1], [1, -2]], [[2925, 2730], [2, -1], [10, -3]], [[2937, 2726], [9, -4], [11, -5]], [[2957, 2717], [3, -4], [2, -3]], [[2962, 2710], [0, -2], [-3, -23]], [[2959, 2685], [-7, -21], [-1, -3], [-2, -2], [-9, -2], [-1, 0], [0, -5], [0, -15], [-8, -17], [-3, -9], [0, -5], [2, -6], [3, -17], [1, -3], [26, -27], [38, -5], [0, -6]], [[2998, 2542], [-4, -6], [-2, -2], [-1, -5], [-2, -1]], [[2989, 2528], [-2, -2], [-3, 0], [-7, 0], [-2, -1], [-1, -1], [-2, -2], [-1, -4]], [[2971, 2518], [23, -27], [-7, -13], [2, -4]], [[2989, 2474], [21, -4], [12, -2], [17, -4], [9, 0], [3, 2], [0, 2], [2, 3], [-2, 9], [2, 4], [18, 20], [87, -40], [5, 0], [1, 3], [2, 3], [-8, 13], [-3, 5], [0, 3], [6, 7], [9, -1], [6, -10], [12, -3], [5, -1], [0, -2], [0, -3], [-3, -10], [0, -4], [0, -3], [3, -8], [1, -3], [0, -1], [-1, -3], [-2, -2], [-3, -1], [-4, -1], [-25, -2], [-1, -1], [-8, -7], [-6, -5]], [[3144, 2427], [-1, -1], [0, -1]], [[3143, 2425], [0, -2], [7, -1], [5, -3], [-2, -3], [-1, -3], [-9, -10], [-2, -4], [11, -20], [11, -8]], [[3163, 2371], [0, -13], [6, -11]], [[3169, 2347], [-2, -2], [-1, -2], [-3, 0], [-20, 7]], [[3143, 2350], [-2, 1], [2, 9]], [[3143, 2360], [-15, 25], [-66, 0], [-52, 58], [-19, 7]], [[2991, 2450], [-7, -7], [-6, -1], [-3, 0]], [[2975, 2442], [-3, -5], [0, -2], [3, -3], [25, -24], [-3, -20], [27, -36], [-2, -5], [-1, -2], [-3, -1], [-2, -1], [-1, -3], [0, -3], [-2, -2], [-1, -2], [-6, -6], [-2, -1], [-1, -6], [0, -4], [1, -9], [2, -5], [1, -5], [2, -1], [3, 0], [1, 3], [2, 3], [1, 2], [0, 2], [3, -2], [2, -1], [11, -9], [3, -1], [7, 9], [17, -3], [8, 3]], [[3067, 2302], [1, 2], [0, 3], [-1, 16], [-11, 10]], [[3056, 2333], [17, 18], [88, -24], [41, -51], [64, 20], [43, 61], [36, -7], [12, 12], [5, 3], [4, 0], [2, -5], [0, -10], [-2, -2], [-1, -1], [-8, -6], [-1, -1], [0, -3], [0, -11]], [[3356, 2326], [3, -6], [0, -2]], [[3359, 2318], [3, 2], [1, 1], [7, 9], [4, 3]], [[3374, 2333], [5, 0], [10, -2], [13, 7]], [[3402, 2338], [12, -80], [59, -24], [27, 2], [10, -4], [15, 2], [1, -5], [-4, -14], [-5, -59], [79, -54]], [[3596, 2102], [-58, -99], [19, -17], [1, -4], [0, -3]], [[3558, 1979], [-1, -1], [-5, 0], [-4, 1], [-23, 15], [-2, 2], [-3, 0], [-1, 0], [-5, -2], [-1, -1], [-2, -3], [0, -8], [0, -2], [-1, -1], [-3, -3], [-16, -6], [-9, 6], [-3, 0], [-3, -1], [-1, -5], [0, -5], [1, -9], [2, -4], [-2, -3]], [[3476, 1949], [-3, -4], [-3, -4]], [[3470, 1941], [-143, 41]], [[3327, 1982], [-32, -55], [-26, -12], [-18, 2], [-12, -3]], [[3239, 1914], [-9, -17], [-7, -23], [2, -24], [14, 0], [1, 0], [2, -4], [0, -6], [-6, -21], [-6, -10], [-7, -7], [-4, -6]], [[3219, 1796], [-12, -11], [-19, -8]], [[3188, 1777], [-3, -3], [-3, -4], [0, -5], [5, -3], [0, -9], [3, -3], [3, 0], [65, -2], [11, -3], [15, -8], [11, -20], [0, -3], [-2, -2], [-13, -16], [-22, -30], [-4, -3], [-53, -8], [-5, -1], [-6, -3], [-11, -16], [-10, -24], [-6, -6]], [[3163, 1605], [-4, -1], [-117, -13]], [[3042, 1591], [-30, 26], [-6, 1], [-11, -4], [-14, 0], [-6, -2], [-3, -2], [-15, -20], [-9, -14], [-5, -22], [-3, -2], [-1, -3], [-96, 4], [-3, 1], [-3, 3], [0, 3], [0, 3], [0, 8], [-2, 5], [-4, 4], [-11, 4], [-8, 0], [-6, -1], [-6, -3], [-4, -3], [-3, -3], [-2, -3], [-1, -1], [-3, -4]], [[2216, 1966], [33, 40], [-47, -6], [-21, 280], [-131, 312], [27, -20], [-117, 114], [52, 29], [-53, 5]], [[1959, 2720], [56, 23], [27, 116], [-21, 115], [-49, 9]], [[1972, 2983], [85, 42], [55, 120], [-76, 154], [154, 17], [111, 119], [73, -33], [167, 36], [4, 174], [112, -55], [151, 8], [-12, 88], [77, 58], [55, -26], [84, 156], [67, 13], [65, 89], [61, -61], [41, 8]], [[4368, 4952], [-85, -115], [41, -41], [-20, -108], [49, -31], [-3, -65], [-72, -32], [49, -65], [-53, -90], [45, 6], [128, -124], [-61, -68], [-53, 46], [-61, -51], [-47, -94], [27, -51], [-29, -23], [-1, -8], [1, -5], [2, -5]], [[4225, 4028], [-11, -6], [-26, -3], [-28, 3], [-31, 30], [-12, 4], [-18, 10], [-20, 89], [3, 11], [8, 9], [18, 11], [7, 91], [-4, 8], [-3, 4], [-5, 8], [-1, 1], [-23, 7], [-24, 30], [-57, -7], [-6, -3], [-3, -2], [-1, -2], [-2, -9], [-2, -3], [-3, -3], [-3, -1], [-7, 3], [-3, 4], [-2, 1], [-3, 2], [-14, 1], [-28, -1], [-7, 1], [-1, 0], [-3, 2], [-2, 3], [-6, 5], [-1, 3], [-6, 1], [-31, 5], [-4, 1], [-2, 2], [-1, 1], [-8, 10], [-2, 3], [-7, 3], [-5, 0], [-26, -5], [-15, -5], [-10, -13], [-20, -3], [-72, 72]], [[3692, 4401], [-108, 9], [-23, 8], [-10, 16], [-5, 3], [-14, 5]], [[3532, 4442], [-3, -10], [3, -8], [13, -28], [12, -9], [1, -3], [0, -3], [-1, -2], [-2, -5], [-1, -3], [-3, -1], [-11, -7], [-5, -3], [-3, -5], [-1, -8], [-6, -11], [-2, -4], [-1, -9], [1, -18], [-1, -3], [0, -3], [-3, -2], [-2, -2], [-3, -1], [-15, -3], [-3, -2], [-8, -5], [-16, -61], [-14, 0], [-3, 0], [-5, 1], [-1, 2], [-19, -2], [-21, 22], [-29, 1], [-6, -3], [-9, -7], [0, -1], [-43, -88], [3, -6], [0, -4], [2, -10], [11, -1], [1, 0], [2, -3], [0, -6], [1, -1], [2, -2], [3, -1], [1, 0], [3, 0], [2, -1], [1, -13], [22, -17], [3, -3], [0, -3], [0, -3], [-2, -1], [-7, -3], [-5, 0], [-12, -6], [-3, -2], [-5, -7], [-14, -27], [-16, 1], [-3, -1], [-5, -5], [-4, -7], [3, -15], [-3, -10], [-2, -4], [-3, -3], [-3, -2], [-5, -1], [-3, -1], [-15, 0], [-3, -2], [-3, -1], [-3, -3], [-3, -3], [-2, -3], [-1, -3], [-6, -4], [-2, -3], [2, -4], [-6, -21], [-14, -11], [-1, -3], [0, -3], [16, -26]], [[1972, 2983], [-146, 34]], [[1826, 3017], [-132, 289], [-23, 371], [-88, 226], [51, 16], [-55, 32], [0, 57], [39, -20], [-55, 76], [61, 44], [-43, 30], [59, 40], [-27, 53], [-76, -72], [11, 128], [92, -37], [-100, 63], [44, 49], [-55, 2], [3, 189]], [[1532, 4553], [86, 17]], [[1695, 4561], [79, 23], [25, 185], [93, -58], [73, 65], [-8, 78], [-110, 79], [268, 108], [-190, 32], [23, 84], [114, 37]], [[2062, 5194], [99, 22], [35, -109], [240, -116], [308, -20], [8, -75], [62, -29], [120, 45], [70, 136], [184, 58], [75, -24], [-20, -111], [146, 2], [162, 76], [23, -41], [130, -7], [162, 78], [108, -62], [219, 35], [78, -86], [97, -14]], [[9440, 168], [36, -89], [-30, -79], [-82, 128], [76, 40]], [[9256, 420], [10, -30], [-59, 24], [49, 6]], [[9288, 472], [-14, -38], [1, 83], [13, -45]], [[8994, 826], [-38, -7], [4, 45], [34, -38]], [[8854, 1400], [-9, -95], [-58, -1], [-9, 89], [53, 44], [23, -37]], [[8939, 2388], [26, -161], [-59, -71], [53, -136], [-50, -34], [-23, -334], [-82, 123], [48, 132], [43, -2], [-38, 210], [82, 273]], [[9298, 7159], [-266, -214], [-27, 21], [-90, -244], [-92, 8], [-108, -141], [46, -85]], [[8761, 6504], [-123, -327]], [[8638, 6177], [-92, 23], [-86, -131], [-66, 34]], [[8394, 6103], [-59, 104]], [[8335, 6207], [15, 124], [93, 3], [-40, 41]], [[8403, 6375], [140, 91], [-85, 84], [29, 44], [-105, 48], [-72, -31], [20, 142], [-154, -10], [-42, -58], [-31, 35], [-118, -114], [-90, 69], [-288, -10], [-102, -190]], [[7505, 6475], [-4, 191], [-63, 61], [0, 10]], [[7438, 6737], [9, 2], [8, 4], [6, 1], [3, 3]], [[7464, 6747], [2, 2], [-3, 11], [15, 21], [15, 9]], [[7493, 6790], [17, 73], [-6, 37], [-2, 6], [-7, 18], [1, 4]], [[7496, 6928], [163, 71], [318, -24], [271, 68]], [[8248, 7043], [207, 65], [320, -7], [187, 250], [97, -8], [477, 175], [-58, -102], [91, -117], [-158, -47], [-113, -93]], [[9169, 6586], [-26, -88], [59, -58], [-162, -426], [-293, 43]], [[8747, 6057], [-114, 15], [5, 105]], [[8761, 6504], [56, -30], [47, 119], [192, 7], [78, 68], [35, -82]], [[9335, 7024], [-66, -66], [52, -146], [-38, -114], [-114, -112]], [[9298, 7159], [37, -135]], [[8403, 6375], [-126, 54], [-574, -46], [-190, 39], [-8, 53]], [[2292, 8015], [-210, 18], [23, 79]], [[2105, 8112], [-29, 61], [277, 246], [-49, 34], [23, 235], [248, 109], [3, 67]], [[3205, 7232], [125, -216], [-53, -43], [73, -24], [-111, -82], [111, 54], [172, -1], [-9, -40]], [[3513, 6880], [-596, -378], [23, -96], [73, -45], [204, 24], [8, -95], [-186, -44], [-24, -65], [94, -89], [-88, -3], [20, -136], [-241, 65], [-68, -134], [-136, -50], [-38, 61], [113, 37], [7, 218], [-214, 10], [0, 57], [76, -3], [-56, 8], [27, 53], [-114, -67], [-58, 25], [52, -60], [-35, -34], [-35, 39], [-26, -90], [47, -30], [-43, -57], [80, -82], [-16, -131], [-147, -129], [67, -44], [-140, -44]], [[2143, 5571], [-124, 118], [-114, 32], [-88, 126], [3, 112], [-40, -31], [-47, 52], [43, 72], [-41, 51], [-70, -49], [-121, 58], [-31, -27], [-69, 59], [27, 17], [-94, 27], [-344, 10]], [[1033, 6198], [-125, 255], [6, 97], [-134, 15], [-56, 86], [38, 209], [-230, 96], [31, 126], [292, 299], [65, -1], [95, -116], [359, 75], [175, 280], [199, 92], [160, 308], [197, 93]], [[4152, 7586], [371, -163], [44, -82], [191, -97], [58, 22], [127, -82], [95, 9], [26, -71], [181, -55], [35, 49], [160, -41]], [[5440, 7075], [190, -240], [-158, -43], [89, -51], [-67, -67], [220, -143], [-115, -56], [-47, 33], [-266, -190], [62, -239]], [[5348, 6079], [-42, -14], [-19, -124]], [[5287, 5941], [-76, -81], [-109, 28]], [[5102, 5888], [-46, 63], [32, 172], [-161, -14], [-35, 74], [-89, 8], [-144, 115], [-102, -12], [-49, -92], [-117, 26], [26, 82], [-186, -72], [43, 61], [-78, 82], [-116, -94], [-175, -28], [31, 79], [-46, -18], [0, 42], [-11, -71], [-88, 5], [-9, 38], [-44, -35], [8, 125], [-131, -93], [70, -218], [86, -82], [-56, -71], [-111, 68], [-46, -35], [-64, 195], [70, 113], [-39, 75], [172, 85], [109, 251], [-45, 124], [-248, 44]], [[3322, 8149], [119, -58], [-67, -87], [26, -115], [110, 4], [21, 99], [234, -191], [-70, -47], [67, -66], [47, 17], [131, -109], [125, 10], [53, -51], [34, 31]], [[3756, 8473], [66, 46], [106, -146], [149, -24], [125, -79], [-14, -63], [274, -124], [-211, -163], [-99, -334]], [[6813, 6364], [0, -5], [-2, -2], [-1, -3], [-2, -4], [0, -6], [3, -11], [2, -10], [24, -19], [2, -4], [3, -7], [7, -24], [2, -9], [-6, -45]], [[6845, 6215], [-14, 2], [-2, -3]], [[6829, 6214], [0, -5], [34, -52]], [[6863, 6157], [-17, -15]], [[6846, 6142], [-24, 5], [-5, 2], [-3, -2], [-3, -3]], [[6811, 6144], [-24, -144], [-58, -21], [-2, -3], [3, -9], [0, -15]], [[6730, 5952], [0, -3], [-10, -10]], [[6720, 5939], [-41, -8], [-5, 3], [-3, 11], [-4, 6], [-25, -8], [-3, -2], [0, -2], [2, -3], [6, -5], [1, -2], [0, -4], [2, -3], [7, -4], [3, -4], [0, -5], [0, -5]], [[6660, 5904], [-48, -20], [10, -16], [0, -2], [-1, -5]], [[6621, 5861], [-11, -2], [-20, 4], [-71, 31], [-2, -1], [-1, -3], [-2, -2], [-1, -5], [0, -2], [-14, -15], [-4, -39]], [[6495, 5827], [-52, -12], [-82, -31], [-46, -58]], [[6315, 5726], [-9, -5], [-6, 0], [-5, 2], [-4, 4], [-7, 4], [-9, 3]], [[6275, 5734], [-9, 1], [-3, 2]], [[6263, 5737], [-1, 3], [1, 5], [3, 16], [-3, 7], [-11, -1], [-13, 8], [-6, 1], [-6, 0], [-3, -2], [-3, -3]], [[6221, 5771], [-2, -3], [0, -1]], [[6219, 5767], [0, -3], [6, -14]], [[6225, 5750], [-1, -5], [-3, -1], [-61, -14], [-2, -4], [0, -6], [8, -7], [18, -4], [-5, -22], [-16, -35], [23, -33], [39, 2], [50, -47], [8, -6], [6, -1], [14, 6], [13, 0], [20, -3], [47, 0], [10, -3], [6, 0], [4, -3], [-23, -8], [-9, -12], [-3, -52], [20, -13], [26, -5], [21, -16], [5, -17], [1, -6], [5, -4], [4, -3], [5, -1], [17, 0], [6, -1], [9, -5], [4, -4], [4, -6], [3, -5], [1, -6]], [[6499, 5400], [-1, -1], [-2, -2], [-12, 0]], [[6484, 5397], [-2, -1], [0, -2], [0, -1], [0, -3], [3, -5], [2, -2], [1, -3], [13, -4], [4, -3], [6, -5], [5, -24], [6, -5], [4, -3], [7, -5], [1, -3], [0, -3], [-6, -1], [-21, -3], [-2, -3], [0, -7], [0, -3], [-1, -3], [-5, 0], [-6, 2], [-2, 0], [-1, -2], [-11, -7], [-1, -1]], [[5520, 5383], [124, 153], [-108, 59], [-19, 174], [-79, -17], [-88, 167], [-63, 22]], [[5348, 6079], [172, 41], [163, -114], [108, 70], [102, -51], [194, 81], [57, 78], [73, -6], [144, -140], [48, 81], [157, 14], [81, 214], [74, 52], [26, -20], [53, -4], [8, -3], [3, -4], [2, -4]], [[6998, 5110], [-35, 13], [34, 72], [1, -85]], [[7030, 7067], [52, 1], [8, -5], [9, -3]], [[7099, 7060], [4, 1]], [[7103, 7061], [34, -17], [11, -54], [85, -39], [263, -23]], [[7496, 6928], [-1, -4], [7, -18], [2, -6], [6, -37], [-17, -73], [-29, -43], [-3, -3], [-6, -1], [-8, -4], [-9, -2]], [[7438, 6737], [0, 7], [-3, 5], [-13, -2], [-13, -21], [-10, -72], [-140, 55], [-67, 103], [27, -69], [-123, 4], [-102, 123], [-20, -58], [64, -37], [-111, -79], [-26, -83], [324, -205], [-18, -43], [-168, 0], [-35, -113], [-73, 11], [-27, -96], [163, -109], [91, -6], [-55, -230], [83, -50], [-22, -85], [93, -12], [-38, -81], [99, -286], [-2, -75], [-54, 9], [70, -115], [-84, 42], [-49, -67], [9, 193], [-42, -66], [4, 90], [-39, -240], [-6, 144], [-16, -110], [-45, 31], [-6, -38], [-20, 65], [1, -85], [-30, 214], [-99, 86], [88, -115], [-99, -123], [-134, -53]], [[6765, 5095], [-21, 56], [-6, 3], [-56, 11]], [[6682, 5165], [-5, 3], [-4, 11]], [[6673, 5179], [-5, 22], [-3, 5], [-6, 6], [-14, 4], [-12, 2], [-30, -26], [-17, 55], [-102, 40], [-6, 10]], [[6478, 5297], [1, 1], [11, 7], [1, 2], [2, 0], [6, -2], [5, 0], [1, 3], [0, 3], [0, 7], [2, 3], [21, 3], [6, 1], [0, 3], [-1, 3], [-7, 5], [-4, 3], [-6, 5], [-5, 24], [-6, 5], [-4, 3], [-13, 4], [-1, 3], [-2, 2], [-3, 5], [0, 3], [0, 1], [0, 2], [2, 1], [15, 3], [-1, 6], [-3, 5], [-4, 6], [-4, 4], [-9, 5], [-6, 1], [-17, 0], [-5, 1], [-4, 3], [-5, 4], [-1, 6], [-5, 17], [-21, 16], [-26, 5], [-20, 13], [3, 52], [9, 12]], [[6380, 5556], [22, 5], [1, 2], [0, 1]], [[6403, 5564], [-1, 2], [-3, 1]], [[6399, 5567], [-6, 0], [-10, 3], [-47, 0], [-20, 3], [-13, 0], [-14, -6], [-6, 1], [-8, 6]], [[6275, 5574], [-44, 43], [-6, 4]], [[6225, 5621], [-39, -2], [-23, 33], [16, 35], [5, 22]], [[6184, 5709], [-6, 2], [-12, 2]], [[6166, 5713], [-5, 5], [-3, 2]], [[6158, 5720], [0, 6], [2, 4]], [[6160, 5730], [7, 4], [54, 10]], [[6221, 5744], [3, 1], [1, 5], [-6, 17], [2, 4], [3, 3], [3, 2], [6, 0], [6, -1], [13, -8], [11, 1], [3, -7], [-3, -16], [-1, -5], [1, -3], [12, -3], [9, -3], [7, -4], [4, -4], [5, -2], [6, 0], [9, 5], [180, 101]], [[6495, 5827], [6, 9], [1, 10], [-3, 20]], [[6499, 5866], [14, 15], [0, 2], [1, 5], [2, 2], [1, 3], [2, 1], [71, -31], [20, -4], [11, 2], [39, 43], [0, 5], [0, 5], [-3, 4], [-7, 4], [-2, 3]], [[6648, 5925], [0, 1], [0, 3]], [[6648, 5929], [-1, 2], [-6, 5], [-2, 3], [0, 2], [3, 2], [25, 8], [4, -6], [3, -11], [5, -3], [41, 8], [10, 13], [0, 15], [-3, 9], [2, 3]], [[6729, 5979], [26, -6], [32, 27]], [[6787, 6000], [44, 113], [-6, 24], [-11, 5], [-3, 2]], [[6811, 6144], [35, -2], [17, 15]], [[6863, 6157], [-11, 37], [-6, 10], [-14, 3], [-3, 7]], [[6829, 6214], [16, 1]], [[6845, 6215], [7, 37], [-1, 8]], [[6851, 6260], [-2, 9], [-7, 24], [-3, 7], [-2, 4], [-24, 19], [-2, 10], [-3, 11], [0, 6], [2, 4], [1, 3], [2, 2], [0, 5]], [[6813, 6364], [10, 12], [8, 12], [0, 3], [-15, 26], [-3, 2], [-2, 0], [-1, -2], [-2, 0], [-1, 0], [0, 2], [-2, 0], [-3, 7], [-2, 1], [-3, 0], [-1, 2], [0, 1], [0, 2], [1, 1], [3, 3], [2, 1], [2, 2]], [[6804, 6439], [0, 1], [0, 1]], [[6804, 6441], [6, 5], [21, 10], [4, 2], [7, 9], [24, 13], [8, -3], [10, -9], [21, -2], [-1, 9], [-8, 10], [-3, 46], [-91, 82]], [[6802, 6613], [9, 7], [8, 29]], [[6819, 6649], [9, 10], [23, 19]], [[6851, 6678], [10, 14], [3, 3]], [[6864, 6695], [13, 3], [50, 46], [3, 3]], [[6930, 6747], [14, 6], [15, 12]], [[6959, 6765], [3, 2], [6, 0], [1, 0], [2, 1]], [[6971, 6768], [0, 2], [0, 3]], [[6971, 6773], [0, 2], [-2, 3], [-3, 3], [-12, 7], [-1, 2], [1, 2], [8, 6], [1, 1], [-1, 3], [-3, 3], [-12, 10], [-3, 3], [-8, 1], [-3, 3], [-2, 1], [0, 5], [3, 10], [-1, 2]], [[6933, 6840], [-40, -4], [25, 79], [-64, 170]], [[6854, 7085], [6, -1], [17, -11]], [[6877, 7073], [4, -8], [0, -7], [3, -5]], [[6884, 7053], [5, -3], [6, -2], [24, 3], [14, -3], [49, -15], [48, 34]], [[5440, 7075], [88, 61], [169, -68], [14, -99], [223, -97], [108, 43], [80, -99], [155, 22], [149, -65], [110, 63], [25, -62], [72, -18], [187, 51], [49, -33], [64, 66]], [[6933, 6840], [1, -2], [-3, -10], [0, -5], [2, -1], [3, -3], [8, -1], [3, -3], [12, -10], [3, -3], [1, -3], [-1, -1], [-8, -6], [-1, -2], [1, -2], [12, -7], [3, -3], [2, -3], [0, -2], [0, -5], [-2, -1], [-1, 0], [-6, 0], [-3, -2], [-29, -18], [-3, -3]], [[6927, 6744], [-5, -4], [-12, -14], [-12, -13], [-21, -15]], [[6877, 6698], [-13, -3], [-13, -17], [-23, -19], [-9, -10], [-17, -36]], [[6802, 6613], [6, -14], [21, -12], [17, -27], [47, -29]], [[6893, 6531], [3, -46], [8, -10]], [[6904, 6475], [0, -4], [1, -5]], [[6905, 6466], [-21, 2], [-10, 9], [-8, 3], [-24, -13], [-7, -9], [-4, -2], [-21, -10], [-6, -5], [0, -2], [-2, -2], [-2, -1], [-3, -3], [-1, -1], [0, -2], [0, -1], [1, -2], [3, 0], [2, -1], [3, -7], [2, 0], [0, -2], [1, 0], [2, 0], [1, 2], [2, 0], [3, -2], [15, -26], [0, -3], [-8, -12], [-10, -12]], [[7103, 7061], [-4, -1], [-69, 7]], [[7030, 7067], [-23, -23], [-25, -11]], [[6982, 7033], [-49, 15], [-14, 3]], [[6919, 7051], [-15, -3], [-9, 0]], [[6895, 7048], [-6, 2], [-5, 3]], [[6884, 7053], [-1, 1], [-6, 19]], [[6877, 7073], [-23, 12]], [[6854, 7085], [7, 19], [2, 8], [-8, 61], [41, 100], [-16, 61], [158, 64], [78, -35], [-17, -166], [53, -85], [-36, -18], [-11, -21], [-3, -12], [1, 0]], [[4631, 3711], [-54, -2], [-32, 13], [-3, -1], [-5, -2], [-9, -7], [-9, -4], [-9, -6], [-5, -3], [-6, 0], [-5, 3], [-6, 9], [-4, 11], [-3, 44]], [[4481, 3766], [-11, 23], [-3, 5]], [[4467, 3794], [-2, 7], [0, 7], [8, 22], [-30, -5], [-6, 7], [-2, 15], [-1, 4], [-5, 1], [-3, 2], [-11, -17], [-6, -2], [-10, 0], [-4, 2], [-3, 1], [-1, 6], [0, 7], [15, 8], [0, 2], [0, 4], [-1, 3], [-10, 14], [-9, 18], [-4, 16], [-15, 20], [-8, 7], [-5, 7], [-16, 17], [-29, 21], [-6, 1], [-8, 0], [-20, -5], [-6, 1], [-1, 4], [-2, 3], [-4, 0], [-2, -1], [-3, -4], [-3, -2], [-2, 2], [-1, 4], [-2, 4], [-4, 3], [-2, 4], [-3, 14], [-3, 7], [-3, 3], [-4, 2], [-5, 0]], [[4368, 4952], [20, 137], [149, 255], [167, 31], [104, 174], [73, 36], [11, 57], [-92, 65], [-105, -4], [-4, 134], [318, -29], [93, 80]], [[2062, 5194], [-20, 130], [66, 21], [-76, 40], [124, 52], [32, 59], [-45, 75]], [[4016, 1298], [54, 13], [0, -61], [-54, 48]], [[4006, 1665], [65, -10], [-13, -44], [-52, 54]], [[2377, 1726], [-17, -29], [3, -17], [-19, 20], [0, 7], [1, 21]], [[2345, 1728], [8, 3], [6, -1], [6, -2], [3, 3], [1, 2], [7, 3], [3, 2], [4, 5], [28, -2], [0, -4], [-7, 0], [-16, -10], [-2, 1], [-3, 2], [-6, -4]], [[4223, 2188], [34, -42], [-44, -238], [-142, -253]], [[4071, 1655], [-65, 10], [52, -54]], [[4058, 1611], [3, -156], [-55, -32], [59, 15], [5, -127]], [[4070, 1311], [-54, -13], [54, -48]], [[4070, 1250], [1, -187], [-205, -4], [-143, -249], [41, -89], [114, 0], [43, -55], [-177, 42], [-219, -60], [-88, -80], [-51, -181], [-188, -99], [-95, 19], [-35, 19], [-35, 33], [-7, 4]], [[3026, 363], [3, 3], [1, 0], [9, 0], [3, 1], [3, 2], [2, 3], [0, 1], [0, 9], [1, 4], [5, 7], [9, 8], [5, 9], [0, 4], [-3, 10], [-2, 3], [2, 3], [0, 2], [1, 0], [5, -4], [3, 0], [4, 3], [8, 7], [4, 4], [2, 6], [-34, 41], [26, 75], [-3, 4], [-10, 7], [-5, 5], [-4, 10], [-10, 22], [0, 6], [0, 1], [3, 2], [14, 8], [8, 10], [9, 21], [24, 63], [35, 56], [0, 10], [-1, 4], [-22, 29], [-57, 7], [29, 126], [-13, 39], [20, 38], [2, 7], [0, 5], [-2, 1], [-7, 9], [-5, 18], [-18, 24], [-9, -3], [-14, -5], [-17, -6], [-4, -3], [-5, -1], [-17, -15], [-13, -8], [-7, -3], [-4, 0], [-14, 6], [-29, 25], [22, 166], [-80, 64], [13, 100], [-23, -10], [-38, -3], [-17, 6], [-18, -3], [-3, 3], [0, 3], [1, 4]], [[2794, 1413], [12, 13], [23, 14]], [[2829, 1440], [3, 8], [-50, 37], [-56, 16], [-3, 3], [-2, 2], [-4, 13]], [[2717, 1519], [1, 20], [3, 6]], [[2721, 1545], [37, -5], [29, 19], [1, 1], [0, 2], [0, 1], [-1, 3]], [[2787, 1566], [3, 4], [1, 1], [2, 3], [3, 3], [4, 3], [6, 3], [6, 1], [8, 0], [11, -4], [4, -4], [2, -5], [0, -8], [0, -3], [0, -3], [3, -3], [3, -1]], [[2843, 1553], [70, 1], [26, -5]], [[2939, 1549], [1, 3], [3, 2], [5, 22], [9, 14], [15, 20], [3, 2], [6, 2], [14, 0], [11, 4], [6, -1]], [[3012, 1617], [4, -3], [26, -23]], [[3042, 1591], [61, 23], [29, -13], [31, 4]], [[3163, 1605], [6, 6], [10, 24]], [[3179, 1635], [9, 11], [2, 5]], [[3190, 1651], [6, 3], [5, 1], [53, 8], [4, 3], [22, 30]], [[3280, 1696], [12, 11], [1, 3], [0, 2]], [[3293, 1712], [2, 2], [0, 3]], [[3295, 1717], [-2, 4], [-9, 16]], [[3284, 1737], [-15, 8], [-11, 3], [-65, 2], [-3, 0], [-3, 3], [0, 9], [-5, 3], [0, 5], [3, 4], [3, 3], [31, 19], [4, 6], [7, 7]], [[3230, 1809], [3, 4], [3, 6]], [[3236, 1819], [6, 21], [0, 6], [-2, 4], [-1, 0], [-14, 0], [-2, 24], [7, 23], [9, 17], [88, 68], [143, -41]], [[1532, 4553], [95, 237], [-43, 132], [-68, -6], [44, 31], [-58, 68], [205, 122], [-205, -24], [70, 113], [-82, -4], [29, 76], [117, 26], [-155, -12], [-22, 49], [-88, -27], [53, -20], [-1, -53], [-114, -93], [103, -65], [-76, -144], [-349, -140], [-143, -9], [-231, 163], [-367, 423], [50, 62], [44, -75], [344, 82], [125, 184], [-41, -55], [-91, 24], [-195, -72], [-350, 195], [-40, 130], [150, 82], [-180, -92], [-62, 13], [47, 16], [-37, 35], [40, 59], [160, 2], [16, 127], [420, -82], [210, 81], [0, -54], [64, -17], [118, 58], [-41, 62], [36, 37]], [[1959, 2720], [-107, 186], [67, -14], [-76, 52], [33, 51], [-50, 22]], [[8248, 7043], [-8, 136], [-42, 56], [-75, -24], [-52, 38], [4, 81], [117, -4], [216, 80], [11, 80], [172, 157], [333, 164], [6, 76], [100, 68], [236, -75], [142, 71], [4, 44], [133, 21], [79, -33], [-50, -87], [50, 29], [85, -94], [-39, -75], [27, -65], [63, 65], [74, -77], [149, -35], [16, -115], [-148, -119], [108, -159], [-154, 72], [-187, -54], [-283, -241]], [[8747, 6057], [55, -122], [-4, -195], [-80, -40], [34, -269], [-95, -113], [-73, 64], [-33, -64], [-157, 597]], [[8394, 5915], [0, 188]], [[8394, 5915], [-117, -1], [-56, -259], [-60, -9], [-56, 95], [-24, -58], [-75, 181], [21, 101], [136, 116], [87, -14], [85, 140]]], "transform": {"translate": [3430, -870], "scale": [0.656965696569657, 0.7067706770677068]}, "objects": {"features": {"type": "GeometryCollection", "geometries": [{"type": "Polygon", "properties": {"labelrank": 9, "code_hasc": "IN.CH", "name": "Chandigarh", "admin": "India", "type_en": "Union Territory", "region": "North", "woe_id": 20070456, "longitude": 76, "woe_name": "Chandigarh", "fips": "IN05", "woe_label": "Chandigarh, IN, India", "latitude": 30, "iso_a2": "IN", "postal": "CH", "type": "Union Territor", "id": "IN.CH"}, "arcs": [[0, 1]]}, {"type": "Polygon", "properties": {"labelrank": 9, "code_hasc": "IN.DL", "name": "Delhi", "admin": "India", "type_en": "Union Territory", "region": "Central", "woe_id": 20070458, "longitude": 77, "woe_name": "Delhi", "fips": "IN07", "woe_label": "Delhi, IN, India", "latitude": 28, "iso_a2": "IN", "postal": "DL", "type": "Union Territor", "id": "IN.DL"}, "arcs": [[2, 3]]}, {"type": "Polygon", "properties": {"labelrank": 2, "code_hasc": "IN.HP", "name": "Himachal Pradesh", "admin": "India", "type_en": "Union Territory", "region": "North", "woe_id": 2345745, "longitude": 77, "woe_name": "Himachal Pradesh", "fips": "IN11", "woe_label": "Himachal Pradesh, IN, India", "latitude": 31, "iso_a2": "IN", "postal": "HP", "type": "Union Territor", "id": "IN.HP"}, "arcs": [[4, 5, 6, 7, 8]]}, {"type": "Polygon", "properties": {"labelrank": 2, "code_hasc": "IN.HR", "name": "Haryana", "admin": "India", "type_en": "State", "region": "Central", "woe_id": 2345744, "longitude": 76, "woe_name": "Haryana", "fips": "IN10", "woe_label": "Haryana, IN, India", "latitude": 29, "iso_a2": "IN", "postal": "HR", "type": "State", "id": "IN.HR"}, "arcs": [[9, -3, 10, 11, 12, -2, 13, -7]]}, {"type": "Polygon", "properties": {"labelrank": 2, "code_hasc": "IN.JK", "name": "Jammu and Kashmir", "admin": "India", "type_en": "State", "region": "North", "woe_id": 2345746, "longitude": 76, "woe_name": "Jammu and Kashmir", "fips": "IN12", "woe_label": "Jammu and Kashmir, IN, India", "latitude": 33, "iso_a2": "IN", "postal": "JK", "type": "State", "id": "IN.JK"}, "arcs": [[14, 15, -9]]}, {"type": "Polygon", "properties": {"labelrank": 2, "code_hasc": "IN.AP", "name": "Andhra Pradesh", "admin": "India", "type_en": "State", "region": "South", "woe_id": 2345740, "longitude": 79, "woe_name": "Andhra Pradesh", "fips": "IN02", "woe_label": "Andhra Pradesh, IN, India", "latitude": 16, "iso_a2": "IN", "postal": "AP", "type": "State", "id": "IN.AP"}, "arcs": [[16, 17, 18, 19, 20, 21, 22, 23, 24, 25, 26, 27, 28, 29, 30, 31, 32, 33, 34, 35, 36, 37, 38, 39, 40, 41, 42, 43, 44, 45, 46, 47, 48, 49, 50, 51, 52, 53, 54, 55, 56, 57, 58, 59, 60, 61, 62, 63, 64, 65, 66, 67, 68, 69, 70, 71, 72]]}, {"type": "Polygon", "properties": {"labelrank": 2, "code_hasc": "IN.KL", "name": "Kerala", "admin": "India", "type_en": "State", "region": "South", "woe_id": 2345747, "longitude": 76, "woe_name": "Kerala", "fips": "IN13", "woe_label": "Kerala, IN, India", "latitude": 10, "iso_a2": "IN", "postal": "KL", "type": "State", "id": "IN.KL"}, "arcs": [[73, 74, 75, 76, 77, 78, 79, 80, 81]]}, {"type": "Polygon", "properties": {"labelrank": 2, "code_hasc": "IN.OR", "name": "Orissa", "admin": "India", "type_en": "State", "region": "East", "woe_id": 2345755, "longitude": 84, "woe_name": "Orissa", "fips": "IN21", "woe_label": "Orissa, IN, India", "latitude": 20, "iso_a2": "IN", "postal": "OR", "type": "State", "id": "IN.OR"}, "arcs": [[82, 83, 84, 85, 86, 87, 88, 89, 90, 91, 92, 93, 94, 95, 96, 97, 98, 99, 100]]}, {"type": "Polygon", "properties": {"labelrank": 9, "code_hasc": "IN.DN", "name": "Dadra and Nagar Haveli", "admin": "India", "type_en": "Union Territory", "region": "West", "woe_id": 20070457, "longitude": 73, "woe_name": "Dadra and Nagar Haveli", "fips": "IN06", "woe_label": "Dadra and Nagar Haveli, IN, India", "latitude": 20, "iso_a2": "IN", "postal": "DN", "type": "Union Territor", "id": "IN.DN"}, "arcs": [[101, 102]]}, {"type": "Polygon", "properties": {"labelrank": 2, "code_hasc": "IN.KA", "name": "Karnataka", "admin": "India", "type_en": "State", "region": "South", "woe_id": 2345753, "longitude": 75, "woe_name": "Karnataka", "fips": "IN19", "woe_label": "Karnataka, IN, India", "latitude": 14, "iso_a2": "IN", "postal": "KA", "type": "State", "id": "IN.KA"}, "arcs": [[103, 104, 105, 106, 107, 108, 109, 110, 111, 112, 113, 114, 115, 116, 117, 118, 119, 120, 121, 122, 123, 124, 125, 126, 127, 128, 129, 130, 131, 132, 133, 134, 135, 136, 137, 138, 139, 140, 141, 142, 143, 144, -82, 145, 146, 147]]}, {"type": "Polygon", "properties": {"labelrank": 2, "code_hasc": "IN.MH", "name": "Maharashtra", "admin": "India", "type_en": "State", "region": "West", "woe_id": 2345750, "longitude": 75, "woe_name": "Maharashtra", "fips": "IN16", "woe_label": "Maharashtra, IN, India", "latitude": 19, "iso_a2": "IN", "postal": "MH", "type": "State", "id": "IN.MH"}, "arcs": [[148, 149, 150, 151, -148, 152, 153, 154, -102, 155, 156]]}, {"type": "MultiPolygon", "properties": {"labelrank": 2, "code_hasc": "IN.AN", "name": "Andaman and Nicobar", "admin": "India", "type_en": "Union Territory", "region": "", "woe_id": 2345739, "longitude": 93, "woe_name": "Andaman and Nicobar", "fips": "IN01", "woe_label": "Andaman and Nicobar Islands, IN, India", "latitude": 6, "iso_a2": "IN", "postal": "AN", "type": "Union Territor", "id": "IN.AN"}, "arcs": [[[157]], [[158]], [[159]], [[160]], [[161]], [[162]]]}, {"type": "Polygon", "properties": {"labelrank": 2, "code_hasc": "IN.AS", "name": "Assam", "admin": "India", "type_en": "State", "region": "Northeast", "woe_id": 2345741, "longitude": 92, "woe_name": "Assam", "fips": "IN03", "woe_label": "Assam, IN, India", "latitude": 26, "iso_a2": "IN", "postal": "AS", "type": "State", "id": "IN.AS"}, "arcs": [[163, 164, 165, 166, 167, 168, 169, 170, 171, 172, 173, 174]]}, {"type": "Polygon", "properties": {"labelrank": 2, "code_hasc": "IN.MN", "name": "Manipur", "admin": "India", "type_en": "State", "region": "Northeast", "woe_id": 2345751, "longitude": 93, "woe_name": "Manipur", "fips": "IN17", "woe_label": "Manipur, IN, India", "latitude": 24, "iso_a2": "IN", "postal": "MN", "type": "State", "id": "IN.MN"}, "arcs": [[175, 176, -165, 177]]}, {"type": "Polygon", "properties": {"labelrank": 2, "code_hasc": "IN.NL", "name": "Nagaland", "admin": "India", "type_en": "State", "region": "Northeast", "woe_id": 2345754, "longitude": 94, "woe_name": "Nagaland", "fips": "IN20", "woe_label": "Nagaland, IN, India", "latitude": 26, "iso_a2": "IN", "postal": "NL", "type": "State", "id": "IN.NL"}, "arcs": [[178, -178, -164, 179]]}, {"type": "Polygon", "properties": {"labelrank": 2, "code_hasc": "IN.ML", "name": "Meghalaya", "admin": "India", "type_en": "State", "region": "Northeast", "woe_id": 2345752, "longitude": 91, "woe_name": "Meghalaya", "fips": "IN18", "woe_label": "Meghalaya, IN, India", "latitude": 25, "iso_a2": "IN", "postal": "ML", "type": "State", "id": "IN.ML"}, "arcs": [[180, -169]]}, {"type": "Polygon", "properties": {"labelrank": 2, "code_hasc": "IN.PB", "name": "Punjab", "admin": "India", "type_en": "State", "region": "North", "woe_id": 2345756, "longitude": 75, "woe_name": "Punjab", "fips": "IN23", "woe_label": "Punjab, IN, India", "latitude": 31, "iso_a2": "IN", "postal": "PB", "type": "State", "id": "IN.PB"}, "arcs": [[-1, -13, 181, 182, -15, -8, -14]]}, {"type": "Polygon", "properties": {"labelrank": 2, "code_hasc": "IN.RJ", "name": "Rajasthan", "admin": "India", "type_en": "State", "region": "Central", "woe_id": 2345757, "longitude": 73, "woe_name": "Rajasthan", "fips": "IN24", "woe_label": "Rajasthan, IN, India", "latitude": 26, "iso_a2": "IN", "postal": "RJ", "type": "State", "id": "IN.RJ"}, "arcs": [[-12, 183, 184, 185, 186, -182]]}, {"type": "Polygon", "properties": {"labelrank": 2, "code_hasc": "IN.UP", "name": "Uttar Pradesh", "admin": "India", "type_en": "State", "region": "Central", "woe_id": 2345760, "longitude": 80, "woe_name": "Uttar Pradesh", "fips": "IN36", "woe_label": "Uttar Pradesh, IN, India", "latitude": 26, "iso_a2": "IN", "postal": "UP", "type": "State", "id": "IN.UP"}, "arcs": [[187, 188, 189, 190, 191, -184, -11, -4, -10, 192]]}, {"type": "Polygon", "properties": {"labelrank": 2, "code_hasc": "IN.UT", "name": "Uttaranchal", "admin": "India", "type_en": "State", "region": "Central", "woe_id": 20070462, "longitude": 79, "woe_name": "Uttaranchal", "fips": "IN39", "woe_label": "Uttarakhand, IN, India", "latitude": 30, "iso_a2": "IN", "postal": "UT", "type": "State", "id": "IN.UT"}, "arcs": [[-6, 193, -193]]}, {"type": "Polygon", "properties": {"labelrank": 2, "code_hasc": "IN.JH", "name": "Jharkhand", "admin": "India", "type_en": "State", "region": "East", "woe_id": 20070463, "longitude": 85, "woe_name": "Jharkhand", "fips": "IN38", "woe_label": "Jharkhand, IN, India", "latitude": 23, "iso_a2": "IN", "postal": "JH", "type": "State", "id": "IN.JH"}, "arcs": [[194, 195, 196, 197, 198, 199, 200, 201, 202, 203, 204, 205, 206, 207, 208, 209, 210, 211, 212, -101, 213, -190, 214]]}, {"type": "MultiPolygon", "properties": {"labelrank": 2, "code_hasc": "IN.WB", "name": "West Bengal", "admin": "India", "type_en": "State", "region": "East", "woe_id": 2345761, "longitude": 87, "woe_name": "West Bengal", "fips": "IN28", "woe_label": "West Bengal, IN, India", "latitude": 23, "iso_a2": "IN", "postal": "WB", "type": "State", "id": "IN.WB"}, "arcs": [[[215]], [[216, 217, 218, 219, 220, 221, 222, 223, 224, 225, 226, 227, 228, 229, 230, 231, 232, 233, 234, 235, 236, 237, 238, 239, 240, 241, 242, 243, 244, 245, 246, 247, 248, 249, 250, 251, 252, 253, 254, 255, 256, 257, 258, 259, 260]]]}, {"type": "Polygon", "properties": {"labelrank": 2, "code_hasc": "IN.BR", "name": "Bihar", "admin": "India", "type_en": "State", "region": "East", "woe_id": 2345742, "longitude": 85, "woe_name": "Bihar", "fips": "IN34", "woe_label": "Bihar, IN, India", "latitude": 25, "iso_a2": "IN", "postal": "BR", "type": "State", "id": "IN.BR"}, "arcs": [[-215, -189, 261, 262, 263, 264, 265, 266, 267, 268]]}, {"type": "Polygon", "properties": {"labelrank": 2, "code_hasc": "IN.SK", "name": "Sikkim", "admin": "India", "type_en": "State", "region": "East", "woe_id": 2345762, "longitude": 88, "woe_name": "Sikkim", "fips": "IN29", "woe_label": "Sikkim, IN, India", "latitude": 27, "iso_a2": "IN", "postal": "SK", "type": "State", "id": "IN.SK"}, "arcs": [[269, 270, 271, 272, 273, 274, 275, 276]]}, {"type": "Polygon", "properties": {"labelrank": 2, "code_hasc": "IN.CT", "name": "Chhattisgarh", "admin": "India", "type_en": "State", "region": "Central", "woe_id": 20070464, "longitude": 82, "woe_name": "Chhattisgarh", "fips": "IN37", "woe_label": "Chhattisgarh, IN, India", "latitude": 21, "iso_a2": "IN", "postal": "CT", "type": "State", "id": "IN.CT"}, "arcs": [[-100, 277, 278, 279, -149, 280, -191, -214]]}, {"type": "Polygon", "properties": {"labelrank": 2, "code_hasc": "IN.MP", "name": "Madhya Pradesh", "admin": "India", "type_en": "State", "region": "Central", "woe_id": 2345749, "longitude": 78, "woe_name": "Madhya Pradesh", "fips": "IN35", "woe_label": "Madhya Pradesh, IN, India", "latitude": 22, "iso_a2": "IN", "postal": "MP", "type": "State", "id": "IN.MP"}, "arcs": [[-281, -157, 281, -185, -192]]}, {"type": "MultiPolygon", "properties": {"labelrank": 2, "code_hasc": "IN.PY", "name": "Puducherry", "admin": "India", "type_en": "Union Territory", "region": "South", "woe_id": 20070459, "longitude": 79, "woe_name": "Puducherry", "fips": "IN22", "woe_label": "Puducherry, IN, India", "latitude": 10, "iso_a2": "IN", "postal": "PY", "type": "Union Territor", "id": "IN.PY"}, "arcs": [[[282]], [[283]], [[284, 285]]]}, {"type": "Polygon", "properties": {"labelrank": 2, "code_hasc": "IN.", "name": "Tamil Nadu", "admin": "India", "type_en": "State", "region": "South", "woe_id": 2345758, "longitude": 78, "woe_name": "Tamil Nadu", "fips": "IN22", "woe_label": "Tamil Nadu, IN, India", "latitude": 11, "iso_a2": "IN", "postal": "TN", "type": "State", "id": "IN.2983"}, "arcs": [[286, 287, 288, 289, 290, 291, 292, 293, 294, 295, 296, 297, 298, 299, 300, 301, 302, 303, 304, 305, 306, 307, 308, 309, -17]]}, {"type": "Polygon", "properties": {"labelrank": 2, "code_hasc": "IN.", "name": "Gujarat", "admin": "India", "type_en": "", "region": "West", "woe_id": 2345743, "longitude": 71, "woe_name": "Gujarat", "fips": "IN32", "woe_label": "Gujarat, IN, India", "latitude": 22, "iso_a2": "IN", "postal": "", "type": "", "id": "IN.2984"}, "arcs": [[-282, -156, -103, -155, 310, -186]]}, {"type": "Polygon", "properties": {"labelrank": 2, "code_hasc": "IN.GA", "name": "Goa", "admin": "India", "type_en": "State", "region": "West", "woe_id": 2345764, "longitude": 73, "woe_name": "Goa", "fips": "IN08", "woe_label": "Goa, IN, India", "latitude": 15, "iso_a2": "IN", "postal": "GA", "type": "State", "id": "IN.GA"}, "arcs": [[-147, 311, -153]]}, {"type": "Polygon", "properties": {"labelrank": 2, "code_hasc": "IN.AR", "name": "Arunachal Pradesh", "admin": "India", "type_en": "State", "region": "Northeast", "woe_id": 2345763, "longitude": 94, "woe_name": "Arunachal Pradesh", "fips": "IN30", "woe_label": "Arunachal Pradesh, IN, India", "latitude": 28, "iso_a2": "IN", "postal": "AR", "type": "State", "id": "IN.AR"}, "arcs": [[-175, 312, -180]]}, {"type": "Polygon", "properties": {"labelrank": 2, "code_hasc": "IN.MZ", "name": "Mizoram", "admin": "India", "type_en": "State", "region": "Northeast", "woe_id": 20070461, "longitude": 92, "woe_name": "Mizoram", "fips": "IN31", "woe_label": "Mizoram, IN, India", "latitude": 23, "iso_a2": "IN", "postal": "MZ", "type": "State", "id": "IN.MZ"}, "arcs": [[-177, 313, 314, -166]]}, {"type": "Polygon", "properties": {"labelrank": 2, "code_hasc": "IN.TR", "name": "Tripura", "admin": "India", "type_en": "State", "region": "Northeast", "woe_id": 2345759, "longitude": 91, "woe_name": "Tripura", "fips": "IN26", "woe_label": "Tripura, IN, India", "latitude": 23, "iso_a2": "IN", "postal": "TR", "type": "State", "id": "IN.TR"}, "arcs": [[-315, 315, -167]]}]}}, "bbox": [3430, -870, 9999, 6197], "type": "Topology"}