{"crs": {"type": "name", "properties": {"name": "urn:ogc:def:crs:EPSG:32634"}}, "type": "FeatureCollection", "features": [{"geometry": {"type": "Polygon", "coordinates": [[[-346, 5661], [-257, 5619], [-212, 5625], [-164, 5564], [23, 5562], [253, 5614], [309, 5597], [228, 5498], [268, 5464], [303, 5375], [358, 5328], [409, 5197], [483, 5174], [463, 5079], [508, 4986], [438, 4966], [355, 4893], [241, 4977], [155, 5000], [98, 5210], [-144, 5314], [-179, 5276], [-290, 5269], [-381, 5236], [-462, 5268], [-630, 5233], [-663, 5400], [-764, 5448], [-801, 5558], [-577, 5554], [-582, 5664], [-508, 5638], [-469, 5594], [-421, 5634], [-483, 5713], [-425, 5722], [-346, 5661]]]}, "type": "Feature", "properties": {"labelrank": 4, "code_hasc": "TD.HD", "name": "Hadjer-Lamis", "admin": "Chad", "type_en": "Prefecture", "region": "", "woe_id": -2344948, "longitude": 15, "woe_name": "Hadjer-Lamis", "fips": "CD18", "woe_label": "Chari-Baguirmi, TD, Chad", "latitude": 12, "iso_a2": "TD", "postal": "HD", "type": "Préfecture", "id": "TD.HD"}}, {"geometry": {"type": "Polygon", "coordinates": [[[143, 6963], [65, 6835], [-94, 6315], [-104, 6215], [-249, 6036], [-326, 6007], [-325, 5869], [-259, 5883], [-218, 5863], [-212, 5625], [-257, 5619], [-346, 5661], [-418, 5870], [-658, 5838], [-789, 6030], [-840, 6045], [-948, 6169], [-1147, 6218], [-1122, 6238], [-1128, 6274], [-1079, 6302], [-1081, 6357], [-1046, 6430], [-814, 6735], [-345, 7215], [143, 6963]]]}, "type": "Feature", "properties": {"labelrank": 4, "code_hasc": "TD.KM", "name": "Kanem", "admin": "Chad", "type_en": "Prefecture", "region": "", "woe_id": 2344950, "longitude": 15, "woe_name": "Kanem", "fips": "CD06", "woe_label": "", "latitude": 15, "iso_a2": "TD", "postal": "KM", "type": "Préfecture", "id": "TD.KM"}}, {"geometry": {"type": "Polygon", "coordinates": [[[-346, 5661], [-425, 5722], [-483, 5713], [-421, 5634], [-469, 5594], [-508, 5638], [-582, 5664], [-577, 5554], [-801, 5558], [-826, 5594], [-974, 5596], [-1158, 5870], [-1215, 6161], [-1200, 6205], [-1147, 6218], [-948, 6169], [-840, 6045], [-789, 6030], [-658, 5838], [-418, 5870], [-346, 5661]]]}, "type": "Feature", "properties": {"labelrank": 4, "code_hasc": "TD.LC", "name": "Lac", "admin": "Chad", "type_en": "Prefecture", "region": "", "woe_id": 2344951, "longitude": 14, "woe_name": "Lac", "fips": "CD07", "woe_label": "", "latitude": 13, "iso_a2": "TD", "postal": "LC", "type": "Préfecture", "id": "TD.LC"}}, {"geometry": {"type": "Polygon", "coordinates": [[[1510, 6708], [1507, 6016], [1507, 5954], [1605, 5900], [1628, 5563], [1501, 5512], [1382, 5548], [1134, 5421], [851, 5428], [663, 5310], [595, 5301], [485, 5208], [483, 5174], [409, 5197], [358, 5328], [303, 5375], [268, 5464], [228, 5498], [309, 5597], [339, 5642], [357, 5842], [488, 5882], [682, 6644], [771, 6575], [882, 6543], [1053, 6588], [1152, 6687], [1191, 6879], [1252, 6858], [1268, 6794], [1327, 6752], [1510, 6708]]]}, "type": "Feature", "properties": {"labelrank": 4, "code_hasc": "TD.BA", "name": "Batha", "admin": "Chad", "type_en": "Prefecture", "region": "", "woe_id": 2344945, "longitude": 18, "woe_name": "Batha", "fips": "CD01", "woe_label": "", "latitude": 14, "iso_a2": "TD", "postal": "BA", "type": "Préfecture", "id": "TD.BA"}}, {"geometry": {"type": "Polygon", "coordinates": [[[2794, 6678], [2708, 6607], [2737, 6536], [2733, 6472], [2608, 6315], [2615, 6244], [2486, 6181], [2512, 6150], [2514, 6063], [2557, 6044], [2563, 6010], [2412, 5916], [2213, 5996], [2097, 6013], [1991, 5991], [1904, 6035], [1857, 6099], [1736, 6148], [1627, 6136], [1507, 6016], [1510, 6708], [1630, 6658], [1709, 6676], [1743, 6665], [1853, 6713], [1961, 6792], [2050, 6751], [2223, 6799], [2298, 6776], [2406, 6800], [2444, 6771], [2527, 6762], [2560, 6721], [2734, 6726], [2794, 6678]]]}, "type": "Feature", "properties": {"labelrank": 4, "code_hasc": "TD.BI", "name": "Wadi Fira", "admin": "Chad", "type_en": "Prefecture", "region": "", "woe_id": 2344946, "longitude": 21, "woe_name": "Wadi Fira", "fips": "CD02", "woe_label": "Wadi Fira, TD, Chad", "latitude": 15, "iso_a2": "TD", "postal": "BI", "type": "Préfecture", "id": "TD.BI"}}, {"geometry": {"type": "Polygon", "coordinates": [[[1501, 5512], [1577, 5441], [1525, 5383], [1543, 5352], [1469, 5272], [1428, 5136], [1248, 5168], [1176, 5100], [1207, 5046], [1164, 4962], [1109, 4938], [1085, 4977], [1027, 4966], [1024, 4823], [1371, 4645], [1358, 4512], [1305, 4460], [1240, 4449], [1199, 4399], [1207, 4378], [1100, 4266], [993, 4249], [979, 4202], [951, 4195], [910, 4215], [914, 4261], [849, 4329], [720, 4399], [630, 4417], [587, 4456], [463, 4453], [363, 4506], [355, 4893], [438, 4966], [508, 4986], [463, 5079], [483, 5174], [485, 5208], [595, 5301], [663, 5310], [851, 5428], [1134, 5421], [1382, 5548], [1501, 5512]]]}, "type": "Feature", "properties": {"labelrank": 4, "code_hasc": "TD.GR", "name": "Guéra", "admin": "Chad", "type_en": "Prefecture", "region": "", "woe_id": 2344949, "longitude": 18, "woe_name": "Guéra", "fips": "CD05", "woe_label": "Guera, TD, Chad", "latitude": 11, "iso_a2": "TD", "postal": "GR", "type": "Préfecture", "id": "TD.GR"}}, {"geometry": {"type": "Polygon", "coordinates": [[[2412, 5916], [2368, 5852], [2449, 5667], [2323, 5566], [2259, 5436], [2161, 5473], [2021, 5386], [1914, 5382], [1859, 5404], [1855, 5473], [1791, 5486], [1787, 5543], [1628, 5563], [1605, 5900], [1507, 5954], [1507, 6016], [1627, 6136], [1736, 6148], [1857, 6099], [1904, 6035], [1991, 5991], [2097, 6013], [2213, 5996], [2412, 5916]]]}, "type": "Feature", "properties": {"labelrank": 4, "code_hasc": "TD.OA", "name": "Ouaddaï", "admin": "Chad", "type_en": "Prefecture", "region": "", "woe_id": 2344956, "longitude": 21, "woe_name": "Ouaddaï", "fips": "CD12", "woe_label": "Ouaddai, TD, Chad", "latitude": 13, "iso_a2": "TD", "postal": "OA", "type": "Préfecture", "id": "TD.OA"}}, {"geometry": {"type": "Polygon", "coordinates": [[[-8, 3890], [59, 3793], [23, 3730], [-194, 3629], [-276, 3547], [-380, 3524], [-505, 3607], [-490, 3702], [-420, 3853], [-376, 3837], [-270, 3850], [-192, 3887], [-130, 3875], [-40, 3938], [-8, 3890]]]}, "type": "Feature", "properties": {"labelrank": 4, "code_hasc": "TD.LO", "name": "Logone Occidental", "admin": "Chad", "type_en": "Prefecture", "region": "", "woe_id": 2344952, "longitude": 15, "woe_name": "Logone Occidental", "fips": "CD08", "woe_label": "Logone Occidental, TD, Chad", "latitude": 8, "iso_a2": "TD", "postal": "LO", "type": "Préfecture", "id": "TD.LO"}}, {"geometry": {"type": "Polygon", "coordinates": [[[275, 3862], [279, 3740], [243, 3676], [333, 3527], [298, 3474], [261, 3465], [325, 3325], [268, 3269], [174, 3251], [142, 3213], [61, 3272], [34, 3353], [-33, 3317], [-43, 3270], [-182, 3234], [-233, 3194], [-304, 3181], [-342, 3207], [-407, 3206], [-422, 3211], [-386, 3325], [-437, 3346], [-532, 3596], [-505, 3607], [-380, 3524], [-276, 3547], [-194, 3629], [23, 3730], [59, 3793], [-8, 3890], [197, 3848], [275, 3862]]]}, "type": "Feature", "properties": {"labelrank": 4, "code_hasc": "TD.LR", "name": "Logone Oriental", "admin": "Chad", "type_en": "Prefecture", "region": "", "woe_id": 2344953, "longitude": 16, "woe_name": "Logone Oriental", "fips": "CD09", "woe_label": "", "latitude": 8, "iso_a2": "TD", "postal": "LR", "type": "Préfecture", "id": "TD.LR"}}, {"geometry": {"type": "Polygon", "coordinates": [[[-93, 4347], [-84, 4293], [-121, 4202], [-200, 4129], [-260, 4155], [-430, 3921], [-577, 4012], [-615, 4131], [-724, 4131], [-724, 4241], [-544, 4265], [-424, 4239], [-322, 4263], [-407, 4325], [-480, 4402], [-514, 4478], [-547, 4493], [-589, 4733], [-503, 4775], [-456, 4769], [-371, 4663], [-289, 4612], [-125, 4582], [-131, 4398], [-93, 4347]]]}, "type": "Feature", "properties": {"labelrank": 4, "code_hasc": "TD.ME", "name": "Mayo-Kebbi Est", "admin": "Chad", "type_en": "Prefecture", "region": "", "woe_id": 56013483, "longitude": 15, "woe_name": "Mayo-Kebbi Est", "fips": "CD16", "woe_label": "Mayo-Kebbi Est, TD, Chad", "latitude": 9, "iso_a2": "TD", "postal": "ME", "type": "Préfecture", "id": "TD.ME"}}, {"geometry": {"type": "Polygon", "coordinates": [[[374, 4179], [464, 4122], [460, 4080], [421, 4105], [320, 4074], [321, 3996], [259, 3945], [310, 3899], [275, 3862], [197, 3848], [-8, 3890], [-40, 3938], [-130, 3875], [-192, 3887], [-270, 3850], [-376, 3837], [-420, 3853], [-430, 3921], [-260, 4155], [-200, 4129], [-121, 4202], [-84, 4293], [-93, 4347], [0, 4344], [55, 4368], [81, 4301], [126, 4271], [374, 4179]]]}, "type": "Feature", "properties": {"labelrank": 4, "code_hasc": "TD.TA", "name": "Tandjilé", "admin": "Chad", "type_en": "Prefecture", "region": "", "woe_id": 2344958, "longitude": 16, "woe_name": "Tandjile", "fips": "CD14", "woe_label": "", "latitude": 9, "iso_a2": "TD", "postal": "TA", "type": "Préfecture", "id": "TD.TA"}}, {"geometry": {"type": "Polygon", "coordinates": [[[460, 4080], [497, 4023], [543, 4013], [568, 3953], [724, 3896], [693, 3846], [640, 3832], [627, 3769], [659, 3745], [658, 3668], [706, 3564], [725, 3412], [590, 3387], [498, 3398], [325, 3325], [261, 3465], [298, 3474], [333, 3527], [243, 3676], [279, 3740], [275, 3862], [310, 3899], [259, 3945], [321, 3996], [320, 4074], [421, 4105], [460, 4080]]]}, "type": "Feature", "properties": {"labelrank": 4, "code_hasc": "TD.MA", "name": "Mandoul", "admin": "Chad", "type_en": "Prefecture", "region": "", "woe_id": 56013482, "longitude": 17, "woe_name": "Mandoul", "fips": "CD11", "woe_label": "", "latitude": 8, "iso_a2": "TD", "postal": "MA", "type": "Préfecture", "id": "TD.MA"}}, {"geometry": {"type": "Polygon", "coordinates": [[[1428, 5136], [1448, 5088], [1483, 5089], [1482, 5128], [1608, 5130], [1934, 4949], [2031, 4927], [2266, 4970], [2360, 4940], [2495, 4655], [2416, 4596], [2362, 4605], [2343, 4565], [2225, 4519], [2224, 4375], [2138, 4334], [2079, 4237], [2036, 4243], [1966, 4152], [1930, 4141], [1915, 4080], [1848, 4001], [1776, 3969], [1781, 3952], [1728, 3960], [1683, 3882], [1546, 3888], [1471, 3851], [1320, 4282], [1350, 4345], [1335, 4402], [1358, 4512], [1371, 4645], [1024, 4823], [1027, 4966], [1085, 4977], [1109, 4938], [1164, 4962], [1207, 5046], [1176, 5100], [1248, 5168], [1428, 5136]]]}, "type": "Feature", "properties": {"labelrank": 4, "code_hasc": "TD.SA", "name": "Salamat", "admin": "Chad", "type_en": "Prefecture", "region": "", "woe_id": 2344957, "longitude": 20, "woe_name": "Salamat", "fips": "CD13", "woe_label": "Salamat, TD, Chad", "latitude": 10, "iso_a2": "TD", "postal": "SA", "type": "Préfecture", "id": "TD.SA"}}, {"geometry": {"type": "Polygon", "coordinates": [[[-575, 5149], [-587, 5172], [-570, 5203], [-542, 5182], [-575, 5149]]]}, "type": "Feature", "properties": {"labelrank": 4, "code_hasc": "TD.NJ", "name": "Ville de N'Djamena", "admin": "Chad", "type_en": "Capital", "region": "", "woe_id": 56013485, "longitude": 15, "woe_name": "Ville de N'Djamena", "fips": "CD21", "woe_label": "Ville de N'Djamena, TD, Chad", "latitude": 12, "iso_a2": "TD", "postal": "NJ", "type": "Préfecture", "id": "TD.NJ"}}, {"geometry": {"type": "Polygon", "coordinates": [[[-724, 4241], [-724, 4131], [-615, 4131], [-577, 4012], [-430, 3921], [-420, 3853], [-490, 3702], [-505, 3607], [-532, 3596], [-598, 3692], [-892, 3921], [-1059, 4125], [-957, 4269], [-847, 4274], [-724, 4241]]]}, "type": "Feature", "properties": {"labelrank": 4, "code_hasc": "TD.MW", "name": "Mayo-Kebbi Ouest", "admin": "Chad", "type_en": "Prefecture", "region": "", "woe_id": 56013484, "longitude": 14, "woe_name": "Mayo-Kebbi Ouest", "fips": "CD20", "woe_label": "Mayo-Kebbi Ouest, TD, Chad", "latitude": 9, "iso_a2": "TD", "postal": "MO", "type": "Préfecture", "id": "TD.MW"}}, {"geometry": {"type": "Polygon", "coordinates": [[[1879, 8934], [1520, 8194], [1578, 7941], [1687, 7636], [1676, 7300], [1635, 7122], [1772, 6732], [1709, 6676], [1630, 6658], [1510, 6708], [1327, 6752], [1268, 6794], [1252, 6858], [1191, 6879], [1152, 6687], [1053, 6588], [882, 6543], [771, 6575], [682, 6644], [622, 6720], [143, 6963], [-345, 7215], [-334, 7309], [461, 8693], [484, 8808], [652, 8815], [783, 8907], [1021, 8988], [1016, 9293], [1095, 9354], [1879, 8934]]]}, "type": "Feature", "properties": {"labelrank": 4, "code_hasc": "TD.BR", "name": "Borkou", "admin": "Chad", "type_en": "Préfecture", "region": "", "woe_id": -2344947, "longitude": 19, "woe_name": "Bet", "fips": "CD23", "woe_label": "Borkou-Ennedi-Tibesti, TD, Chad", "latitude": 18, "iso_a2": "TD", "postal": "BR", "type": "Préfecture", "id": "TD.BR"}}, {"geometry": {"type": "Polygon", "coordinates": [[[1095, 9354], [1016, 9293], [1021, 8988], [783, 8907], [652, 8815], [484, 8808], [461, 8693], [-334, 7309], [-198, 8492], [-98, 8673], [-253, 8856], [-262, 8915], [-235, 8940], [-396, 9177], [-393, 9391], [-453, 9822], [-49, 9999], [1095, 9354]]]}, "type": "Feature", "properties": {"labelrank": 4, "code_hasc": "TD.TI", "name": "Tibesti", "admin": "Chad", "type_en": "Préfecture", "region": "", "woe_id": -2344947, "longitude": 16, "woe_name": "Bet", "fips": "CD26", "woe_label": "Borkou-Ennedi-Tibesti, TD, Chad", "latitude": 21, "iso_a2": "TD", "postal": "TI", "type": "Préfecture", "id": "TD.TI"}}, {"geometry": {"type": "Polygon", "coordinates": [[[2794, 6678], [2734, 6726], [2560, 6721], [2527, 6762], [2444, 6771], [2406, 6800], [2298, 6776], [2223, 6799], [2050, 6751], [1961, 6792], [1853, 6713], [1743, 6665], [1709, 6676], [1772, 6732], [1635, 7122], [1676, 7300], [1687, 7636], [1578, 7941], [1520, 8194], [1879, 8934], [3124, 8295], [3151, 6689], [2794, 6678]]]}, "type": "Feature", "properties": {"labelrank": 4, "code_hasc": "TD.EN", "name": "Ennedi", "admin": "Chad", "type_en": "Préfecture", "region": "", "woe_id": -2344947, "longitude": 22, "woe_name": "Bet", "fips": "CD24", "woe_label": "Borkou-Ennedi-Tibesti, TD, Chad", "latitude": 18, "iso_a2": "TD", "postal": "EN", "type": "Préfecture", "id": "TD.EN"}}, {"geometry": {"type": "Polygon", "coordinates": [[[355, 4893], [363, 4506], [463, 4453], [374, 4179], [126, 4271], [81, 4301], [55, 4368], [0, 4344], [-93, 4347], [-131, 4398], [-125, 4582], [-289, 4612], [-371, 4663], [-456, 4769], [-503, 4775], [-589, 4733], [-573, 4876], [-540, 4924], [-567, 4980], [-548, 5032], [-575, 5073], [-559, 5113], [-575, 5149], [-542, 5182], [-570, 5203], [-587, 5172], [-632, 5189], [-630, 5233], [-462, 5268], [-381, 5236], [-290, 5269], [-179, 5276], [-144, 5314], [98, 5210], [155, 5000], [241, 4977], [355, 4893]]]}, "type": "Feature", "properties": {"labelrank": 4, "code_hasc": "TD.CG", "name": "Chari-Baguirmi", "admin": "Chad", "type_en": "Prefecture", "region": "", "woe_id": -2344948, "longitude": 16, "woe_name": "Hadjer-Lamis", "fips": "CD15", "woe_label": "Chari-Baguirmi, TD, Chad", "latitude": 11, "iso_a2": "TD", "postal": "CG", "type": "Préfecture", "id": "TD.CG"}}, {"geometry": {"type": "Polygon", "coordinates": [[[682, 6644], [488, 5882], [357, 5842], [339, 5642], [309, 5597], [253, 5614], [23, 5562], [-164, 5564], [-212, 5625], [-218, 5863], [-259, 5883], [-325, 5869], [-326, 6007], [-249, 6036], [-104, 6215], [-94, 6315], [65, 6835], [143, 6963], [622, 6720], [682, 6644]]]}, "type": "Feature", "properties": {"labelrank": 4, "code_hasc": "TD.BG", "name": "Barh El Gazel", "admin": "Chad", "type_en": "Prefecture", "region": "", "woe_id": -2344950, "longitude": 16, "woe_name": "Kanem", "fips": "CD22", "woe_label": "", "latitude": 14, "iso_a2": "TD", "postal": "BG", "type": "Préfecture", "id": "TD.BG"}}, {"geometry": {"type": "Polygon", "coordinates": [[[2259, 5436], [2312, 5371], [2383, 5376], [2424, 5415], [2525, 5360], [2495, 5297], [2542, 5170], [2532, 5113], [2596, 5131], [2568, 4944], [2665, 4847], [2725, 4844], [2743, 4765], [2703, 4641], [2556, 4675], [2495, 4655], [2360, 4940], [2266, 4970], [2031, 4927], [1934, 4949], [1608, 5130], [1482, 5128], [1483, 5089], [1448, 5088], [1428, 5136], [1469, 5272], [1543, 5352], [1525, 5383], [1577, 5441], [1501, 5512], [1628, 5563], [1787, 5543], [1791, 5486], [1855, 5473], [1859, 5404], [1914, 5382], [2021, 5386], [2161, 5473], [2259, 5436]]]}, "type": "Feature", "properties": {"labelrank": 4, "code_hasc": "TD.SI", "name": "Sila", "admin": "Chad", "type_en": "Prefecture", "region": "", "woe_id": -2344956, "longitude": 21, "woe_name": "Ouaddaï", "fips": "CD25", "woe_label": "Ouaddai, TD, Chad", "latitude": 12, "iso_a2": "TD", "postal": "SI", "type": "Préfecture", "id": "TD.SI"}}, {"geometry": {"type": "Polygon", "coordinates": [[[1471, 3851], [1086, 3819], [1021, 3762], [1128, 3687], [996, 3519], [922, 3477], [900, 3422], [725, 3412], [706, 3564], [658, 3668], [659, 3745], [627, 3769], [640, 3832], [693, 3846], [724, 3896], [568, 3953], [543, 4013], [497, 4023], [460, 4080], [464, 4122], [374, 4179], [463, 4453], [587, 4456], [630, 4417], [720, 4399], [849, 4329], [914, 4261], [910, 4215], [951, 4195], [979, 4202], [993, 4249], [1100, 4266], [1207, 4378], [1199, 4399], [1240, 4449], [1305, 4460], [1358, 4512], [1335, 4402], [1350, 4345], [1320, 4282], [1471, 3851]]]}, "type": "Feature", "properties": {"labelrank": 4, "code_hasc": "TD.MO", "name": "Moyen-Chari", "admin": "Chad", "type_en": "Prefecture", "region": "", "woe_id": -56013482, "longitude": 18, "woe_name": "Mandoul", "fips": "CD17", "woe_label": "", "latitude": 9, "iso_a2": "TD", "postal": "MA", "type": "Préfecture", "id": "TD.MO"}}], "ac-tx": {"default": {"crs": "+proj=utm +zone=34 +datum=WGS84 +units=m +no_defs", "scale": 0.0038432654396423167}}}