{"crs": {"type": "name", "properties": {"name": "urn:ogc:def:crs:EPSG:2192"}}, "ac-tx": {"FR.MQ": {"crs": "+proj=utm +zone=20 +datum=WGS84 +units=m +no_defs", "scale": 0.00182, "heatZone": {"width": 83.05529312908538, "top": 1623.6667041044384, "height": 96.68620726787276, "left": 719.481572259977}, "xoffset": -537.3063268564016, "yoffset": -1371.4316390766717}, "FR.GF": {"crs": "+proj=utm +zone=22 +datum=WGS84 +units=m +no_defs", "scale": 0.00025, "heatZone": {"width": 82.95774106665124, "top": 1623.374106626051, "height": 100.63941954755637, "left": 573.1217697151835}, "xoffset": 548.147834882335, "yoffset": 1464.327991327315}, "default": {"crs": "+proj=lcc +lat_1=46.8 +lat_0=46.8 +lon_0=2.337229166666667 +k_0=0.99987742 +x_0=600000 +y_0=2200000 +ellps=intl +towgs84=-87,-98,-121,0,0,0,0 +units=m +no_defs", "scale": 0.0009671197809271955, "xoffset": 0, "yoffset": 0}, "FR.YT": {"crs": "+proj=utm +zone=38 +south +datum=WGS84 +units=m +no_defs", "scale": 0.00231, "heatZone": {"width": 60.36519495270136, "top": 1606.9297042473518, "height": 83.91339805502139, "left": 440.5983756527587}, "xoffset": -729.15063392925, "yoffset": -18256.70260207478}, "FR.RE": {"crs": "+proj=utm +zone=40 +south +datum=WGS84 +units=m +no_defs", "scale": 0.00146, "heatZone": {"width": 94.20245910159338, "top": 1617.0295134317766, "height": 83.9433246382905, "left": 264.48885176829026}, "xoffset": -195.41840293724178, "yoffset": -9612.436846915105}, "FR.GP": {"crs": "+proj=utm +zone=20 +datum=WGS84 +units=m +no_defs", "scale": 0.00146, "heatZone": {"width": 125.73079582693697, "top": 1635.3014015075662, "height": 108.9341821974972, "left": 874.8515019798508}, "xoffset": -41.26750420692281, "yoffset": -1030.692489598164}}, "arcs": [[[7742, 6791], [27, 10], [17, 18], [-17, 47], [17, 19], [-9, 28], [9, 28], [18, 38], [27, 19], [9, 56], [27, 37], [9, 19], [-18, 10], [18, 46], [18, 29], [9, 37], [9, 19], [9, 28], [18, 19], [-18, 28], [-18, -9], [-45, 18], [18, 28], [-18, 19], [9, 56], [18, 75], [18, 0], [18, 19], [18, 10], [18, 37], [18, 56], [-36, 47], [18, 0], [18, 66], [9, 9], [-18, 28], [-27, 19], [-63, 28], [0, -18], [-9, -29], [-54, 19], [0, 38], [-18, 18], [-26, 10], [-18, 28], [9, 19], [9, 18], [26, 0], [0, 38], [9, 28], [0, 19], [9, 19], [0, 9], [18, 19], [9, -10], [9, -65], [36, 0], [18, -19], [18, 9], [36, -18], [27, -29], [18, 19], [72, 10], [9, -10], [36, -19], [18, 29], [18, 56], [18, 47]], [[8173, 8067], [27, -10], [18, 10], [36, 0], [18, 18], [45, -28], [18, 10], [18, 0], [9, 18], [45, -28], [27, -9], [18, -19], [54, -19], [45, 0], [-18, -18], [-27, -66], [-18, -75], [-27, -28], [-18, -9], [-18, -29], [-18, -9], [0, -28], [-45, -66], [-27, -19], [-27, -65], [9, -75], [-18, -19], [-9, -28], [-9, -66], [-9, -18], [18, -47], [-36, -38], [-9, -75], [-18, -28], [-18, -47], [0, -19], [-18, -18], [0, -38], [0, -47], [36, -37], [9, -19], [-27, -47], [0, -37], [-9, -29], [0, -28], [-18, -56], [18, -47], [0, -19], [-18, -18], [0, -29], [36, -37], [18, -38], [0, -18], [-54, -38], [18, -19], [-9, -28], [-36, -28], [-18, -28], [-27, -19], [-27, 10], [-36, -10], [-27, -9], [-9, 9], [-36, 10], [9, 47], [-45, 9]], [[7939, 6482], [9, 19], [-27, 28], [-18, 37], [-9, 10], [-18, -10], [-18, 10], [-9, 28], [18, 28], [0, 66], [-18, 18], [-27, 10], [-18, 18], [-53, 10], [-9, 37]], [[2913, 1718], [-18, -9], [-18, -19], [-18, -19], [-36, 0], [-36, 28], [-27, -9], [0, -19], [-27, -9], [0, 19], [-18, 0], [-9, 28], [-18, 28], [-18, 0], [-9, 28], [-36, 0], [-9, 28], [9, 28], [-18, 28], [-9, 10], [-36, -19], [-54, 9], [-36, -9], [-36, 28], [-9, 10], [-45, 18], [-27, 28], [-54, 10], [-27, 19], [-18, -10], [-35, 28], [0, 28], [26, 19], [-35, 0], [-18, -19], [0, -37], [-9, -28], [-63, 19], [-18, 37], [9, 19], [36, 28], [9, 47], [9, 9], [9, 66], [-18, 19], [-27, 0], [-36, 18], [-9, 10], [-27, 0], [-18, -38], [-27, 0], [-18, 38], [9, 9], [-27, 19], [-18, 0], [-27, -19], [-18, 47], [-27, 19], [18, 18], [90, 29], [36, 28], [18, 37], [18, 19], [45, 75], [36, 75], [18, 94], [36, 141], [44, 206], [45, 244], [27, 159], [0, 38], [9, 28], [9, 18], [18, 38], [9, 47], [27, 0], [27, -19], [36, 0], [27, 0], [9, 19], [-27, 19], [0, 28], [-72, 65], [-27, -56], [-18, -9], [-9, -38], [-18, -19], [45, 272], [27, 207], [27, 159], [0, 66], [0, 56], [9, 38], [0, 18], [18, 38], [27, 37], [0, 28], [36, -28], [-18, -28], [63, -65], [27, -10], [18, -37], [36, -38], [27, -28], [27, -66], [9, -56], [36, 10], [0, 46], [-9, 47]], [[2724, 4231], [63, -9], [36, 9], [0, -37], [36, -10], [27, 10], [36, -28], [0, -19], [9, -9], [-9, -38], [27, -47], [9, 9], [18, 0], [45, -28], [9, -28], [45, -28], [36, 0], [27, 28], [36, -28], [9, 38], [0, 9], [27, 9], [-18, 19], [18, 38], [27, 18], [36, 0], [27, -18], [44, 47], [18, 37], [18, -9], [18, 28], [-18, 56], [18, 47], [18, 19], [9, 28], [36, 0], [0, 9], [54, 28], [18, 38], [27, 0], [0, 28], [9, 19], [-9, 28], [18, 28], [18, -9], [9, 18], [36, 47], [9, 10]], [[3650, 4588], [9, -19], [54, 0], [36, -28], [-9, -38], [-9, -9], [9, -28], [18, 0], [9, -19], [18, 9], [18, 28], [18, -9], [27, 9], [36, -9], [9, 9], [18, 0], [18, -56], [27, -19], [27, 0], [27, -18], [-36, -38], [9, -19], [18, 10], [18, -19], [18, 9], [36, -28], [18, -9], [-18, -38], [18, 0], [27, -18], [-9, -10], [-18, -18], [-36, -47], [-9, -28], [36, -29], [-36, -18], [0, -29], [27, 0], [18, -18], [-18, -19], [18, -19], [81, -19], [-18, -18], [9, -38], [0, -9], [27, -38]], [[4190, 3884], [-27, -18], [27, -66], [-18, -28], [18, -38], [-18, 0], [-45, -37], [9, -28], [-45, -10], [0, -19], [18, -18], [-9, -19], [-27, -28], [-18, -10], [-18, -18], [-36, -10], [-18, -9], [0, -38], [-27, -28], [-9, -28], [-36, -9], [-27, -19], [-18, 0], [27, -37], [-9, -29], [9, -9], [0, -28], [27, -19], [0, -47], [-9, -18], [-36, 9], [-36, -9], [-18, 28], [-27, -19], [9, -19], [-18, -37], [54, -38], [-18, -47], [-18, -37], [-27, 0], [-9, -10], [27, -9], [-9, -38], [-9, -9], [-27, 19], [-27, -28], [-18, -10], [-18, -28], [-36, -28], [0, -19], [-54, 47], [-36, -19], [-27, 10], [-18, -10], [-18, 0], [-18, -28], [-90, -9], [-9, -19], [-18, 10], [-27, 9], [-17, 9], [-9, -9], [-45, -38], [-18, 10], [-27, -10], [-9, -18], [9, -38], [-9, -19], [-18, 0], [-36, 38], [18, 28], [-27, 28], [-9, -28], [-45, -28], [-9, 19], [-27, -19], [-18, 0], [-27, -38], [27, -9], [-18, -19], [18, -28], [-9, -28], [-18, -9], [9, -38], [9, -28], [-45, -19], [9, -19], [0, -37], [-27, -9], [0, -29], [18, 0], [9, -37], [45, 9], [9, -9], [45, 0], [0, -28], [18, -10], [18, -37], [9, -47], [-27, 0], [0, -28], [18, -28], [18, 37], [18, -28], [-9, -19], [-9, -28], [27, -28], [-18, -19], [-18, 0], [-18, -28], [0, -19], [18, -9], [-18, -37], [-27, -10], [9, -47], [-18, 0], [-36, -28], [-9, -19], [-36, -28], [9, -18], [-9, -10], [0, -28], [-18, -9], [-27, 0], [0, -19], [-27, -19], [9, -56], [-27, -19], [9, -47], [-9, -28]], [[3048, 2140], [18, -28], [9, 0], [18, 19], [-18, 47], [-27, -38]], [[5251, 3500], [-18, 19], [-27, 65], [9, 47], [-18, 9], [-18, 19], [-18, 66], [-36, 9], [-18, 10], [-9, 28], [-9, 19], [-18, 0], [-18, -29], [-9, 0], [-36, -37], [-27, -47], [0, -28], [-18, -19], [-9, -19], [0, -28], [-36, -37], [-9, -38], [-18, -9], [-18, -10], [-27, 10], [-36, 0], [-18, 28], [-27, -9], [-18, -10], [-36, -9], [0, -28], [-27, 18], [9, 38], [-18, 28], [-18, 9], [18, 38], [0, 19], [9, 9], [0, 38], [-18, 9], [-36, 66], [18, 28], [-18, 19], [-18, 46]], [[4612, 3837], [18, 10], [36, 0], [0, 19], [-18, 9], [-9, 37], [27, 38], [27, -9], [0, 46], [27, 19], [-18, 56], [54, 85], [18, 0], [18, 37], [18, 0], [0, 19], [18, 19], [0, 56], [36, -19], [9, -18], [45, 0], [18, 9], [-27, 28], [18, 103], [0, 19], [-36, 56], [9, 19], [0, 19], [27, 9], [0, 28], [9, 19], [-18, 38], [-18, 28], [-27, 19], [-9, 18], [-27, 38], [9, 9], [18, 0], [9, 28], [45, 19], [0, 9], [27, 19], [0, 10], [9, 37], [27, 9], [-9, 29], [9, 37], [-18, 19], [-18, 37], [0, 28], [9, 29], [0, 28], [-27, 19], [0, 46], [-18, 10], [-9, 37], [-27, 10], [-36, 37], [-9, -9], [-45, 19], [0, 18], [9, 19], [-18, 9], [-9, 38]], [[4765, 5291], [0, 28], [36, 56], [27, 10], [54, 9], [18, 9], [45, -9], [45, 28], [-18, 47], [-9, 10], [18, 65], [9, 19], [36, 9], [36, 47], [9, -19], [27, -9], [36, 19], [81, 65], [54, -9]], [[5269, 5666], [9, -28], [18, -28], [36, -10], [27, -37], [18, -9], [45, 37], [27, 0], [0, -28], [36, 0], [9, 28], [27, 0], [27, -66], [17, 10], [18, 28], [36, 0], [-9, 28], [27, 9], [-9, 29], [27, 9], [0, -19], [36, -65], [18, -10], [27, -65], [9, -38], [-9, -19], [54, -19], [18, 10], [18, -19], [0, -28], [63, 9], [0, -18], [27, -10], [-18, -65], [9, -29], [0, -56], [-27, 0], [-18, -19], [-9, -28]], [[5853, 5150], [-27, -9], [-36, -9], [0, -19], [-27, 0], [18, -28], [0, -47], [9, -28], [-9, -19], [18, -28], [-9, -28], [18, -75], [-27, -10], [-27, -9], [-27, 9], [-9, -47], [18, -9], [27, -38], [-27, -9], [9, -47], [-9, -28], [-18, -9], [27, -19], [0, -19], [18, -9], [18, -28], [0, -29], [27, -37], [0, -19], [81, -47], [9, -28], [0, -9], [9, -47], [9, -38], [-9, -28], [-36, -18], [-9, -19], [9, -56], [27, 37], [27, -9], [18, -38], [27, 28], [9, -18], [9, 18], [45, 28], [27, 10], [18, -10], [9, 10], [27, -19], [36, 0], [27, -9], [9, -28], [-18, -19], [18, -19], [0, -28], [18, -9], [18, 18], [45, -37], [0, -57], [-36, -46], [-36, 0], [18, -38], [-27, 0], [-9, -28], [18, -38], [-18, -9], [-27, 0], [-9, -28], [18, -28], [-45, -10], [-18, 0], [0, -28], [-27, -28], [0, -19], [-18, -18], [-27, 9], [-27, -19], [-27, 10], [-9, -19], [9, -19], [-36, -28], [-27, 19], [-9, -57], [-27, -18], [-18, -10]], [[5853, 3612], [-18, 0], [-27, 38], [-36, 37], [-18, 10], [-36, 0], [9, 19], [-18, 28], [-45, 0], [9, -19], [-18, -38], [-45, 0], [-18, -18], [-36, 47], [-8, 46], [-9, 47], [-27, 10], [-18, 0], [-36, -28], [-18, 0], [-27, -19], [9, -28], [-36, -19], [-27, 37], [-27, -18], [0, -19], [-18, -28], [-18, -38], [0, -37], [-18, -19], [9, -28], [-18, 0], [-18, -75]], [[2301, 7579], [18, 0], [18, -9], [36, 0], [36, 37], [-63, 28], [-9, 38], [-36, 37], [9, 47], [-18, 28], [27, 94], [0, 85], [-18, 18], [-9, 75], [18, 38], [-9, 65], [-18, 19], [-18, 66], [-53, 84], [-36, 19], [0, 75], [-9, 19], [0, 37], [-18, 10], [0, 28], [27, 28], [0, 37], [-9, 38], [-27, 19], [-27, 9], [9, 56], [9, 0], [27, -28], [27, 10], [0, -19], [44, -19], [27, 0], [27, -28], [27, 0], [27, -9], [45, 9], [18, 9], [36, 29], [45, 0], [36, -10], [27, 0], [0, -19], [9, -28], [9, -47], [-18, 10], [-9, -28], [-18, -10], [-9, -28], [27, -66], [54, -84], [0, -19], [27, -28], [36, 38], [45, 0], [45, -10], [27, -18], [36, -19], [45, -10], [99, -9], [27, 0], [99, -19], [54, -28], [54, -19], [36, 0], [45, 10], [54, 19], [44, 37], [45, 47], [63, 19], [45, 0]], [[3515, 8339], [9, -38], [-9, -19], [18, -28], [-9, -18], [18, -29], [27, -9], [0, -28], [-45, -10], [27, -37], [18, 0], [0, -66], [9, -18], [-9, -47], [-18, -28], [9, -19], [36, -10], [-9, -65], [-27, -38], [18, -28], [0, -9], [36, 0], [18, -10], [54, -9], [18, -19], [0, -18], [45, -47], [27, -10], [27, -47], [-27, -28], [18, -9], [18, -28], [18, 0]], [[3830, 7570], [18, -66], [0, -28], [27, -9], [27, -19], [-9, -19], [27, -9], [0, -47], [-18, 0], [9, -47], [-27, -56], [-18, -19], [-63, -19], [-9, -19], [9, -28], [0, -28], [27, -56], [-18, -10]], [[3812, 7091], [-27, -18], [-27, 18], [-18, 57], [-27, 9], [-18, -19], [-45, 10], [-36, 37], [0, 28], [-45, -9], [-27, 28], [-9, 85], [9, 9], [-9, 28], [-36, 28], [-54, 0], [-36, -9], [-9, -28], [-27, -10], [-9, -18], [-18, 0], [-9, -29], [-71, 10], [9, 65], [-45, 0], [-27, 10], [0, 19], [-9, 28], [18, 18], [-36, 38], [-36, -9], [-9, -47], [-36, 18], [-9, -18], [-18, -10], [-45, 19], [-45, 0], [-27, -37], [-27, 0], [-45, -29], [0, 47], [-27, -18], [-36, -29], [-18, 10], [-9, 19], [-36, 37], [-27, 0], [-18, 19], [-18, 0], [-9, -19], [-36, 0], [-18, 19], [-9, 0]], [[2616, 7448], [-36, 9], [-18, 0], [-36, 19], [-36, 9], [-27, -47], [-27, -9], [0, -9], [-27, -19], [-27, 9], [-9, 28], [-27, 0], [-18, 47], [0, 28], [-18, 29], [9, 9], [-18, 28]], [[5269, 5666], [9, 38], [9, 18], [0, 28], [-9, 38], [18, 37], [-9, 29], [0, 56], [0, 9], [-36, 28], [9, 19], [0, 38], [-18, 75], [-18, 28], [0, 37], [-45, 38], [-18, 19], [-9, 18], [36, 66], [9, 37], [-27, 38], [-9, 28], [-27, 38], [45, 9], [0, 9], [36, -9], [9, 19], [-27, 19], [0, 37], [9, 19], [-27, 19], [-9, 28], [-27, 18], [-9, 10], [18, 47], [45, -10], [27, 28], [27, 0], [0, 19], [-9, 28], [18, 10], [-18, 37], [0, 28], [27, 0], [0, 19], [45, 47], [0, 38], [-9, 0], [-18, 56], [-18, 9], [0, 19], [-18, 37], [-9, 19], [-54, 10]], [[5188, 7045], [0, 28], [45, 18], [27, 66], [-18, 38], [18, 18], [0, 38], [36, -10], [27, 19], [36, -9], [45, 9], [9, 10], [36, -10], [18, 0], [0, 28], [27, -9]], [[5494, 7279], [27, -19], [27, 0], [62, -65], [-9, -19], [27, -10], [9, -18], [-18, -19], [18, -9], [-18, -29], [27, -18], [18, -47], [27, 9], [27, 28], [9, -37], [27, -38], [0, -9], [18, -19], [-9, -28], [36, -19], [-18, -18], [0, -19], [45, -10], [-9, -18], [18, -19], [27, 0], [54, -10], [18, 19], [18, -19], [36, 38], [18, 0], [9, 9], [27, -37], [36, -10], [9, 38], [18, 0], [45, 9], [27, -9], [27, 9], [36, 0], [0, 38], [18, 28], [27, 0], [36, -9], [18, 9], [27, -19], [27, 0], [9, -18], [-9, -19], [36, -10], [18, -18], [-18, -19], [9, -28], [9, 28], [27, 0], [18, -28], [18, -19], [0, -28], [27, -19], [-9, -19], [-45, -28], [27, -19], [9, -28], [-9, -28], [27, -19], [36, 10], [9, -28], [54, -10], [18, 0], [26, -9], [18, -19], [0, -28], [9, -19], [36, 38], [45, 0]], [[6788, 6529], [18, -10], [18, 29], [36, -19], [9, -56], [-27, -57], [-36, 0], [-9, -37], [36, -10], [0, -28], [18, -37], [27, 0], [-9, -28], [9, -38], [18, -9], [-27, -57], [0, -37], [-18, -19], [9, -9], [-9, -47], [-18, -9], [0, -19], [-18, -38], [-36, -9], [-27, -28], [-9, -19], [27, -9], [-36, -38], [0, -37], [36, -10], [9, -28], [27, -19], [18, 10], [9, -28], [36, -10], [0, -19], [-45, -9], [-18, -19], [0, -18], [27, -29], [-18, -9], [0, -19], [18, -9], [0, -38], [18, -9], [0, -28], [18, -19], [-27, -19], [9, -28], [-36, -9], [0, -56], [36, -19], [9, -28], [-27, -10], [-36, 0], [-9, -18]], [[6788, 5357], [-18, 0], [-45, 28], [-9, 28], [-18, 0], [-80, -28], [-36, 28], [-18, 0], [-36, -19], [0, -28], [-18, -28], [0, -38], [-27, -47], [9, -28], [-27, -65], [-18, -94], [-36, 9], [-9, 19], [9, 28], [-36, 28], [18, 19], [-9, 19], [-27, 9], [-45, -37], [-18, 28], [-9, -28], [-27, 0], [-9, 18], [-27, 10], [-27, -10], [-18, -46], [0, -29], [-45, -46], [-36, 0], [-18, 18], [-18, 0], [-18, -18], [-36, 0], [-18, 18], [-27, -9], [-18, -19], [-36, 0], [-9, 38], [-36, 0], [-18, 9], [18, 28], [-9, 28]], [[1213, 6332], [45, -10], [-9, -28], [-72, 10], [-27, 0], [-18, 18], [-9, 47], [9, 19], [27, 0], [18, -19], [18, 0], [9, -28], [9, -9]], [[980, 6679], [18, 0], [36, -10], [9, -28], [-45, 10], [-18, 28]], [[0, 7579], [53, 19], [0, -19], [-18, -9], [-9, 9], [-26, 0]], [[2616, 7448], [-9, -38], [9, -18], [-9, -19], [0, -19], [9, -37], [-9, -19], [18, -38], [-36, -37], [-9, -38], [18, -47], [-9, -28], [18, -19], [0, -65], [18, -28], [-9, -28], [9, -47], [-36, -10], [-36, 10], [-18, -28], [-18, -66], [-9, 0], [0, -28], [-18, -10], [-9, -37], [-9, -38], [-81, 19], [-9, 38], [-27, 0], [-36, 0], [9, -19], [-27, -10], [-18, -18], [-36, 0], [-26, -10], [-9, -47], [-18, -9], [-54, 0], [-18, -9], [-36, 18], [-18, -9], [-18, -9], [-36, -10], [-18, 10], [-27, -19], [-18, 0], [-9, -19], [-27, 0], [-9, -19], [9, -28], [-18, -9], [0, -56], [-72, -28], [-18, -10], [-36, 19], [-9, -28], [-9, -19], [-27, -9], [-9, 9], [-27, 0], [-27, 9], [0, -18]], [[1663, 6426], [-27, 0], [9, 28], [27, 19], [-45, 37], [-27, -19], [-72, 10], [-9, -19], [-27, 19], [-63, -19], [-18, 9], [0, 19], [-18, 19], [-27, 9], [9, 19], [18, 0], [27, -19], [18, 10], [27, -19], [27, 19], [18, 28], [-9, 9], [-36, 28], [-27, 0], [-45, -9], [-18, -19], [-36, 0], [18, -19], [-18, -9], [-9, 19], [-72, -10], [-27, 10], [-9, -38], [9, -37], [-9, -19], [-9, 47], [9, 28], [0, 28], [-9, 28], [-36, 38], [-36, 47], [-9, 18], [-35, 10], [0, 28], [-27, -28], [-27, 0], [-18, -10], [-27, 38], [-18, 47], [-45, 0], [-45, 9], [-36, 28], [-18, -9], [-54, 9], [-27, 47], [-9, 28], [-36, 38], [-18, -19], [9, -28], [-45, 0], [-18, 19], [-36, 0], [-27, -10], [0, -37], [-18, -10], [-54, -9], [-45, 19], [-27, 0], [0, 19], [27, 18], [0, 28], [-18, 57], [-18, 37], [-18, 28], [-54, 38], [-18, -19], [-45, 38], [-45, 0], [-9, 9], [18, 28], [18, 9], [27, -9], [27, 9], [18, 0], [18, 10], [63, 0], [45, 9], [36, -28], [9, 19], [18, 47], [-18, 47], [-18, 9], [-18, 0], [-45, 38], [-36, 0], [-18, -38], [-27, -9], [0, 47], [-9, 28], [-18, 9], [0, 19], [27, 0], [-9, 37], [27, 0], [-9, -28], [36, -19], [27, 10], [18, 0], [9, -19], [27, 0], [45, 19], [18, -28], [36, 18], [-45, 19], [-9, 28], [-36, 10], [-9, -19], [-45, 9], [0, 10], [36, 47], [-9, 9], [-54, -19], [-18, -9], [-63, -19], [-36, 19], [-27, -19], [-27, 0], [-9, 9], [9, 38], [0, 28], [-18, 9], [27, 57], [-9, 28], [36, 56], [18, 0], [18, 19], [45, -10], [9, 38], [54, 19], [9, -10], [27, 0], [27, 29], [18, 0], [36, 18], [27, -18], [9, -19], [36, 0], [9, 19], [36, 18], [27, 0], [36, -9], [18, 28], [18, -9], [18, 9], [0, -47], [63, -47], [18, 38], [0, 28], [9, 19], [63, -10], [27, -28], [54, -19], [18, 0], [0, 47], [27, 28], [-18, 29], [27, 28], [9, 18], [36, 10], [26, -47], [27, 9], [45, 28], [27, 0], [18, 19], [18, 10], [9, -38], [45, 28], [27, 0], [0, -56], [45, 9], [0, -18], [-18, -19], [18, -19], [36, 0], [9, -28], [-9, -9], [18, -29], [18, -9], [9, -19], [27, -28], [9, -47], [-9, -9], [36, -28], [36, -19], [-9, -28], [18, -19], [18, 28], [18, -19], [63, 66], [27, 19], [18, 9], [0, 28], [27, 0], [27, -9], [45, 28], [27, -9], [-27, -47], [45, 28], [9, -28], [18, -38], [18, -9], [36, 56], [36, 0], [18, 0], [36, 19], [9, 28], [27, 9], [27, -9], [18, 9], [18, -18], [-18, -10], [-9, -28], [18, -28], [54, -19], [62, 10], [63, 9]], [[3300, 6060], [9, 56], [0, 28], [18, 28], [-9, 10], [26, 47], [18, 9], [18, 47], [0, 19], [9, 18], [0, 29], [27, 47], [0, 18], [-9, 19], [9, 38], [9, 0], [0, 37], [18, 0], [18, -19], [27, 0], [9, -18], [27, -10], [9, 28], [-18, 28], [18, 19], [18, -28], [18, 0], [9, 28], [27, 0], [36, 10], [0, 18], [27, 0], [0, 28], [18, 47], [18, 10], [36, 28], [27, 37], [18, 19], [-9, 56], [36, 38], [27, 0], [-18, 56], [9, 0], [-9, 38], [-18, 9], [9, 28], [27, 10], [-9, 28], [9, 28], [45, 0], [-18, 28], [-36, 9], [-18, 28]], [[3830, 7570], [27, 18], [9, 29], [27, -10], [45, 19], [27, 0], [27, 28], [18, -9], [18, 9], [0, 28], [18, 0], [9, -19], [54, 0], [9, -9], [18, 9], [27, -9], [27, 28], [-9, 28], [0, 19], [27, 28], [36, 10], [0, 65], [27, 0]], [[4271, 7832], [27, -18], [0, -10], [9, -19], [-9, -18], [27, -10], [-9, -84], [9, -19], [27, -19], [-36, -37], [27, -19], [-9, -19], [27, -28], [9, -19], [36, -18], [-9, -19], [18, -19], [18, 10], [9, -29], [0, -37], [17, -47], [18, 0], [9, -19], [36, -9], [27, 0], [-9, -28], [36, -10], [-9, -18], [9, -19], [-9, -28], [9, -19], [-18, -9], [9, -19], [27, -10], [27, 19], [72, 0], [18, 28], [9, 10], [27, -38], [27, 10], [18, 18], [27, -18], [18, 0], [18, -10], [9, -47], [27, 0], [18, -28], [18, -28], [-27, -37], [-18, -29], [36, -9], [18, 19], [36, -10], [27, 10], [18, -19], [27, 0], [27, 19], [18, 28], [27, -38], [27, 29], [45, 0]], [[4765, 5291], [-108, 0], [-27, 0], [-54, 9], [-9, 10], [-36, -10], [-18, 10], [-45, -10], [-26, 28], [-36, -9], [9, -19], [0, -28], [-27, -9], [-18, 28], [-36, -38], [-27, 38], [-36, -28], [0, 28], [-18, 0], [-9, -19], [-18, -9], [-18, -38], [-27, 10], [-36, 37], [-18, -9], [-18, -19], [-27, 9], [-27, -9], [-9, 19], [-18, 0]], [[4028, 5263], [27, 47], [-45, 18], [-9, 19], [9, 28], [-36, 38], [-45, 0], [-9, 37], [-18, -9], [-27, 19], [-18, 19], [-9, 37], [9, 19], [-9, 28], [18, 19], [-9, 28], [-45, 37], [-18, 28], [-9, 38], [-18, 19], [-45, 56], [0, 37], [-9, 38], [-18, 0], [-27, 19], [0, 9], [-36, 0], [18, -47], [-63, 0], [-36, -9], [-9, -19], [-45, 28], [-27, -19], [-9, 19], [0, 47], [-9, 19], [9, 28], [-18, 0], [-18, 28], [-27, -19], [-27, 19], [18, 19], [-9, 9], [-27, 10], [-44, 18], [-9, 38]], [[5494, 7279], [9, 28], [-18, 10], [9, 28], [-18, 28], [36, 19], [-18, 37], [27, -9], [18, 18], [-9, 29], [18, 28], [35, 18], [-27, 29], [-26, -10], [-18, 28], [18, 19], [0, 56], [-27, 10], [-18, 9], [9, 38], [45, 28], [0, 28]], [[5539, 7748], [26, 66], [27, 9], [0, 9], [27, 28], [9, 38], [27, 19], [-18, 28], [-36, -10], [0, 19], [27, 28], [-18, 57], [9, 9], [36, 9], [18, -9], [27, 9], [0, 19], [-27, 9], [-9, 19], [-27, 10], [18, 18], [-9, 19], [-18, 47], [0, 19], [36, 19], [27, 0], [9, 18], [54, 19], [9, 9], [45, 29], [18, -29], [27, 0], [27, -18], [9, 56], [-9, 28], [0, 66], [18, 28], [-18, 9], [18, 28], [-36, 57], [9, 9], [45, -9], [9, 28], [0, 28], [36, 19], [9, 18], [18, 10], [9, 37], [-18, 19], [9, 66], [9, 9], [9, 47], [-27, 9], [9, 47]], [[5988, 8873], [45, 10], [27, -10], [36, -9], [27, -10], [18, 10], [27, 9], [9, 19], [36, 19], [63, 9], [-9, 28], [9, 28], [-9, 19], [9, 28], [36, 19], [0, 19], [36, 28], [36, -10], [0, -46], [-18, 0], [-9, -85], [0, -28], [-18, -9], [0, -28], [36, -10], [27, -37], [-18, -47], [9, -66], [36, -9], [18, 19], [18, 0], [9, -19], [45, -19], [18, -9], [9, -19], [9, -28], [18, 9], [9, -28], [36, 0], [27, 9], [44, -37], [-18, -28], [0, -19], [36, 9], [18, 0]], [[6725, 8554], [-9, -28], [-27, 0], [-9, -37], [-35, -19], [-18, 28], [-18, 9], [-27, -18], [-9, 28], [-18, 0], [0, -19], [-18, -28], [9, -9], [-27, -38], [36, -37], [0, -29], [-18, -28], [18, -28], [-27, -9], [-27, -28], [18, -66], [-9, 0], [-45, -28], [18, -38], [-27, -28], [36, -75], [9, -75], [18, -9], [0, -19], [-18, -19], [27, -9], [-18, -38], [-36, -9], [-27, -37], [9, 0], [9, -57], [-27, -18], [0, -29], [27, 0], [9, -18], [27, -29], [9, 0], [9, -37], [-9, -47], [9, -28], [18, -19], [9, 19], [9, -38], [36, -9], [18, -19], [9, 0], [45, -28], [26, -19], [18, 0], [54, -37], [9, 0], [9, -28], [36, -28], [-36, -28], [27, -10], [-18, -19], [9, -28], [18, 19], [27, 0], [18, 0], [9, -28], [36, -38], [9, 10], [27, -19], [0, -28], [45, -28], [9, -28], [-27, -10], [0, -37], [-27, -47], [72, -47], [9, -9], [27, -38], [-9, -19], [0, -28], [45, 19], [9, -28], [18, -19]], [[7112, 6857], [0, -9], [-27, -10], [-18, -37], [9, -19], [-45, 9], [-9, -9], [0, -28], [-27, 0], [-18, -19], [9, -37], [18, 0], [0, -19], [-18, -19], [9, -47], [-27, -9], [-36, -10], [-9, 38], [-18, -9], [-18, -29], [-27, 10], [-9, -10], [-45, 0], [0, -28], [-18, -28], [0, -9]], [[9864, 546], [-27, -47], [-18, 0], [18, -28], [18, 9], [-36, -56], [-18, -9], [-9, 18], [-27, 10], [-27, -10], [-9, 19], [18, 38], [-27, -10], [-90, 47], [-27, 0], [-36, 28], [-36, 19], [-36, 19], [0, 65], [18, 0], [45, 29], [-9, 37], [-18, 0], [-18, 19], [-36, -10], [-9, 38], [-27, -19], [-18, 10], [18, 65], [27, 28], [-9, 19], [18, 9], [-9, 29], [9, 18], [-18, 19], [-36, -19], [-36, -9], [-18, 9], [-27, -18], [0, 47], [-18, 0], [0, 28], [36, 0], [18, 18], [-18, 29], [18, 9], [45, 28], [-18, 19], [-9, 28], [-63, 28], [-36, 28], [-9, 19], [9, 28], [-9, 38], [81, 28], [-18, 37], [-45, 10], [18, 18], [-27, 19], [-18, -19], [-18, 38], [36, 9], [9, 47], [27, -9], [9, 65], [-9, 10], [0, 28], [36, 9], [-9, 19], [18, 19], [18, 9], [18, -9], [18, 19], [0, 28], [45, 37], [27, 10], [36, 0], [36, 9], [27, 19], [-9, 28], [45, 47], [27, 9], [54, -9], [36, -28], [27, 9], [0, 19], [18, 28], [-9, 56], [-27, 38], [18, 28], [-9, 37], [18, 19], [0, 28], [-18, 56], [27, 10], [27, 0], [18, -10], [18, -46], [9, -10], [27, -140], [-18, -29], [-9, -84], [18, -47], [45, -56], [18, -38], [0, -47], [9, -37], [9, -28], [-9, -56], [18, -47], [9, -47], [0, -57], [9, -28], [0, -75], [0, -18], [-81, -160], [0, -28], [-9, -56], [18, -47], [-9, -56], [9, 0], [0, -38], [9, -19], [-9, -65], [-18, -19], [-27, -28], [18, -10], [18, 0], [-18, -37], [-27, -19], [-9, -19], [0, -37]], [[7112, 6857], [18, 47], [9, 9], [27, -18], [18, 0], [27, 46], [18, 19], [45, 0], [18, -37], [-9, -19], [54, -28], [27, 28], [27, -9], [27, 18], [45, -18], [36, -47], [36, 9], [18, 38], [18, 9], [27, -28], [9, -10], [54, -37], [36, -10], [9, -18], [18, -19], [18, 9]], [[7939, 6482], [-36, -19], [-27, 19], [-27, -19], [9, -28], [-9, -19], [-27, -9], [0, -28], [-36, -38], [27, -19], [72, 19], [18, -19], [-9, -18], [-18, -10], [0, -18], [-45, -19], [9, -47], [-45, -47], [-18, -47], [-26, -19], [-27, -18], [-45, -57], [18, -9], [-36, -28], [-27, -38], [-63, -28], [-18, 0], [-36, -47], [18, -37], [0, -38], [-9, -18], [0, -29], [9, -18], [-9, -28], [-27, -10], [-9, -19], [-27, -18], [-36, -28], [-9, -10], [-45, -56], [-54, -56], [27, -28], [-27, -38], [-9, -28], [-9, -19], [9, -19], [-18, -28]], [[7292, 5347], [-27, -37], [-18, -19], [-27, -56], [-27, -28], [-36, -19], [-54, 0], [-36, 0], [0, 37], [-18, 0], [-18, 19], [-36, 0], [-9, -28], [-18, -9], [-18, -19], [-9, -10], [-45, 10], [9, 37], [-27, 0], [-45, 38], [0, 28], [-9, 19], [-36, 9], [0, 38]], [[7669, 50], [24, 27], [17, -17], [-7, -26], [-34, 16]], [[8441, 728], [74, 65], [51, 19], [17, -17], [-67, -38], [-75, -29]], [[8270, 229], [44, -60], [-16, -36], [-49, -36], [-50, -20], [-69, 33], [-19, 88], [33, 18], [32, 72], [25, 9], [60, -42], [9, -26]], [[7638, 198], [-50, -2], [-2, 36], [-44, 60], [-10, 43], [-26, 26], [-6, 176], [-18, 34], [7, 45], [-27, 25], [-10, 44], [15, 71], [24, 45], [67, 20], [18, -34], [43, -25], [86, -32], [1, -36], [59, -6], [50, 37], [31, 71], [34, 2], [-1, 53], [-35, 34], [-12, 79], [41, 45], [25, 10], [16, 36], [43, -25], [44, -43], [19, -70], [-15, -53], [44, -60], [129, -40], [43, -25], [26, -43], [-24, -28], [-50, -19], [-68, -2], [-75, -29], [-16, -19], [-51, -1], [-33, -19], [-77, 24], [-18, 17], [-34, 16], [-34, -1], [-14, -71], [18, -53], [29, -95], [10, -62], [-24, -45], [-41, -28], [-49, -54], [-25, 8], [-33, -37]], [[5380, 375], [-7, -11], [-8, -9], [-2, -9], [-10, -16], [-5, -12], [-7, -6], [-2, -6], [-10, -14], [-6, 2], [-4, -4], [-5, -9], [-3, -7], [-5, 0], [-1, -10], [-4, -1], [2, -11], [3, -4], [-9, -16], [-5, -11], [-7, -9], [6, -7], [-3, -2], [-9, -6], [-7, -15], [-3, -8], [-4, -13], [-6, -10], [-3, -13], [-7, -1], [4, -16], [0, -5], [-3, -3], [-1, -7], [-10, -14], [-6, -3], [-1, -3], [-5, -2], [-5, -12], [-3, -5], [-14, -10], [-7, -1], [-8, -7], [-12, -3], [-8, -10], [-2, -9], [-7, -6], [-5, 1], [-3, -5], [-6, -1], [-9, -1], [-5, 3], [-9, 0], [-6, 8], [-7, 2], [-28, -5], [-4, 1], [-7, -4], [-1, 4], [5, 4], [2, 4], [6, 1], [-1, 4], [-6, 5], [-3, 4], [-9, 4], [-7, 12], [-5, 0], [-3, -10], [-10, -5], [-11, -4], [-5, -5], [-8, -2], [-10, -2], [-7, 6], [-18, 4], [-15, 6], [-12, 1], [4, 9], [-5, 7], [-4, -1], [-13, -7], [-2, -9], [-9, 0], [-5, -3], [-5, -8], [-5, 3], [-5, 0], [1, -9], [-3, -5], [-12, -6], [-6, -4], [-8, 4], [-4, -1], [-4, -9], [0, -6], [-6, -4], [-7, -2], [-5, 2], [-7, 11], [-2, 3], [-6, -5], [-10, -1], [-20, 4], [-9, 11], [-9, -4], [-6, 5], [-7, -1], [-6, 2], [-7, 8], [-9, 5], [6, 4], [-7, 9], [-13, 3], [2, 4], [8, 2], [6, -4], [3, 1], [5, 6], [4, 17], [14, 0], [5, 7], [10, 10], [3, 7], [3, 8], [6, 10], [2, 12], [7, 9], [7, 14], [13, 11], [4, 9], [-2, 5], [7, 6], [-6, 7], [3, 8], [6, 13], [-6, 10], [4, 6], [-2, 8], [1, 11], [-1, 7], [-7, 8], [3, 5], [2, 9], [8, 5], [10, 17], [9, 6], [4, 13], [7, 11], [2, 3], [6, 7], [-2, 8], [1, 26], [5, 2], [2, 7], [-7, 11], [-7, -4], [-5, 1], [0, 5], [-7, 6], [1, 8], [-5, 6], [-3, 9], [-6, 7], [-14, 3], [-2, 11], [-10, 6], [-7, 11], [-6, 5], [-2, 10], [-3, 7], [-12, 8], [0, 7], [3, 5], [3, 18], [-16, 8], [-1, 4], [6, 11], [-1, 9], [-2, 9], [0, 14], [-6, 5], [0, 11], [-6, 1], [-2, 24], [0, 2], [7, 12], [-1, 7], [-4, 16], [2, 10], [0, 5], [-10, 6], [-2, 3], [3, 28], [-4, 12], [2, 2], [9, 8], [1, 4], [1, 16], [2, 4], [6, 13], [7, 6], [2, 7], [5, 8], [13, 19], [5, 7], [12, 8], [8, 5], [13, 14], [5, 10], [10, 11], [8, 10], [12, 16], [-1, 7], [-1, 4], [-2, 11], [5, 17], [8, 12], [13, -1], [5, -3], [14, 0], [13, -3], [18, -13], [23, -10], [7, -6], [33, -14], [16, 2], [23, -8], [8, 8], [21, -10], [16, -6], [6, -7], [13, -7], [13, 2], [5, -3], [11, -5], [9, -5], [10, -7], [8, -10], [1, -4], [9, -5], [5, -9], [15, -13], [9, -5], [8, -10], [-1, -4], [7, -4], [5, -6], [13, -6], [7, -6], [13, -14], [15, -12], [8, -11], [6, -1], [2, 6], [8, 2], [11, -10], [-2, -4], [10, -9], [5, -1], [4, -9], [8, -3], [2, -6], [6, -2], [14, -10], [10, -4], [6, -8], [2, -5], [7, -6], [8, -1], [11, 7], [6, -2], [8, -8], [11, -13], [6, -20], [0, -9], [5, -9], [-1, -8], [12, -9], [-5, -6], [5, -16], [6, -10], [5, -6], [11, 1], [0, -15], [-7, -16], [0, -8], [-4, -7], [-15, -11], [-7, -3], [-8, -8], [-1, -13], [-4, -8], [-15, -16], [-2, -6], [-14, -7], [1, -9], [-1, -5], [-6, -1], [-7, -4], [-3, -10], [0, -9], [-9, -10], [-3, -8]], [[3515, 8339], [9, 28], [-72, 9], [-9, -9], [-45, 9], [-27, 56], [9, 29], [54, 103], [0, 37], [27, 28], [27, 10], [36, 19], [18, 0], [36, 28], [81, 47], [45, 28], [81, 18], [36, 0], [99, 38], [18, 9], [45, 0], [54, 19], [54, 28], [90, 85], [27, 9]], [[4208, 8967], [27, 9], [18, -9], [0, -28], [36, -19], [9, -19], [27, -28], [9, -19], [27, -18], [27, -10], [27, -47], [9, -65], [18, -38], [0, -18], [-27, -29], [-18, -37], [9, -10], [27, 19], [0, -19], [-18, -9], [-9, -28], [9, -19], [-9, -37], [27, -57], [-9, -18], [9, -19], [26, 9], [-9, -37], [-17, -10], [-18, -28], [0, -37], [27, -28], [8, -28], [-8, -19], [26, -47], [-9, -19], [-35, 19], [-18, -10], [0, -37]], [[4406, 8123], [-27, -19], [0, -37], [-9, -38], [-27, -37], [9, -10], [-54, -9], [-36, -28], [-27, 0], [18, -38], [9, -37], [9, -38]], [[4406, 8123], [9, 0], [9, -38], [53, -9], [9, -19], [27, 10], [0, -10], [27, 10], [18, 0], [18, 9], [9, -9], [18, 18], [45, 19], [0, -19], [27, 0], [18, -9], [36, 0], [9, -28], [36, 0], [9, 28], [9, 0], [27, -37], [54, 0], [36, -29], [-9, -9], [45, -9], [18, -19], [27, 19], [27, -10], [18, -28], [18, 10], [18, -10], [18, 10], [0, 18], [36, 0], [18, -18], [18, 18], [72, 0], [27, 0], [9, 28], [18, -9], [45, -9], [-9, -10], [18, -28], [-9, -47], [18, 0], [27, -37], [9, 0], [18, -38], [18, 10], [0, -28], [18, -10], [18, 10], [9, -29], [36, -28], [36, -9]], [[6141, 2318], [-45, 10], [-27, 18], [-18, 19], [18, 28], [-27, 19], [-45, 0], [-18, 0], [-72, -37], [-45, -38], [-27, -38], [-45, -37], [0, -9], [-54, -10], [-36, -37], [-72, -85], [-27, 0], [-27, 19], [-18, 0], [-44, -28], [-45, -28], [-36, -38], [-36, -37], [-36, -56], [-27, -57], [-18, -75], [-9, -47], [18, -18], [-9, -29], [-9, -112], [0, -56], [0, -38], [9, -141], [36, -18], [18, -19], [0, -19], [18, -9], [18, -38], [-45, -9], [-18, -9], [-27, 37], [-9, 19], [-45, -10], [-18, 10], [-18, -19], [-36, 9], [-27, -9], [-27, -37], [-18, -10], [-18, 10], [-18, 0], [-36, -19], [-18, -19], [18, -28], [0, -19], [-45, 10], [-18, 9], [-18, 0], [-9, -28], [-36, 9], [-45, 38], [0, 18], [-18, 0], [-45, 10], [-27, 28], [-9, -9], [-27, 18], [-9, -18], [-36, -10], [-27, 10], [-27, -19], [0, -19], [-45, -28], [-36, -9], [-9, 9], [-27, 28], [0, 38], [-27, 18], [-54, 28], [-17, 19], [-63, 10], [0, 18], [9, 47], [27, 10]], [[4406, 1409], [36, 9], [26, 0], [27, 28], [27, 0], [18, 10], [27, 46], [18, -9], [27, 9], [45, 10], [27, -10], [0, 29], [-81, 65], [-36, -19], [-36, 0], [-27, 19], [9, 10], [-27, 46], [-27, 19], [18, 19], [45, 9], [36, 10], [0, 37], [-9, 28], [-36, 10], [9, 9], [27, 19], [9, 56], [-18, 19], [-9, 75], [-27, 9], [-27, 0], [0, 10], [-35, 9], [-54, 28], [-27, 28], [9, 10], [-18, 37], [0, 28], [9, 19], [9, 38], [18, 9], [36, 0], [9, 66], [35, 37], [27, -28], [36, 9], [45, -9], [27, 9], [9, -28], [27, -9], [36, 28], [45, -38], [9, 29], [-9, 18], [36, 28], [9, -18], [18, 9], [63, -28], [18, 19], [54, 0], [18, -10], [36, 0], [27, 10], [18, 18], [18, 47], [-9, 38], [-27, 28], [9, 19], [-9, 19], [27, 46], [45, -9], [27, -28], [27, 9], [9, 19], [45, 9], [9, 10], [27, 9], [0, 19], [45, 28], [27, -19], [27, 0], [-9, 19], [0, 38], [18, 18], [-18, 38], [9, 28], [18, 0], [27, -19], [54, 0], [27, 19], [-9, 19], [9, 28], [18, 19], [54, 0], [9, 18], [-9, 19], [18, 38], [18, 0], [8, 18], [18, 10], [9, 28], [-27, 19], [-35, 9], [-18, 9], [-9, 19], [-18, -19], [-27, 29], [18, 9], [27, 9], [-9, 28], [18, 19], [27, 19], [-27, 28], [-54, 0], [-18, -9], [-18, 0], [9, 37], [-27, 19], [-18, -9], [-9, 28], [-18, -10], [0, 28], [18, 19], [-18, 57], [0, 28], [9, 0], [0, 65], [-45, 47], [9, 56], [-9, 19], [-27, 19], [-36, 47]], [[5853, 3612], [0, -37], [27, -66], [0, -28], [18, -47], [27, 0], [9, -37], [9, -28], [0, -29], [9, -18], [27, -10], [0, -28], [27, -9], [-9, -28], [0, -66], [27, 19], [54, -19], [9, -9], [18, -19], [27, -19], [18, 9], [9, 38], [18, 9], [9, 19], [54, 0], [-9, -37], [9, -10], [27, 10], [0, 37], [36, 0], [36, -9], [9, -19], [27, -19], [36, -19]], [[6411, 3143], [18, -28], [0, -18], [27, -10], [9, -56], [-9, -47], [18, -28], [36, -9], [0, -19], [45, -38], [0, -28], [-18, 0], [0, -19], [-27, -28], [-18, -9], [-18, -28], [-27, -19], [-27, -19], [9, -28], [-9, -9], [9, -19], [0, -28], [-18, -28], [-9, -28], [0, -38], [-54, 19], [-36, -19], [-9, -19], [-18, -9], [-9, -47], [18, -28], [-18, -9], [-36, -29], [-36, -18], [-18, -28], [-36, -10], [-9, -47]], [[4531, 1305], [0, -18], [36, 0], [-18, 18], [-18, 0]], [[2461, 123], [-40, -5], [-70, 39], [-20, -3], [-44, 27], [-48, 20], [-35, 38], [-74, 23], [-14, 30], [-51, 41], [-15, 41], [8, 60], [-18, 24], [-9, 36], [-65, 72], [-2, 58], [22, 30], [20, 3], [38, 26], [-3, 69], [5, 44], [52, -5], [104, 78], [76, 15], [28, -23], [40, 5], [54, -15], [72, -2], [102, -47], [45, -75], [13, -78], [30, -34], [2, -21], [66, -93], [64, -25], [17, -62], [-43, -69], [-10, -49], [14, -40], [-2, -75], [-45, -48], [-126, -9], [-48, -27], [-52, 4], [-38, 22]], [[3650, 4588], [9, 28], [27, 19], [18, 0], [0, 37], [9, 9], [36, -9], [0, 19], [18, 19], [18, 46], [-9, 19], [18, 19], [27, 0], [27, 19], [18, 18], [-9, 57], [-27, 9], [-18, 0], [-27, 28], [0, 28], [9, 28], [-18, 10], [27, 28], [-9, 47], [-18, 9], [0, 28], [27, 19], [9, 19], [18, 9], [9, 10], [63, 0], [18, 18], [18, 57], [54, 0], [27, 28], [9, 0]], [[4612, 3837], [-9, 0], [-45, 0], [-18, -28], [-9, 19], [-18, 9], [-45, -37], [-18, -9], [-35, -10], [-18, 38], [-27, 9], [-18, 38], [-27, 28], [-63, 9], [-72, -19]], [[6725, 8554], [9, -9], [27, -56], [9, -10], [0, -18], [18, -29], [36, 19], [9, 19], [18, -9], [45, 37], [27, -19], [36, 10], [9, 18], [18, -9], [18, -28], [27, -19], [45, 0], [18, -9], [9, -38], [27, 0], [63, 28], [0, 10], [27, 28], [18, -9], [36, 9], [18, -28], [54, -19], [36, 19], [27, -10], [63, -46], [-9, -19], [27, -10], [-18, -37], [18, -28], [54, -38], [18, -65], [27, -10], [-9, -19], [18, -18], [27, 0], [36, -10], [9, 19], [0, 47], [18, -9], [27, 18], [27, -18], [35, -38], [27, -56], [18, 28], [18, 9], [27, -18], [54, 9], [27, -9], [27, 28], [18, 0], [0, 28], [45, 9], [18, -9], [18, 0], [0, -19], [27, -47], [27, -19], [18, 10], [18, -10], [9, -18]], [[6771, 182], [12, -32], [-30, -55], [-51, -56], [-42, 42], [39, 88], [-62, -23], [-11, 32], [-52, -12], [-93, 8], [-43, 20], [-81, -46], [-42, 20], [-4, 130], [72, 13], [95, -29], [-2, 43], [-64, 63], [-63, 42], [-52, -13], [-22, 43], [-63, 20], [-66, 106], [-11, 32], [19, 66], [-97, 116], [-2, 44], [40, 66], [41, 23], [52, 13], [95, -30], [74, -52], [52, -9], [12, -32], [96, -95], [32, -10], [93, 14], [2, -65], [-53, 31], [-40, -45], [32, -32], [-19, -65], [32, -32], [20, 22], [31, -10], [13, -75], [32, -32], [44, -85], [21, -21], [2, -65], [43, -64], [-31, -12]], [[4090, 523], [-45, -52], [-32, 52], [46, 52], [31, -52]], [[3768, 49], [-28, -47], [-49, 48], [-66, 73], [28, 47], [-52, 17], [-25, 64], [59, -5], [13, -57], [75, -31], [27, 47], [-85, 119], [-14, 57], [5, 61], [-29, 84], [-66, 73], [-13, 57], [46, 133], [59, -5], [68, -124], [52, -17], [95, 5], [80, -51], [-12, -73], [-32, -28], [-62, -107], [43, -59], [20, -45], [-50, -33], [-57, -125], [20, -45], [-50, -33]], [[4406, 1409], [-36, 18], [9, 19], [-45, 19], [-9, -9], [-18, 9], [-27, 0], [-18, 19], [-18, 9], [-27, -9], [-27, 9], [-9, -19], [9, -18], [-27, -10], [-18, 19], [0, 28], [-18, 38], [-27, 9], [0, 19], [-72, 0], [-27, 0], [-36, -10], [-18, 19], [0, 28], [-18, 19], [-27, 9], [-45, 10], [-18, 0], [-18, 18], [-27, -18], [-45, 37], [-36, 19], [-18, 0], [-54, 19], [-36, -19], [9, -38], [-18, -18], [0, -28], [27, -38], [-9, -28], [-36, 9], [-27, 0], [-36, 10], [-9, -19], [-36, 9], [-27, -9], [-27, 9], [0, 19], [-27, 9], [-27, -18], [-18, -28], [-17, 18], [-9, 28], [-18, 0], [-36, 19], [-45, -28], [-18, 9], [-27, -18], [-18, 9], [-18, -19], [-45, 10], [-9, 28], [-27, 0], [0, 9], [-27, 56], [-45, 10], [-72, 56]], [[4361, 9267], [-27, 19], [-18, 19], [18, 75], [0, 46], [18, 29], [-18, 28], [0, 65], [-9, 66], [9, 19], [9, 9], [9, 38], [0, 37], [-18, 47], [9, 19], [27, 9], [18, 10], [45, 46], [26, 19], [72, 19], [18, 9], [63, 10], [45, 18], [9, -9], [18, 19], [9, 28], [27, -19], [90, 28], [18, -9], [36, 9], [63, 29], [9, -19], [18, -57], [27, -65], [-18, -28], [0, -28], [27, -75], [45, 0], [18, -38], [9, -9], [18, -47], [18, -10], [18, 10], [18, -19], [18, 0], [18, 9], [9, 29], [18, 9], [18, 19], [36, 9], [9, 0], [27, 9], [18, 0], [18, -28], [9, -37], [45, -19], [-18, -37], [27, -66], [0, -38], [0, -37], [63, -38], [45, 19], [9, 28], [36, -9], [-18, -28], [71, 0], [36, -47], [0, -56], [-9, -19], [9, -38], [18, -28], [18, 10], [9, 28], [27, 9], [36, 0], [27, -9], [9, -19], [45, 28], [9, -9], [27, 18], [45, -46], [18, -29], [0, -9], [18, -19], [9, 19], [18, 0], [9, -19], [-18, -28], [-18, -28], [0, -38], [-18, -28], [45, 0], [0, -37], [18, -10], [0, -28], [-27, -18], [-27, -19], [18, -28], [-9, -19]], [[5934, 8892], [-36, -9], [-27, 18], [-18, 0], [-27, 10], [9, 28], [-9, 19], [-18, -19], [-36, -10], [0, 10], [-45, 9], [-9, 10], [-36, 9], [-27, 9], [-27, -9], [-27, -38], [-9, 19], [-36, 19], [-8, -28], [-27, -10], [-36, 0], [-18, 10], [-27, 0], [-9, -19], [-36, 0], [-9, 9], [-27, 0], [-36, -9], [-9, 9], [-72, 29], [-90, -19], [-27, 28], [-27, 0], [-9, -19], [-36, 0], [27, 47], [0, 19], [-36, 19], [-18, -38], [-54, 19], [-9, -10], [-18, 38], [-18, -28], [-9, 28], [-45, -9], [-9, -47], [-18, 18], [-18, 10], [18, 56], [54, 28], [-27, 38], [-45, -10], [-9, -18], [-18, 18], [-18, -9], [-18, 19], [-18, -19], [-18, 9], [-27, -18], [-18, -10], [-18, 19], [-18, -9], [-18, 37], [-27, 28], [-36, 19], [-18, 9], [18, 19], [-9, 19], [-18, -19], [-18, 0], [-9, 19], [-36, 28], [-27, 0], [-26, -19], [-36, -9], [-27, 28]], [[1654, 5694], [18, 10], [27, -19], [9, 0], [27, -28], [-36, 0], [-36, 18], [-9, 19]], [[1807, 5929], [27, -19], [-18, -10], [-27, 29], [-27, 0], [-27, 28], [9, 19], [27, 18], [27, -18], [-18, -29], [27, -18]], [[3300, 6060], [-27, 19], [-18, -28], [-18, -29], [0, -28], [-36, 10], [-9, -38], [-18, -9], [-9, 19], [0, 28], [-27, 9], [-18, -9], [-18, 9], [-27, -9], [-36, -10], [-36, 0], [-9, -18], [-36, 0], [-9, 18], [-27, -9], [-27, -9], [-9, -47], [-18, -19], [-72, 0], [-9, -10], [-54, 10], [-36, 0], [-9, -19], [-18, -9], [9, -19], [27, -9], [9, -29], [-9, -18], [27, -47], [36, -28], [9, 0], [-9, -47], [18, -38], [18, -9], [9, -28], [-18, -10], [27, -28], [-9, -18], [27, -29], [-9, -9], [9, -19], [0, -56], [-27, -9], [9, -29], [9, -56], [0, -28], [45, -28], [-9, -28], [-36, 9], [0, -19], [-36, -28], [-27, 10], [-36, -19], [-54, 37], [-9, -18], [-54, -10], [-18, 19], [18, 28], [-18, 10], [-9, -10], [-27, 0], [-27, -9], [-27, -28], [-27, -10]], [[2481, 5225], [-36, 10], [-36, -38], [-9, 19], [-18, -9], [-18, 9], [-18, 37], [-18, 19], [-27, 0], [-45, 0], [-9, 38], [-9, 28], [-80, 19], [-27, 18], [-27, 19], [-36, 28], [-9, 10], [-27, 9], [0, 28], [-18, 94], [-27, 28], [-27, 56], [-18, 0], [-9, 28], [-45, 57], [-54, 47], [-9, 75], [18, 0], [18, 28], [36, 28], [18, 56], [36, 19], [-9, 28], [-27, 19], [-9, 19], [-36, 18], [-90, 28], [18, 19], [27, 0], [9, 28], [9, 38], [0, 47], [72, 9], [9, 28], [-36, 0], [-27, 0], [-72, -47], [-18, -9], [-18, -9], [-18, 18], [-18, 28], [-27, 10], [-18, -10], [-9, -18], [-72, 37], [18, 19], [18, 28], [-18, 28], [-18, 19], [72, 47], [0, 19]], [[4208, 8967], [45, 47], [18, 65], [36, 38], [36, -19], [27, 0], [-36, 66], [-18, 0], [-9, 19], [9, 84], [45, 0]], [[5934, 8892], [18, 0], [36, -19]], [[2373, 5103], [9, -18], [-9, -19], [-18, 0], [-27, 19], [-27, 18], [-45, 29], [-27, 0], [-26, 9], [-9, 28], [27, 19], [17, 0], [18, -28], [36, 0], [-18, -19], [45, 0], [54, -38]], [[2724, 4231], [-18, 75], [-18, 38], [-18, 37], [-36, 38], [-36, 28], [-9, 9], [-27, 10], [-18, 18], [-9, 38], [-72, 37], [-27, 38], [-36, 19], [-18, 0], [0, 75], [0, 19], [36, 0], [27, 9], [9, 19], [-9, 18], [27, 19], [27, 56], [9, 38], [-18, 37], [27, 19], [0, 47], [-18, 0], [-9, 47], [-18, 28], [-36, 28], [-9, -9], [-18, 19], [18, 28], [0, 19], [36, 28], [18, 28], [0, 37]], [[2409, 4775], [9, -28], [-27, -28], [-9, 9], [0, 38], [-9, 37], [-18, 19], [-27, 19], [-36, 37], [0, 28], [0, 19], [-9, 47], [45, -28], [9, -19], [63, -19], [-9, -28], [9, -18], [0, -29], [27, -28], [-18, -28]], [[7715, 1934], [18, 28], [9, -28], [-27, 0]], [[7670, 1915], [27, 19], [-9, -19], [-18, 0]], [[7517, 1915], [27, 0], [27, 9], [9, -18], [-36, -10], [-27, 19]], [[6564, 3237], [18, 19], [9, 38], [27, 9], [9, 9], [27, -18], [35, -38], [-18, -9], [-17, -28], [-18, -38], [-36, 9], [-27, 0], [0, 19], [9, 10], [-18, 18]], [[6411, 3143], [0, 66], [18, -9], [27, 9], [36, -9], [27, -19], [0, -28], [9, -38], [9, -9], [36, 37], [27, 0], [36, 19], [18, 10], [44, 18], [9, -18], [45, 0], [27, -66], [45, 0], [9, 19], [36, -28], [18, 0], [18, 9], [18, -9], [0, -47], [27, 0], [18, -19], [9, -19], [27, 0], [36, 19], [18, 56], [18, 0], [27, -19], [-9, -18], [36, 0], [0, 18], [-27, 0], [9, 19], [18, 10], [0, 18], [0, 19], [-9, 47], [-18, -9], [0, 28], [-27, 9], [9, 19], [-45, 9], [-18, 0], [-9, 10], [-18, -10], [-18, 10], [-18, 28], [-9, 37], [0, 19], [27, -9], [18, 18], [-27, 10], [0, 37], [36, 0], [63, -18], [9, 28], [27, 9], [-27, 28], [-18, 10], [9, 46], [18, 29], [0, 37], [27, 0], [36, -9], [18, 18], [18, 0], [9, 19], [18, 10], [-9, 28], [9, 47], [9, -10], [54, 10], [36, 28], [-18, 19], [9, 9], [27, 9], [18, 19], [18, -19], [36, 28], [9, 29], [27, -10], [18, 0], [45, 0], [9, 19], [18, 0], [27, -19], [9, 0], [0, 28], [0, 38], [0, 28], [-27, 9], [-9, 47], [-36, -9], [-36, 19], [9, 56], [18, 0], [-18, 37], [27, 19], [18, -19], [27, 19], [27, -19], [18, -37], [36, 0], [9, -10], [18, 10], [0, 37], [18, 10], [9, -10], [27, 10], [9, 18], [27, 0], [9, -9]], [[7742, 4053], [9, -37], [18, 0], [0, -38], [17, -9], [36, -10], [18, -47], [-9, -46], [27, -29], [54, -37], [27, 0], [27, 19], [18, -19], [27, 0], [18, -19], [-18, -37], [18, -19], [9, -38], [27, -18], [9, -29], [-36, 10], [-27, -10], [-18, -18], [-9, -57], [-9, -37], [-9, -19], [-27, -9], [-9, -28], [0, -19], [18, -28], [18, -10], [18, -37], [-18, -9], [0, -47], [-9, -10], [27, -9], [0, -19], [54, -56], [0, -28], [9, -10], [27, -9], [18, 9], [36, -18], [18, -10], [9, 0], [45, -37], [45, -19], [45, 9], [9, -28], [54, 10], [18, 0], [27, 18], [18, 0], [36, 19], [27, -9], [18, 37], [27, -9], [-9, -38], [36, -47], [-9, -46], [-27, -10], [9, -37], [-36, -47], [-18, 0], [-18, -38], [0, -18], [-36, -29], [0, -18], [27, -66], [-18, -9], [-18, -29], [-9, 10], [-36, -28], [0, -19], [-36, 0], [-36, -38], [-18, 10], [-27, -10], [-18, -37], [-18, 9], [-18, -9], [-18, -38], [0, -28], [9, -18], [-27, 0], [-27, -10], [-18, -28], [-18, 9], [-27, 0], [-27, -37], [18, -19], [-18, -9], [-9, -28], [-18, -38], [-18, -19], [-27, 10], [-27, -10], [-27, 10], [-18, -57], [0, -18], [-27, -10], [-9, -18], [-54, -47], [9, -19], [36, 19], [36, -19], [-18, -19], [0, -19], [9, -28], [-27, -9], [-9, -19], [-18, 19], [-27, 0], [-44, -38], [-27, 0], [-18, -9], [-18, 0], [-27, -9], [-9, -47], [-18, 0], [-9, 9], [-36, 19], [-27, -9], [-18, 0], [-18, -10], [-18, -28], [-18, 0], [-36, 0], [-18, -9], [-27, 28], [-36, 0], [-36, -10], [-27, -28], [-9, -28], [-18, 0], [-18, 28], [0, 28], [-36, 29], [-45, 9], [0, 19], [-36, 28], [-18, 0], [-9, -28], [-27, 9], [-27, 38], [-27, -19], [-27, 19], [-9, -10], [-36, 10], [-27, -10], [-9, 28], [18, 19], [-18, 28], [9, 28], [-36, 47], [-18, 0], [-27, -28], [-54, 0], [-27, -9], [-63, 0], [-36, 56], [-17, 19], [0, 18], [-27, 10], [-54, -38], [-9, -18], [18, -19], [0, -19], [-27, -9], [-45, 18], [-72, -9], [-54, 9], [-18, 10], [-9, 19], [27, 18], [0, 19], [-27, 28], [-18, 0], [-54, 0], [-9, -9], [-45, 9], [-99, 0]], [[7292, 5347], [27, -9], [45, -38], [-18, -37], [-18, -47], [9, -38], [-54, -9], [-36, -28], [-9, -19], [18, -9], [-18, -47], [54, 0], [9, 9], [27, 10], [18, -10], [45, 28], [0, 10], [27, 28], [9, 0], [27, 19], [9, 18], [-9, 19], [-18, -9], [-18, 28], [9, 9], [0, 38], [9, 28], [18, 9], [27, 10], [18, -19], [18, -9], [9, 18], [45, 19], [9, 19], [18, 9], [18, -9], [27, 9], [90, 19], [53, -19], [9, -9], [-26, -28], [17, -38], [18, 0], [36, -28], [-45, -84], [9, -19], [-9, -19], [0, -28], [18, -9], [54, 0], [-9, -28], [9, -10], [-9, -37], [9, -10], [18, 28], [18, -18], [27, -47], [18, 0], [18, -47], [9, -28], [-27, -28], [0, -29], [-27, -9], [-27, -19], [-27, 0], [0, -18], [-18, 9], [-18, 0], [-9, -19], [9, -94], [9, -18], [36, -28], [18, -10], [18, -19], [27, 10], [27, -19], [-9, -19], [-9, -28], [18, -19], [0, -37], [9, -28], [36, -10], [0, -18], [18, 0], [27, -38], [45, -28], [-9, -28], [0, -19], [-18, -9], [0, -19], [-18, -9], [18, -38], [0, -47], [-36, -19], [-18, 0], [-18, -9], [-36, -9], [-9, -28], [-45, -29], [9, -18], [-27, -10], [-27, 19], [-36, 9], [-9, -18], [-45, -10], [-8, -9], [-27, -19]]], "transform": {"translate": [46, 1522.7346870784945], "scale": [0.1112111211121112, 0.10663719501165171]}, "objects": {"features": {"type": "GeometryCollection", "geometries": [{"type": "Polygon", "properties": {"nom": "Alsace", "name": "Alsace", "insee_cl": "67482", "surf_km2": 8328, "wikipedia": "fr:Alsace", "name_cl": "Strasbourg", "nuts2": "FR42", "nom_cl": "Strasbourg", "nb_dep": 2, "code_insee": "42", "nb_comm": 904, "id": "FR.A"}, "arcs": [[0, 1, 2]]}, {"type": "Polygon", "properties": {"nom": "Aquitaine", "name": "Aquitaine", "insee_cl": "33063", "surf_km2": 41818, "wikipedia": "fr:Aquitaine", "name_cl": "Bordeaux", "nuts2": "FR61", "nom_cl": "Bordeaux", "nb_dep": 5, "code_insee": "72", "nb_comm": 2296, "id": "FR.B"}, "arcs": [[3, 4, 5, 6], [7]]}, {"type": "Polygon", "properties": {"nom": "Auvergne", "name": "Auvergne", "insee_cl": "63113", "surf_km2": 26172, "wikipedia": "fr:Auvergne", "name_cl": "Clermont-Ferrand", "nuts2": "FR72", "nom_cl": "Clermont-Ferrand", "nb_dep": 4, "code_insee": "83", "nb_comm": 1310, "id": "FR.C"}, "arcs": [[8, 9, 10, 11, 12, 13]]}, {"type": "Polygon", "properties": {"nom": "Basse-Normandie", "name": "Basse-Normandie", "insee_cl": "14118", "surf_km2": 17786, "wikipedia": "fr:Basse-Normandie", "name_cl": "Caen", "nuts2": "FR25", "nom_cl": "Caen", "nb_dep": 3, "code_insee": "25", "nb_comm": 1812, "id": "FR.P"}, "arcs": [[14, 15, 16, 17, 18]]}, {"type": "Polygon", "properties": {"nom": "Bourgogne", "name": "Bourgogne", "insee_cl": "21231", "surf_km2": 31752, "wikipedia": "fr:Bourgogne", "name_cl": "Dijon", "nuts2": "FR26", "nom_cl": "Dijon", "nb_dep": 4, "code_insee": "26", "nb_comm": 2046, "id": "FR.D"}, "arcs": [[-12, 19, 20, 21, 22, 23]]}, {"type": "MultiPolygon", "properties": {"nom": "Bretagne", "name": "Bretagne", "insee_cl": "35238", "surf_km2": 27506, "wikipedia": "fr:Région Bretagne", "name_cl": "Rennes", "nuts2": "FR52", "nom_cl": "Rennes", "nb_dep": 4, "code_insee": "53", "nb_comm": 1270, "id": "FR.E"}, "arcs": [[[24]], [[25]], [[26]], [[27, 28, -19]]]}, {"type": "Polygon", "properties": {"nom": "Centre", "name": "Centre", "insee_cl": "45234", "surf_km2": 39530, "wikipedia": "fr:Région Centre", "name_cl": "Orlans", "nuts2": "FR24", "nom_cl": "Orléans", "nb_dep": 6, "code_insee": "24", "nb_comm": 1841, "id": "FR.F"}, "arcs": [[29, -17, 30, 31, -20, -11, 32, 33]]}, {"type": "Polygon", "properties": {"nom": "Champagne-Ardenne", "name": "Champagne-Ardenne", "insee_cl": "51108", "surf_km2": 25718, "wikipedia": "fr:Champagne-Ardenne", "name_cl": "Chlons-en-Champagne", "nuts2": "FR21", "nom_cl": "Châlons-en-Champagne", "nb_dep": 4, "code_insee": "21", "nb_comm": 1953, "id": "FR.G"}, "arcs": [[-22, 34, 35, 36, 37, 38]]}, {"type": "Polygon", "properties": {"nom": "Corse", "name": "Corse", "insee_cl": "2A004", "surf_km2": 8738, "wikipedia": "fr:Corse", "name_cl": "Ajaccio", "nuts2": "FR83", "nom_cl": "Ajaccio", "nb_dep": 2, "code_insee": "94", "nb_comm": 360, "id": "FR.H"}, "arcs": [[39]]}, {"type": "Polygon", "properties": {"nom": "Franche-Comté", "name": "Franche-Comt", "insee_cl": "25056", "surf_km2": 16306, "wikipedia": "fr:Franche-Comté", "name_cl": "Besanon", "nuts2": "FR43", "nom_cl": "Besançon", "nb_dep": 4, "code_insee": "43", "nb_comm": 1785, "id": "FR.I"}, "arcs": [[-23, -39, 40, -3, 41, 42]]}, {"type": "MultiPolygon", "properties": {"nom": "Guadeloupe", "name": "Guadeloupe", "insee_cl": "97105", "surf_km2": 1626, "wikipedia": "fr:Guadeloupe", "name_cl": "Basse-Terre", "nuts2": "FR91", "nom_cl": "Basse-Terre", "nb_dep": 1, "code_insee": "01", "nb_comm": 32, "id": "FR.GP"}, "arcs": [[[43]], [[44]], [[45]], [[46]]]}, {"type": "Polygon", "properties": {"nom": "Guyane", "name": "Guyane", "insee_cl": "97302", "surf_km2": 83692, "wikipedia": "fr:Guyane", "name_cl": "Cayenne", "nuts2": "FR93", "nom_cl": "Cayenne", "nb_dep": 1, "code_insee": "03", "nb_comm": 22, "id": "FR.GF"}, "arcs": [[47]]}, {"type": "Polygon", "properties": {"nom": "Haute-Normandie", "name": "Haute-Normandie", "insee_cl": "76540", "surf_km2": 12350, "wikipedia": "fr:Haute-Normandie", "name_cl": "Rouen", "nuts2": "FR23", "nom_cl": "Rouen", "nb_dep": 2, "code_insee": "23", "nb_comm": 1420, "id": "FR.Q"}, "arcs": [[-31, -16, 48, 49, 50]]}, {"type": "Polygon", "properties": {"nom": "Île-de-France", "name": "le-de-France", "insee_cl": "75056", "surf_km2": 12069, "wikipedia": "fr:Île-de-France", "name_cl": "Paris", "nuts2": "FR10", "nom_cl": "Paris", "nb_dep": 8, "code_insee": "11", "nb_comm": 1281, "id": "FR.J"}, "arcs": [[-32, -51, 51, -35, -21]]}, {"type": "Polygon", "properties": {"nom": "Languedoc-Roussillon", "name": "Languedoc-Roussillon", "insee_cl": "34172", "surf_km2": 27764, "wikipedia": "fr:Languedoc-Roussillon", "name_cl": "Montpellier", "nuts2": "FR81", "nom_cl": "Montpellier", "nb_dep": 5, "code_insee": "91", "nb_comm": 1545, "id": "FR.K"}, "arcs": [[52, 53, -14, 54, 55], [56]]}, {"type": "Polygon", "properties": {"nom": "La Réunion", "name": "La Runion", "insee_cl": "97411", "surf_km2": 2504, "wikipedia": "fr:La Réunion", "name_cl": "Saint-Denis", "nuts2": "FR94", "nom_cl": "Saint-Denis", "nb_dep": 1, "code_insee": "04", "nb_comm": 24, "id": "FR.RE"}, "arcs": [[57]]}, {"type": "Polygon", "properties": {"nom": "Limousin", "name": "Limousin", "insee_cl": "87085", "surf_km2": 17055, "wikipedia": "fr:Limousin", "name_cl": "Limoges", "nuts2": "FR63", "nom_cl": "Limoges", "nb_dep": 3, "code_insee": "74", "nb_comm": 747, "id": "FR.L"}, "arcs": [[-6, 58, -33, -10, 59]]}, {"type": "Polygon", "properties": {"nom": "Lorraine", "name": "Lorraine", "insee_cl": "57463", "surf_km2": 23669, "wikipedia": "fr:Lorraine", "name_cl": "Metz", "nuts2": "FR41", "nom_cl": "Metz", "nb_dep": 4, "code_insee": "41", "nb_comm": 2338, "id": "FR.M"}, "arcs": [[60, -1, -41, -38]]}, {"type": "Polygon", "properties": {"nom": "Martinique", "name": "Martinique", "insee_cl": "97209", "surf_km2": 1096, "wikipedia": "fr:Martinique", "name_cl": "Fort-de-France", "nuts2": "FR92", "nom_cl": "Fort-de-France", "nb_dep": 1, "code_insee": "02", "nb_comm": 34, "id": "FR.MQ"}, "arcs": [[61]]}, {"type": "MultiPolygon", "properties": {"nom": "Mayotte", "name": "Mayotte", "insee_cl": "97608", "surf_km2": 377, "wikipedia": "fr:Mayotte", "name_cl": "Dzaoudzi", "nuts2": "", "nom_cl": "Dzaoudzi", "nb_dep": 1, "code_insee": "06", "nb_comm": 17, "id": "FR.YT"}, "arcs": [[[62]], [[63]]]}, {"type": "MultiPolygon", "properties": {"nom": "Midi-Pyrénées", "name": "Midi-Pyrnes", "insee_cl": "31555", "surf_km2": 45601, "wikipedia": "fr:Midi-Pyrénées", "name_cl": "Toulouse", "nuts2": "FR62", "nom_cl": "Toulouse", "nb_dep": 8, "code_insee": "73", "nb_comm": 3020, "id": "FR.N"}, "arcs": [[[-8]], [[-60, -9, -54, 64, -7]]]}, {"type": "Polygon", "properties": {"nom": "Nord-Pas-de-Calais", "name": "Nord-Pas-de-Calais", "insee_cl": "59350", "surf_km2": 12459, "wikipedia": "fr:Nord-Pas-de-Calais", "name_cl": "Lille", "nuts2": "FR30", "nom_cl": "Lille", "nb_dep": 2, "code_insee": "31", "nb_comm": 1545, "id": "FR.O"}, "arcs": [[65, 66]]}, {"type": "MultiPolygon", "properties": {"nom": "Pays de la Loire", "name": "Pays de la Loire", "insee_cl": "44109", "surf_km2": 32408, "wikipedia": "fr:Pays de la Loire", "name_cl": "Nantes", "nuts2": "FR51", "nom_cl": "Nantes", "nb_dep": 5, "code_insee": "52", "nb_comm": 1496, "id": "FR.R"}, "arcs": [[[67]], [[68]], [[-18, -30, 69, 70, -28]]]}, {"type": "Polygon", "properties": {"nom": "Picardie", "name": "Picardie", "insee_cl": "80021", "surf_km2": 19513, "wikipedia": "fr:Picardie", "name_cl": "Amiens", "nuts2": "FR22", "nom_cl": "Amiens", "nb_dep": 3, "code_insee": "22", "nb_comm": 2291, "id": "FR.S"}, "arcs": [[-50, 71, -67, 72, -36, -52]]}, {"type": "MultiPolygon", "properties": {"nom": "Poitou-Charentes", "name": "Poitou-Charentes", "insee_cl": "86194", "surf_km2": 25971, "wikipedia": "fr:Poitou-Charentes", "name_cl": "Poitiers", "nuts2": "FR53", "nom_cl": "Poitiers", "nb_dep": 4, "code_insee": "54", "nb_comm": 1460, "id": "FR.T"}, "arcs": [[[73]], [[74, -70, -34, -59, -5]], [[75]]]}, {"type": "MultiPolygon", "properties": {"nom": "Provence-Alpes-Côte d'Azur", "name": "Provence-Alpes-Cte d'Azur", "insee_cl": "13055", "surf_km2": 31842, "wikipedia": "fr:Provence-Alpes-Côte d'Azur", "name_cl": "Marseille", "nuts2": "FR82", "nom_cl": "Marseille", "nb_dep": 6, "code_insee": "93", "nb_comm": 958, "id": "FR.U"}, "arcs": [[[76]], [[77]], [[78]], [[79]], [[80, 81, -56]]]}, {"type": "Polygon", "properties": {"nom": "Rhône-Alpes", "name": "Rhne-Alpes", "insee_cl": "69123", "surf_km2": 44726, "wikipedia": "fr:Rhône-Alpes", "name_cl": "Lyon", "nuts2": "FR71", "nom_cl": "Lyon", "nb_dep": 8, "code_insee": "82", "nb_comm": 2874, "id": "FR.V"}, "arcs": [[-13, -24, -43, 82, -81, -55], [-80]]}]}}, "bbox": [46, 1522.7346870784945, 1158, 2589], "type": "Topology"}