{"crs": {"type": "name", "properties": {"name": "urn:ogc:def:crs:EPSG:32642"}}, "type": "FeatureCollection", "features": [{"geometry": {"type": "Polygon", "coordinates": [[[261, 9165], [317, 9114], [326, 9091], [320, 9058], [253, 9031], [212, 9036], [200, 9027], [141, 9032], [99, 9003], [50, 8992], [-40, 9029], [-81, 9025], [-110, 9036], [-118, 9058], [-135, 9060], [-188, 9100], [-177, 9157], [-145, 9217], [-88, 9242], [-86, 9291], [-56, 9309], [-76, 9328], [-77, 9351], [-7, 9351], [26, 9372], [96, 9387], [104, 9364], [88, 9306], [108, 9286], [109, 9248], [161, 9237], [171, 9218], [196, 9222], [194, 9175], [261, 9165]]]}, "type": "Feature", "properties": {"labelrank": 5, "code_hasc": "AF.BG", "name": "Badghis", "admin": "Afghanistan", "type_en": "Province", "region": "", "woe_id": 2344550, "longitude": 63, "woe_name": "Badghis", "fips": "AF02", "woe_label": "Badghis, AF, Afghanistan", "latitude": 35, "iso_a2": "AF", "postal": "BG", "type": "Velayat", "id": "AF.BG"}}, {"geometry": {"type": "Polygon", "coordinates": [[[-145, 9217], [-177, 9157], [-188, 9100], [-135, 9060], [-118, 9058], [-110, 9036], [-81, 9025], [-40, 9029], [50, 8992], [99, 9003], [141, 9032], [200, 9027], [200, 8980], [183, 8988], [138, 8977], [138, 8929], [118, 8914], [-17, 8932], [-43, 8883], [-4, 8810], [-22, 8801], [-29, 8774], [-81, 8766], [-119, 8745], [-107, 8689], [-137, 8647], [-198, 8642], [-220, 8626], [-250, 8629], [-279, 8611], [-289, 8575], [-357, 8564], [-366, 8594], [-398, 8575], [-438, 8603], [-434, 8629], [-394, 8664], [-412, 8696], [-396, 8713], [-388, 8748], [-452, 8763], [-475, 8749], [-523, 8752], [-590, 8772], [-605, 8785], [-647, 8789], [-677, 8812], [-670, 8943], [-633, 8984], [-580, 8983], [-617, 9038], [-561, 9066], [-556, 9088], [-532, 9110], [-508, 9183], [-514, 9224], [-495, 9234], [-468, 9297], [-471, 9316], [-454, 9317], [-446, 9297], [-403, 9262], [-317, 9257], [-272, 9216], [-263, 9175], [-229, 9210], [-193, 9191], [-145, 9217]]]}, "type": "Feature", "properties": {"labelrank": 7, "code_hasc": "AF.HR", "name": "Hirat", "admin": "Afghanistan", "type_en": "Province", "region": "", "woe_id": 2344558, "longitude": 62, "woe_name": "Hirat", "fips": "AF11", "woe_label": "Herat, AF, Afghanistan", "latitude": 34, "iso_a2": "AF", "postal": "HR", "type": "Velayat", "id": "AF.HR"}}, {"geometry": {"type": "Polygon", "coordinates": [[[979, 9211], [982, 9171], [962, 9136], [963, 9108], [999, 9093], [1020, 9039], [967, 9010], [953, 8986], [853, 9010], [808, 8998], [818, 8970], [801, 8961], [796, 8945], [830, 8939], [834, 8929], [824, 8921], [860, 8905], [832, 8885], [834, 8869], [815, 8842], [747, 8818], [693, 8836], [663, 8829], [635, 8852], [640, 8904], [651, 8916], [630, 8925], [631, 8938], [686, 8962], [682, 8980], [694, 8999], [666, 9014], [641, 9056], [608, 9075], [601, 9087], [609, 9142], [675, 9149], [712, 9193], [751, 9186], [870, 9215], [931, 9205], [979, 9211]]]}, "type": "Feature", "properties": {"labelrank": 9, "code_hasc": "AF.BM", "name": "Bamyan", "admin": "Afghanistan", "type_en": "Province", "region": "", "woe_id": 2344552, "longitude": 67, "woe_name": "Bamyan", "fips": "AF05", "woe_label": "Bamian, AF, Afghanistan", "latitude": 34, "iso_a2": "AF", "postal": "BM", "type": "Velayat", "id": "AF.BM"}}, {"geometry": {"type": "Polygon", "coordinates": [[[970, 9593], [972, 9564], [1003, 9506], [980, 9498], [928, 9506], [898, 9521], [859, 9520], [835, 9503], [841, 9476], [822, 9409], [765, 9371], [775, 9337], [729, 9282], [706, 9271], [643, 9273], [671, 9324], [667, 9399], [638, 9416], [686, 9498], [654, 9510], [632, 9550], [664, 9563], [644, 9616], [653, 9647], [633, 9685], [603, 9698], [602, 9713], [643, 9702], [662, 9714], [694, 9706], [759, 9715], [811, 9662], [862, 9687], [874, 9670], [889, 9679], [913, 9672], [920, 9638], [939, 9629], [970, 9593]]]}, "type": "Feature", "properties": {"labelrank": 5, "code_hasc": "AF.BK", "name": "Balkh", "admin": "Afghanistan", "type_en": "Province", "region": "", "woe_id": 2344575, "longitude": 67, "woe_name": "Balkh", "fips": "AF30", "woe_label": "Balkh, AF, Afghanistan", "latitude": 36, "iso_a2": "AF", "postal": "BK", "type": "Velayat", "id": "AF.BK"}}, {"geometry": {"type": "Polygon", "coordinates": [[[472, 9363], [487, 9364], [483, 9352], [499, 9319], [493, 9308], [469, 9307], [456, 9279], [425, 9272], [426, 9249], [408, 9214], [416, 9170], [390, 9154], [348, 9173], [261, 9165], [194, 9175], [196, 9222], [171, 9218], [161, 9237], [109, 9248], [108, 9286], [88, 9306], [104, 9364], [96, 9387], [125, 9377], [129, 9405], [151, 9418], [174, 9415], [182, 9430], [224, 9449], [249, 9492], [251, 9544], [291, 9614], [293, 9661], [354, 9689], [442, 9688], [407, 9613], [429, 9562], [416, 9526], [427, 9515], [433, 9464], [383, 9456], [366, 9379], [349, 9360], [361, 9349], [414, 9341], [439, 9353], [449, 9345], [472, 9363]]]}, "type": "Feature", "properties": {"labelrank": 5, "code_hasc": "AF.FB", "name": "Faryab", "admin": "Afghanistan", "type_en": "Province", "region": "", "woe_id": 2344554, "longitude": 64, "woe_name": "Faryab", "fips": "AF07", "woe_label": "Faryab, AF, Afghanistan", "latitude": 35, "iso_a2": "AF", "postal": "FB", "type": "Velayat", "id": "AF.FB"}}, {"geometry": {"type": "Polygon", "coordinates": [[[602, 9713], [603, 9698], [633, 9685], [653, 9647], [644, 9616], [664, 9563], [632, 9550], [654, 9510], [558, 9500], [481, 9455], [438, 9450], [439, 9358], [472, 9363], [449, 9345], [439, 9353], [414, 9341], [361, 9349], [349, 9360], [366, 9379], [383, 9456], [433, 9464], [427, 9515], [416, 9526], [429, 9562], [407, 9613], [442, 9688], [472, 9713], [475, 9747], [502, 9773], [602, 9713]]]}, "type": "Feature", "properties": {"labelrank": 5, "code_hasc": "AF.JW", "name": "Jawzjan", "admin": "Afghanistan", "type_en": "Province", "region": "", "woe_id": 2344576, "longitude": 65, "woe_name": "Jawzjan", "fips": "AF31", "woe_label": "Jowzjan, AF, Afghanistan", "latitude": 36, "iso_a2": "AF", "postal": "JW", "type": "Velayat", "id": "AF.JW"}}, {"geometry": {"type": "Polygon", "coordinates": [[[608, 9075], [641, 9056], [666, 9014], [694, 8999], [682, 8980], [686, 8962], [631, 8938], [572, 8944], [559, 8932], [528, 8933], [514, 8923], [423, 8933], [408, 8863], [419, 8836], [392, 8809], [428, 8740], [384, 8707], [381, 8694], [348, 8679], [260, 8641], [251, 8653], [238, 8648], [201, 8675], [161, 8640], [166, 8629], [151, 8624], [129, 8635], [74, 8731], [40, 8708], [-17, 8690], [-107, 8689], [-119, 8745], [-81, 8766], [-29, 8774], [-22, 8801], [-4, 8810], [-43, 8883], [-17, 8932], [118, 8914], [138, 8929], [138, 8977], [183, 8988], [200, 8980], [200, 9027], [212, 9036], [253, 9031], [320, 9058], [326, 9091], [317, 9114], [261, 9165], [348, 9173], [390, 9154], [416, 9170], [457, 9173], [488, 9129], [539, 9116], [552, 9043], [582, 9077], [608, 9075]]]}, "type": "Feature", "properties": {"labelrank": 5, "code_hasc": "AF.GR", "name": "Ghor", "admin": "Afghanistan", "type_en": "Province", "region": "", "woe_id": 2344556, "longitude": 64, "woe_name": "Ghor", "fips": "AF09", "woe_label": "Ghowr, AF, Afghanistan", "latitude": 34, "iso_a2": "AF", "postal": "GR", "type": "Velayat", "id": "AF.GR"}}, {"geometry": {"type": "Polygon", "coordinates": [[[729, 9282], [753, 9268], [745, 9254], [751, 9241], [743, 9216], [712, 9193], [675, 9149], [609, 9142], [601, 9087], [608, 9075], [582, 9077], [552, 9043], [539, 9116], [488, 9129], [457, 9173], [416, 9170], [408, 9214], [426, 9249], [425, 9272], [456, 9279], [469, 9307], [493, 9308], [499, 9319], [483, 9352], [487, 9364], [472, 9363], [439, 9358], [438, 9450], [481, 9455], [558, 9500], [654, 9510], [686, 9498], [638, 9416], [667, 9399], [671, 9324], [643, 9273], [706, 9271], [729, 9282]]]}, "type": "Feature", "properties": {"labelrank": 5, "code_hasc": "AF.SP", "name": "Sari Pul", "admin": "Afghanistan", "type_en": "Province", "region": "", "woe_id": 2344578, "longitude": 66, "woe_name": "Sari Pul", "fips": "AF33", "woe_label": "Sare Pol, AF, Afghanistan", "latitude": 35, "iso_a2": "AF", "postal": "SP", "type": "Velayat", "id": "AF.SP"}}, {"geometry": {"type": "Polygon", "coordinates": [[[238, 8648], [235, 8624], [200, 8593], [195, 8575], [203, 8568], [162, 8553], [132, 8520], [135, 8494], [111, 8483], [75, 8484], [73, 8451], [-37, 8393], [-119, 8411], [-150, 8351], [-216, 8332], [-259, 8371], [-384, 8366], [-384, 8346], [-407, 8331], [-409, 8308], [-448, 8261], [-462, 8260], [-462, 8239], [-476, 8240], [-478, 8206], [-652, 8247], [-652, 8386], [-635, 8443], [-676, 8680], [-612, 8749], [-610, 8766], [-590, 8772], [-523, 8752], [-475, 8749], [-452, 8763], [-388, 8748], [-396, 8713], [-412, 8696], [-394, 8664], [-434, 8629], [-438, 8603], [-398, 8575], [-366, 8594], [-357, 8564], [-289, 8575], [-279, 8611], [-250, 8629], [-220, 8626], [-198, 8642], [-137, 8647], [-107, 8689], [-17, 8690], [40, 8708], [74, 8731], [129, 8635], [151, 8624], [166, 8629], [161, 8640], [201, 8675], [238, 8648]]]}, "type": "Feature", "properties": {"labelrank": 7, "code_hasc": "AF.FH", "name": "Farah", "admin": "Afghanistan", "type_en": "Province", "region": "", "woe_id": 2344553, "longitude": 62, "woe_name": "Farah", "fips": "AF06", "woe_label": "Farah, AF, Afghanistan", "latitude": 32, "iso_a2": "AF", "postal": "FH", "type": "Velayat", "id": "AF.FH"}}, {"geometry": {"type": "Polygon", "coordinates": [[[348, 8679], [365, 8670], [378, 8641], [373, 8608], [336, 8558], [332, 8503], [352, 8492], [357, 8469], [342, 8409], [311, 8341], [275, 8338], [265, 8307], [243, 8286], [244, 8254], [222, 8179], [195, 7916], [150, 7697], [83, 7682], [54, 7653], [-63, 7688], [-285, 7678], [-236, 7881], [-207, 7898], [-158, 7959], [-164, 8002], [-140, 8025], [-141, 8068], [-93, 8114], [-97, 8165], [-70, 8291], [-30, 8361], [-37, 8393], [73, 8451], [75, 8484], [111, 8483], [135, 8494], [132, 8520], [162, 8553], [203, 8568], [195, 8575], [200, 8593], [235, 8624], [238, 8648], [251, 8653], [260, 8641], [348, 8679]]]}, "type": "Feature", "properties": {"labelrank": 5, "code_hasc": "AF.HM", "name": "Hilmand", "admin": "Afghanistan", "type_en": "Province", "region": "", "woe_id": 2344557, "longitude": 63, "woe_name": "Hilmand", "fips": "AF10", "woe_label": "Helmand, AF, Afghanistan", "latitude": 30, "iso_a2": "AF", "postal": "HM", "type": "Velayat", "id": "AF.HM"}}, {"geometry": {"type": "Polygon", "coordinates": [[[-37, 8393], [-30, 8361], [-70, 8291], [-97, 8165], [-93, 8114], [-141, 8068], [-140, 8025], [-164, 8002], [-158, 7959], [-207, 7898], [-236, 7881], [-285, 7678], [-337, 7683], [-678, 7818], [-444, 8062], [-435, 8111], [-448, 8182], [-461, 8201], [-478, 8206], [-476, 8240], [-462, 8239], [-462, 8260], [-448, 8261], [-409, 8308], [-407, 8331], [-384, 8346], [-384, 8366], [-259, 8371], [-216, 8332], [-150, 8351], [-119, 8411], [-37, 8393]]]}, "type": "Feature", "properties": {"labelrank": 5, "code_hasc": "AF.NM", "name": "Nimroz", "admin": "Afghanistan", "type_en": "Province", "region": "", "woe_id": 2344565, "longitude": 62, "woe_name": "Nimroz", "fips": "AF19", "woe_label": "Nimruz, AF, Afghanistan", "latitude": 30, "iso_a2": "AF", "postal": "NM", "type": "Velayat", "id": "AF.NM"}}, {"geometry": {"type": "Polygon", "coordinates": [[[699, 8648], [702, 8639], [735, 8636], [736, 8625], [717, 8609], [715, 8583], [719, 8562], [737, 8555], [731, 8530], [689, 8525], [657, 8492], [645, 8490], [647, 8514], [605, 8492], [585, 8467], [584, 8445], [553, 8440], [541, 8427], [469, 8447], [449, 8435], [450, 8469], [424, 8471], [392, 8434], [386, 8395], [342, 8409], [357, 8469], [352, 8492], [332, 8503], [336, 8558], [373, 8608], [405, 8603], [403, 8622], [442, 8609], [473, 8618], [527, 8595], [537, 8627], [587, 8657], [622, 8659], [639, 8638], [680, 8658], [685, 8646], [699, 8648]]]}, "type": "Feature", "properties": {"labelrank": 5, "code_hasc": "AF.OZ", "name": "Uruzgan", "admin": "Afghanistan", "type_en": "Province", "region": "", "woe_id": 2344566, "longitude": 66, "woe_name": "Uruzgan", "fips": "AF39", "woe_label": "Oruzgan, AF, Afghanistan", "latitude": 32, "iso_a2": "AF", "postal": "OZ", "type": "Velayat", "id": "AF.OZ"}}, {"geometry": {"type": "Polygon", "coordinates": [[[631, 8938], [630, 8925], [651, 8916], [640, 8904], [635, 8852], [663, 8829], [693, 8836], [747, 8818], [815, 8842], [811, 8819], [822, 8796], [773, 8748], [704, 8726], [699, 8648], [685, 8646], [680, 8658], [639, 8638], [622, 8659], [587, 8657], [537, 8627], [527, 8595], [473, 8618], [442, 8609], [403, 8622], [405, 8603], [373, 8608], [378, 8641], [365, 8670], [348, 8679], [381, 8694], [384, 8707], [428, 8740], [392, 8809], [419, 8836], [408, 8863], [423, 8933], [514, 8923], [528, 8933], [559, 8932], [572, 8944], [631, 8938]]]}, "type": "Feature", "properties": {"labelrank": 5, "code_hasc": "AF.OZ", "name": "Uruzgan", "admin": "Afghanistan", "type_en": "Province", "region": "", "woe_id": 56000466, "longitude": 66, "woe_name": "Daykundi", "fips": "AF41", "woe_label": "", "latitude": 33, "iso_a2": "AF", "postal": "OZ", "type": "Velayat", "id": "AF.2015"}}, {"geometry": {"type": "Polygon", "coordinates": [[[584, 8445], [597, 8442], [610, 8461], [631, 8448], [621, 8413], [582, 8370], [581, 8299], [548, 8275], [575, 8238], [603, 8255], [629, 8257], [661, 8283], [719, 8244], [771, 8251], [794, 8219], [817, 8216], [821, 8194], [873, 8200], [895, 8193], [852, 8185], [864, 8158], [899, 8154], [898, 8138], [804, 8106], [734, 8115], [731, 8134], [706, 8133], [659, 8106], [650, 8077], [624, 8050], [585, 8040], [559, 7953], [570, 7910], [565, 7860], [544, 7812], [571, 7785], [538, 7754], [272, 7685], [150, 7697], [195, 7916], [222, 8179], [244, 8254], [243, 8286], [265, 8307], [275, 8338], [311, 8341], [342, 8409], [386, 8395], [392, 8434], [424, 8471], [450, 8469], [449, 8435], [469, 8447], [541, 8427], [553, 8440], [584, 8445]]]}, "type": "Feature", "properties": {"labelrank": 6, "code_hasc": "AF.KD", "name": "Kandahar", "admin": "Afghanistan", "type_en": "Province", "region": "", "woe_id": 2344569, "longitude": 65, "woe_name": "Kandahar", "fips": "AF23", "woe_label": "Kandahar, AF, Afghanistan", "latitude": 31, "iso_a2": "AF", "postal": "KD", "type": "Velayat", "id": "AF.KD"}}, {"geometry": {"type": "Polygon", "coordinates": [[[963, 8336], [969, 8311], [954, 8274], [973, 8248], [943, 8217], [916, 8213], [895, 8193], [873, 8200], [821, 8194], [817, 8216], [794, 8219], [771, 8251], [719, 8244], [661, 8283], [629, 8257], [603, 8255], [575, 8238], [548, 8275], [581, 8299], [582, 8370], [621, 8413], [631, 8448], [610, 8461], [597, 8442], [584, 8445], [585, 8467], [605, 8492], [647, 8514], [645, 8490], [657, 8492], [689, 8525], [731, 8530], [737, 8555], [756, 8572], [756, 8590], [770, 8588], [777, 8572], [799, 8559], [828, 8575], [831, 8557], [817, 8546], [831, 8534], [823, 8520], [879, 8463], [864, 8445], [904, 8410], [874, 8391], [871, 8377], [888, 8375], [890, 8353], [935, 8331], [963, 8336]]]}, "type": "Feature", "properties": {"labelrank": 5, "code_hasc": "AF.ZB", "name": "Zabul", "admin": "Afghanistan", "type_en": "Province", "region": "", "woe_id": 2344573, "longitude": 67, "woe_name": "Zabul", "fips": "AF28", "woe_label": "Zabol, AF, Afghanistan", "latitude": 32, "iso_a2": "AF", "postal": "ZB", "type": "Velayat", "id": "AF.ZB"}}, {"geometry": {"type": "Polygon", "coordinates": [[[1111, 8775], [1124, 8756], [1124, 8729], [1130, 8691], [1123, 8672], [1059, 8597], [1047, 8564], [1005, 8511], [963, 8498], [934, 8523], [914, 8495], [966, 8441], [973, 8415], [963, 8336], [935, 8331], [890, 8353], [888, 8375], [871, 8377], [874, 8391], [904, 8410], [864, 8445], [879, 8463], [823, 8520], [831, 8534], [817, 8546], [831, 8557], [828, 8575], [799, 8559], [777, 8572], [770, 8588], [756, 8590], [756, 8572], [737, 8555], [719, 8562], [715, 8583], [717, 8609], [736, 8625], [735, 8636], [702, 8639], [699, 8648], [704, 8726], [773, 8748], [822, 8796], [811, 8819], [815, 8842], [834, 8869], [881, 8886], [928, 8869], [969, 8883], [981, 8869], [988, 8819], [1055, 8775], [1055, 8751], [1077, 8747], [1111, 8775]]]}, "type": "Feature", "properties": {"labelrank": 7, "code_hasc": "AF.GZ", "name": "Ghazni", "admin": "Afghanistan", "type_en": "Province", "region": "", "woe_id": 2344555, "longitude": 67, "woe_name": "Ghazni", "fips": "AF08", "woe_label": "Ghazni, AF, Afghanistan", "latitude": 33, "iso_a2": "AF", "postal": "GZ", "type": "Velayat", "id": "AF.GZ"}}, {"geometry": {"type": "Polygon", "coordinates": [[[1278, 8573], [1249, 8581], [1261, 8634], [1293, 8675], [1301, 8714], [1347, 8727], [1390, 8764], [1417, 8758], [1429, 8736], [1425, 8703], [1454, 8671], [1456, 8655], [1420, 8623], [1403, 8621], [1394, 8605], [1366, 8594], [1343, 8600], [1293, 8590], [1278, 8573]]]}, "type": "Feature", "properties": {"labelrank": 5, "code_hasc": "AF.KT", "name": "Khost", "admin": "Afghanistan", "type_en": "Province", "region": "", "woe_id": 24550741, "longitude": 69, "woe_name": "Khost", "fips": "AF37", "woe_label": "Khowst, AF, Afghanistan", "latitude": 33, "iso_a2": "AF", "postal": "KT", "type": "Velayat", "id": "AF.KT"}}, {"geometry": {"type": "Polygon", "coordinates": [[[1261, 8634], [1249, 8581], [1278, 8573], [1278, 8533], [1256, 8511], [1267, 8480], [1225, 8430], [1241, 8296], [1189, 8231], [1130, 8206], [1104, 8250], [1069, 8264], [1044, 8254], [1073, 8246], [1062, 8238], [1008, 8249], [987, 8265], [973, 8248], [954, 8274], [969, 8311], [963, 8336], [973, 8415], [966, 8441], [914, 8495], [934, 8523], [963, 8498], [1005, 8511], [1047, 8564], [1059, 8597], [1123, 8672], [1164, 8673], [1174, 8610], [1219, 8641], [1261, 8634]]]}, "type": "Feature", "properties": {"labelrank": 5, "code_hasc": "AF.PK", "name": "Paktika", "admin": "Afghanistan", "type_en": "Province", "region": "", "woe_id": 2344574, "longitude": 68, "woe_name": "Paktika", "fips": "AF29", "woe_label": "Paktika, AF, Afghanistan", "latitude": 32, "iso_a2": "AF", "postal": "PK", "type": "Velayat", "id": "AF.PK"}}, {"geometry": {"type": "Polygon", "coordinates": [[[1632, 9364], [1592, 9296], [1601, 9277], [1573, 9257], [1571, 9220], [1548, 9221], [1533, 9233], [1522, 9214], [1502, 9209], [1504, 9240], [1488, 9266], [1467, 9274], [1435, 9266], [1443, 9313], [1483, 9345], [1476, 9363], [1484, 9427], [1434, 9436], [1392, 9472], [1384, 9592], [1408, 9623], [1389, 9647], [1382, 9756], [1414, 9753], [1437, 9789], [1437, 9814], [1417, 9837], [1415, 9859], [1434, 9857], [1432, 9866], [1476, 9905], [1515, 9980], [1538, 9991], [1570, 9988], [1578, 9999], [1658, 9943], [1639, 9858], [1657, 9850], [1697, 9864], [1710, 9852], [1697, 9816], [1681, 9635], [1708, 9558], [1730, 9537], [1768, 9541], [1855, 9614], [1937, 9633], [1963, 9684], [2020, 9711], [2065, 9752], [2105, 9758], [2161, 9747], [2159, 9724], [2131, 9702], [2154, 9692], [2252, 9729], [2259, 9746], [2278, 9753], [2321, 9742], [2350, 9749], [2401, 9709], [2381, 9704], [2364, 9725], [2345, 9706], [2317, 9703], [2292, 9681], [2331, 9650], [2331, 9635], [2301, 9641], [2269, 9616], [2247, 9613], [2228, 9591], [2172, 9608], [2051, 9598], [1933, 9582], [1897, 9561], [1847, 9551], [1835, 9544], [1839, 9532], [1757, 9484], [1759, 9462], [1723, 9477], [1713, 9443], [1663, 9409], [1632, 9364]]]}, "type": "Feature", "properties": {"labelrank": 5, "code_hasc": "AF.BD", "name": "Badakhshan", "admin": "Afghanistan", "type_en": "Province", "region": "", "woe_id": 2344549, "longitude": 70, "woe_name": "Badakhshan", "fips": "AF01", "woe_label": "Badakhshan, AF, Afghanistan", "latitude": 36, "iso_a2": "AF", "postal": "BD", "type": "Velayat", "id": "AF.BD"}}, {"geometry": {"type": "Polygon", "coordinates": [[[1726, 9218], [1695, 9186], [1645, 9174], [1625, 9122], [1570, 9112], [1527, 9127], [1511, 9091], [1472, 9067], [1446, 9075], [1420, 9115], [1393, 9119], [1381, 9153], [1370, 9184], [1421, 9222], [1435, 9266], [1467, 9274], [1488, 9266], [1504, 9240], [1502, 9209], [1522, 9214], [1533, 9233], [1548, 9221], [1571, 9220], [1573, 9257], [1601, 9277], [1592, 9296], [1632, 9364], [1669, 9343], [1689, 9316], [1709, 9275], [1701, 9260], [1723, 9244], [1726, 9218]]]}, "type": "Feature", "properties": {"labelrank": 5, "code_hasc": "AF.NR", "name": "Nuristan", "admin": "Afghanistan", "type_en": "Province", "region": "", "woe_id": 24549937, "longitude": 70, "woe_name": "Nuristan", "fips": "AF38", "woe_label": "Nurestan, AF, Afghanistan", "latitude": 35, "iso_a2": "AF", "postal": "NR", "type": "Velayat", "id": "AF.NR"}}, {"geometry": {"type": "Polygon", "coordinates": [[[1601, 8979], [1549, 8971], [1554, 8985], [1529, 8997], [1532, 9028], [1520, 9041], [1511, 9091], [1527, 9127], [1570, 9112], [1625, 9122], [1645, 9174], [1695, 9186], [1726, 9218], [1732, 9204], [1713, 9175], [1736, 9142], [1710, 9116], [1703, 9084], [1665, 9063], [1647, 9030], [1621, 9010], [1618, 8980], [1601, 8979]]]}, "type": "Feature", "properties": {"labelrank": 5, "code_hasc": "AF.KR", "name": "Kunar", "admin": "Afghanistan", "type_en": "Province", "region": "", "woe_id": 2344561, "longitude": 71, "woe_name": "Kunar", "fips": "AF34", "woe_label": "Konar, AF, Afghanistan", "latitude": 34, "iso_a2": "AF", "postal": "KR", "type": "Velayat", "id": "AF.KR"}}, {"geometry": {"type": "Polygon", "coordinates": [[[1238, 9641], [1237, 9572], [1219, 9557], [1217, 9539], [1227, 9510], [1204, 9477], [1220, 9428], [1171, 9460], [1143, 9459], [1115, 9490], [1014, 9500], [1003, 9506], [972, 9564], [970, 9593], [1004, 9616], [1023, 9614], [1025, 9638], [1047, 9639], [1049, 9651], [1096, 9665], [1105, 9684], [1136, 9676], [1139, 9697], [1156, 9684], [1150, 9699], [1170, 9694], [1225, 9638], [1238, 9641]]]}, "type": "Feature", "properties": {"labelrank": 5, "code_hasc": "AF.KZ", "name": "Kunduz", "admin": "Afghanistan", "type_en": "Province", "region": "", "woe_id": 2344570, "longitude": 68, "woe_name": "Kunduz", "fips": "AF24", "woe_label": "Konduz, AF, Afghanistan", "latitude": 36, "iso_a2": "AF", "postal": "KZ", "type": "Velayat", "id": "AF.KZ"}}, {"geometry": {"type": "Polygon", "coordinates": [[[1601, 8979], [1598, 8956], [1633, 8921], [1617, 8845], [1582, 8836], [1577, 8825], [1504, 8817], [1370, 8840], [1368, 8843], [1332, 8896], [1279, 8872], [1277, 8883], [1307, 8909], [1316, 8933], [1349, 8938], [1403, 8938], [1465, 8959], [1479, 8977], [1476, 9003], [1520, 9041], [1532, 9028], [1529, 8997], [1554, 8985], [1549, 8971], [1601, 8979]]]}, "type": "Feature", "properties": {"labelrank": 5, "code_hasc": "AF.NG", "name": "Nangarhar", "admin": "Afghanistan", "type_en": "Province", "region": "", "woe_id": 2344564, "longitude": 70, "woe_name": "Nangarhar", "fips": "AF18", "woe_label": "Nangarhar, AF, Afghanistan", "latitude": 34, "iso_a2": "AF", "postal": "NG", "type": "Velayat", "id": "AF.NG"}}, {"geometry": {"type": "Polygon", "coordinates": [[[1382, 9756], [1389, 9647], [1408, 9623], [1384, 9592], [1392, 9472], [1434, 9436], [1484, 9427], [1476, 9363], [1483, 9345], [1443, 9313], [1423, 9324], [1409, 9305], [1377, 9302], [1376, 9322], [1340, 9377], [1338, 9407], [1324, 9414], [1317, 9442], [1246, 9410], [1220, 9428], [1204, 9477], [1227, 9510], [1217, 9539], [1219, 9557], [1237, 9572], [1238, 9641], [1266, 9669], [1252, 9725], [1279, 9762], [1364, 9773], [1382, 9756]]]}, "type": "Feature", "properties": {"labelrank": 5, "code_hasc": "AF.TK", "name": "Takhar", "admin": "Afghanistan", "type_en": "Province", "region": "", "woe_id": 2344571, "longitude": 69, "woe_name": "Takhar", "fips": "AF26", "woe_label": "Takhar, AF, Afghanistan", "latitude": 36, "iso_a2": "AF", "postal": "TK", "type": "Velayat", "id": "AF.TK"}}, {"geometry": {"type": "Polygon", "coordinates": [[[1220, 9428], [1246, 9410], [1317, 9442], [1324, 9414], [1338, 9407], [1340, 9377], [1376, 9322], [1377, 9302], [1342, 9266], [1333, 9232], [1230, 9192], [1213, 9200], [1155, 9155], [1134, 9158], [1083, 9107], [1020, 9110], [999, 9093], [963, 9108], [962, 9136], [982, 9171], [979, 9211], [1001, 9243], [993, 9264], [1028, 9313], [1032, 9346], [1075, 9391], [1041, 9420], [1007, 9472], [1000, 9487], [1014, 9500], [1115, 9490], [1143, 9459], [1171, 9460], [1220, 9428]]]}, "type": "Feature", "properties": {"labelrank": 7, "code_hasc": "AF.BL", "name": "Baghlan", "admin": "Afghanistan", "type_en": "Province", "region": "", "woe_id": 2344551, "longitude": 68, "woe_name": "Baghlan", "fips": "AF03", "woe_label": "Baghlan, AF, Afghanistan", "latitude": 35, "iso_a2": "AF", "postal": "BL", "type": "Velayat", "id": "AF.BL"}}, {"geometry": {"type": "Polygon", "coordinates": [[[1303, 8999], [1328, 9000], [1341, 9033], [1366, 9053], [1373, 9027], [1357, 9008], [1349, 8938], [1316, 8933], [1307, 8909], [1277, 8883], [1279, 8872], [1234, 8925], [1213, 8911], [1167, 8921], [1139, 8958], [1144, 8992], [1170, 9063], [1219, 9059], [1238, 9047], [1270, 8984], [1303, 8999]]]}, "type": "Feature", "properties": {"labelrank": 7, "code_hasc": "AF.KB", "name": "Kabul", "admin": "Afghanistan", "type_en": "Province", "region": "", "woe_id": 2344559, "longitude": 69, "woe_name": "Kabul", "fips": "AF13", "woe_label": "Kabul, AF, Afghanistan", "latitude": 34, "iso_a2": "AF", "postal": "KB", "type": "Velayat", "id": "AF.KB"}}, {"geometry": {"type": "Polygon", "coordinates": [[[1344, 9112], [1368, 9068], [1366, 9053], [1341, 9033], [1328, 9000], [1303, 8999], [1295, 9067], [1237, 9094], [1234, 9132], [1318, 9134], [1344, 9112]]]}, "type": "Feature", "properties": {"labelrank": 5, "code_hasc": "AF.KP", "name": "Kapisa", "admin": "Afghanistan", "type_en": "Province", "region": "", "woe_id": 2344560, "longitude": 69, "woe_name": "Kapisa", "fips": "AF14", "woe_label": "Kapisa, AF, Afghanistan", "latitude": 34, "iso_a2": "AF", "postal": "KP", "type": "Velayat", "id": "AF.KP"}}, {"geometry": {"type": "Polygon", "coordinates": [[[1443, 9313], [1435, 9266], [1421, 9222], [1370, 9184], [1381, 9153], [1344, 9112], [1318, 9134], [1234, 9132], [1226, 9131], [1230, 9192], [1333, 9232], [1342, 9266], [1377, 9302], [1409, 9305], [1423, 9324], [1443, 9313]]]}, "type": "Feature", "properties": {"labelrank": 5, "code_hasc": "AF.PV", "name": "Parwan", "admin": "Afghanistan", "type_en": "Province", "region": "", "woe_id": 2344568, "longitude": 69, "woe_name": "Parwan", "fips": "AF42", "woe_label": "Parvan, AF, Afghanistan", "latitude": 35, "iso_a2": "AF", "postal": "PV", "type": "Velayat", "id": "AF.PV"}}, {"geometry": {"type": "Polygon", "coordinates": [[[1511, 9091], [1520, 9041], [1476, 9003], [1479, 8977], [1465, 8959], [1403, 8938], [1349, 8938], [1357, 9008], [1373, 9027], [1366, 9053], [1368, 9068], [1344, 9112], [1381, 9153], [1393, 9119], [1420, 9115], [1446, 9075], [1472, 9067], [1511, 9091]]]}, "type": "Feature", "properties": {"labelrank": 5, "code_hasc": "AF.LA", "name": "Laghman", "admin": "Afghanistan", "type_en": "Province", "region": "", "woe_id": 2344562, "longitude": 70, "woe_name": "Laghman", "fips": "AF35", "woe_label": "Laghman, AF, Afghanistan", "latitude": 34, "iso_a2": "AF", "postal": "LA", "type": "Velayat", "id": "AF.LA"}}, {"geometry": {"type": "Polygon", "coordinates": [[[1279, 8872], [1332, 8896], [1368, 8843], [1351, 8851], [1326, 8832], [1319, 8842], [1291, 8843], [1245, 8790], [1193, 8757], [1176, 8729], [1124, 8729], [1124, 8756], [1111, 8775], [1122, 8813], [1149, 8827], [1132, 8863], [1167, 8921], [1213, 8911], [1234, 8925], [1279, 8872]]]}, "type": "Feature", "properties": {"labelrank": 5, "code_hasc": "AF.LW", "name": "Logar", "admin": "Afghanistan", "type_en": "Province", "region": "", "woe_id": 2344563, "longitude": 69, "woe_name": "Logar", "fips": "AF17", "woe_label": "Lowgar, AF, Afghanistan", "latitude": 34, "iso_a2": "AF", "postal": "LW", "type": "Velayat", "id": "AF.LW"}}, {"geometry": {"type": "Polygon", "coordinates": [[[1230, 9192], [1226, 9131], [1234, 9132], [1237, 9094], [1295, 9067], [1303, 8999], [1270, 8984], [1238, 9047], [1219, 9059], [1170, 9063], [1144, 8992], [1078, 9010], [1039, 8994], [1020, 9039], [999, 9093], [1020, 9110], [1083, 9107], [1134, 9158], [1155, 9155], [1213, 9200], [1230, 9192]]]}, "type": "Feature", "properties": {"labelrank": 5, "code_hasc": "AF.PV", "name": "Parwan", "admin": "Afghanistan", "type_en": "Province", "region": "", "woe_id": 56000467, "longitude": 68, "woe_name": "Parwan", "fips": "AF40", "woe_label": "Panjshir, AF, Afghanistan", "latitude": 34, "iso_a2": "AF", "postal": "PV", "type": "Velayat", "id": "AF.2033"}}, {"geometry": {"type": "Polygon", "coordinates": [[[1003, 9506], [1014, 9500], [1000, 9487], [1007, 9472], [1041, 9420], [1075, 9391], [1032, 9346], [1028, 9313], [993, 9264], [1001, 9243], [979, 9211], [931, 9205], [870, 9215], [751, 9186], [712, 9193], [743, 9216], [751, 9241], [745, 9254], [753, 9268], [729, 9282], [775, 9337], [765, 9371], [822, 9409], [841, 9476], [835, 9503], [859, 9520], [898, 9521], [928, 9506], [980, 9498], [1003, 9506]]]}, "type": "Feature", "properties": {"labelrank": 5, "code_hasc": "AF.SM", "name": "Samangan", "admin": "Afghanistan", "type_en": "Province", "region": "", "woe_id": 2344577, "longitude": 67, "woe_name": "Samangan", "fips": "AF32", "woe_label": "Samangan, AF, Afghanistan", "latitude": 36, "iso_a2": "AF", "postal": "SM", "type": "Velayat", "id": "AF.SM"}}, {"geometry": {"type": "Polygon", "coordinates": [[[1144, 8992], [1139, 8958], [1167, 8921], [1132, 8863], [1149, 8827], [1122, 8813], [1111, 8775], [1077, 8747], [1055, 8751], [1055, 8775], [988, 8819], [981, 8869], [969, 8883], [928, 8869], [881, 8886], [834, 8869], [832, 8885], [860, 8905], [824, 8921], [834, 8929], [830, 8939], [796, 8945], [801, 8961], [818, 8970], [808, 8998], [853, 9010], [953, 8986], [967, 9010], [1020, 9039], [1039, 8994], [1078, 9010], [1144, 8992]]]}, "type": "Feature", "properties": {"labelrank": 5, "code_hasc": "AF.VR", "name": "Wardak", "admin": "Afghanistan", "type_en": "Province", "region": "", "woe_id": 2344572, "longitude": 68, "woe_name": "Wardak", "fips": "AF27", "woe_label": "Vardak, AF, Afghanistan", "latitude": 34, "iso_a2": "AF", "postal": "VR", "type": "Velayat", "id": "AF.VR"}}, {"geometry": {"type": "Polygon", "coordinates": [[[1368, 8843], [1370, 8840], [1356, 8816], [1390, 8764], [1347, 8727], [1301, 8714], [1293, 8675], [1261, 8634], [1219, 8641], [1174, 8610], [1164, 8673], [1123, 8672], [1130, 8691], [1124, 8729], [1176, 8729], [1193, 8757], [1245, 8790], [1291, 8843], [1319, 8842], [1326, 8832], [1351, 8851], [1368, 8843]]]}, "type": "Feature", "properties": {"labelrank": 5, "code_hasc": "AF.PT", "name": "Paktya", "admin": "Afghanistan", "type_en": "Province", "region": "", "woe_id": 2344567, "longitude": 69, "woe_name": "Paktya", "fips": "AF18", "woe_label": "Paktia, AF, Afghanistan", "latitude": 33, "iso_a2": "AF", "postal": "PT", "type": "Velayat", "id": "AF.PT"}}], "ac-tx": {"default": {"crs": "+proj=utm +zone=42 +datum=WGS84 +units=m +no_defs", "scale": 0.002347062865276488}}}