{"crs": {"type": "name", "properties": {"name": "urn:ogc:def:crs:EPSG:22992"}}, "type": "FeatureCollection", "features": [{"geometry": {"type": "MultiPolygon", "coordinates": [[[[9794, -297], [9794, -313], [9769, -307], [9783, -280], [9794, -297]]], [[[9394, 47], [9366, 71], [9387, 73], [9394, 47]]], [[[9275, 122], [9257, 101], [9276, 143], [9275, 122]]], [[[9405, 175], [9430, 169], [9385, 169], [9403, 172], [9399, 190], [9405, 175]]], [[[8951, 556], [8972, 519], [8933, 547], [8872, 538], [8888, 525], [8856, 547], [8951, 556]]], [[[9365, 904], [9354, 896], [9348, 924], [9365, 904]]]]}, "type": "Feature", "properties": {"labelrank": 20, "code_hasc": "-99", "name": "", "admin": "Egypt", "type_en": "", "region": "", "woe_id": -99, "longitude": 36, "woe_name": "", "fips": "", "woe_label": "", "latitude": 22, "iso_a2": "EG", "postal": "", "type": "", "id": "EG.5847"}}, {"geometry": {"type": "Polygon", "coordinates": [[[5216, 7621], [5211, 7622], [5210, 7624], [5208, 7625], [5207, 7623], [5201, 7580], [5194, 7556], [5193, 7549], [5197, 7544], [5202, 7542], [5216, 7537], [5231, 7544], [5254, 7551], [5258, 7550], [5261, 7548], [5261, 7537], [5255, 7507], [5246, 7501], [5237, 7500], [5229, 7498], [5222, 7488], [5228, 7451], [5214, 7437], [5212, 7430], [5222, 7420], [5212, 7415], [5206, 7414], [5221, 7402], [5222, 7398], [5222, 7389], [5220, 7386], [5212, 7383], [5194, 7377], [5190, 7374], [5235, 7214], [5234, 7190], [5222, 7148], [5220, 7127], [5158, 7191], [5094, 7201], [5070, 7239], [5020, 7231], [4966, 7264], [4863, 7232], [4846, 7264], [4861, 7307], [4830, 7318], [4880, 7365], [4837, 7365], [4862, 7402], [4833, 7418], [4853, 7451], [4838, 7506], [4851, 7525], [4905, 7505], [5054, 7544], [5078, 7631], [5145, 7621], [5180, 7642], [5196, 7639], [5201, 7636], [5216, 7621]]]}, "type": "Feature", "properties": {"labelrank": 6, "code_hasc": "EG.GH", "name": "Al Gharbiyah", "admin": "Egypt", "type_en": "Governorate", "region": "", "woe_id": 2345227, "longitude": 31, "woe_name": "Al Gharbiyah", "fips": "EG05", "woe_label": "Al Gharbiyah, EG, Egypt", "latitude": 30, "iso_a2": "EG", "postal": "GH", "type": "Muhafazah", "id": "EG.GH"}}, {"geometry": {"type": "Polygon", "coordinates": [[[6273, 7506], [6310, 7193], [6312, 7112], [6315, 7094], [6318, 7081], [6320, 7078], [6320, 7078], [6394, 6964], [6437, 6857], [6263, 6862], [6170, 6807], [6004, 6841], [5721, 6829], [5685, 6925], [5658, 7052], [5650, 7074], [5625, 7103], [5621, 7113], [5621, 7122], [5623, 7125], [5625, 7127], [5629, 7126], [5634, 7125], [5638, 7125], [5676, 7114], [5710, 7114], [5731, 7117], [5743, 7121], [5763, 7125], [5786, 7126], [5831, 7164], [5899, 7268], [5907, 7292], [5896, 7340], [5896, 7374], [5906, 7397], [5911, 7413], [5921, 7432], [5932, 7466], [5955, 7495], [5959, 7509], [5960, 7531], [5953, 7559], [5913, 7605], [5980, 7613], [6008, 7620], [6028, 7630], [6273, 7506]]]}, "type": "Feature", "properties": {"labelrank": 7, "code_hasc": "EG.IS", "name": "Al Isma`iliyah", "admin": "Egypt", "type_en": "Governorate", "region": "", "woe_id": 2345229, "longitude": 32, "woe_name": "Al Isma`iliyah", "fips": "EG07", "woe_label": "Al Isma'iliyah, EG, Egypt", "latitude": 30, "iso_a2": "EG", "postal": "IS", "type": "Muhafazah", "id": "EG.IS"}}, {"geometry": {"type": "Polygon", "coordinates": [[[5220, 7127], [5228, 7116], [5202, 7122], [5202, 7085], [5130, 7020], [5121, 6980], [5102, 6993], [5107, 6962], [5067, 6955], [5104, 6917], [5110, 6821], [5137, 6774], [5070, 6818], [5016, 6811], [4958, 6920], [4892, 6918], [4892, 6943], [4928, 6953], [4901, 6979], [4890, 7066], [4906, 7110], [4885, 7116], [4896, 7147], [4870, 7171], [4863, 7232], [4966, 7264], [5020, 7231], [5070, 7239], [5094, 7201], [5158, 7191], [5220, 7127]]]}, "type": "Feature", "properties": {"labelrank": 6, "code_hasc": "EG.MF", "name": "Al Minufiyah", "admin": "Egypt", "type_en": "Governorate", "region": "", "woe_id": 2345231, "longitude": 31, "woe_name": "Al Minufiyah", "fips": "EG09", "woe_label": "Al Minufiyah, EG, Egypt", "latitude": 30, "iso_a2": "EG", "postal": "MF", "type": "Muhafazah", "id": "EG.MF"}}, {"geometry": {"type": "Polygon", "coordinates": [[[5721, 6829], [5757, 6422], [5253, 6398], [5251, 6512], [5197, 6623], [5210, 6720], [5280, 6765], [5490, 6789], [5685, 6925], [5721, 6829]]]}, "type": "Feature", "properties": {"labelrank": 9, "code_hasc": "EG.QH", "name": "Al Qahirah", "admin": "Egypt", "type_en": "Governorate", "region": "", "woe_id": 2345233, "longitude": 31, "woe_name": "Al Qahirah", "fips": "EG11", "woe_label": "Al Qahirah, EG, Egypt", "latitude": 29, "iso_a2": "EG", "postal": "QH", "type": "Muhafazah", "id": "EG.QH"}}, {"geometry": {"type": "Polygon", "coordinates": [[[5490, 6789], [5280, 6765], [5210, 6720], [5203, 6744], [5137, 6774], [5110, 6821], [5104, 6917], [5067, 6955], [5107, 6962], [5102, 6993], [5121, 6980], [5130, 7020], [5202, 7085], [5202, 7122], [5228, 7116], [5220, 7127], [5222, 7148], [5245, 7140], [5255, 7132], [5282, 7140], [5299, 7135], [5262, 7106], [5253, 7094], [5237, 7011], [5242, 7005], [5256, 6994], [5263, 6978], [5284, 6953], [5292, 6941], [5298, 6919], [5312, 6886], [5326, 6870], [5490, 6789]]]}, "type": "Feature", "properties": {"labelrank": 6, "code_hasc": "EG.QL", "name": "Al Qalyubiyah", "admin": "Egypt", "type_en": "Governorate", "region": "", "woe_id": 2345234, "longitude": 31, "woe_name": "Al Qalyubiyah", "fips": "EG12", "woe_label": "Al Qalyobiyah, EG, Egypt", "latitude": 30, "iso_a2": "EG", "postal": "QL", "type": "Muhafazah", "id": "EG.QL"}}, {"geometry": {"type": "MultiPolygon", "coordinates": [[[[5299, 7135], [5321, 7174], [5303, 7274], [5317, 7322], [5473, 7346], [5634, 7583], [5762, 7600], [5843, 7641], [5857, 7622], [5836, 7603], [5868, 7602], [5886, 7574], [5905, 7585], [5879, 7610], [5913, 7598], [5927, 7575], [5939, 7569], [5953, 7559], [5960, 7531], [5959, 7509], [5955, 7495], [5932, 7466], [5921, 7432], [5911, 7413], [5906, 7397], [5896, 7374], [5896, 7340], [5907, 7292], [5899, 7268], [5831, 7164], [5786, 7126], [5763, 7125], [5743, 7121], [5710, 7114], [5676, 7114], [5638, 7125], [5634, 7125], [5629, 7126], [5625, 7127], [5623, 7125], [5621, 7122], [5621, 7113], [5625, 7103], [5650, 7074], [5658, 7052], [5685, 6925], [5490, 6789], [5326, 6870], [5312, 6886], [5298, 6919], [5292, 6941], [5284, 6953], [5263, 6978], [5256, 6994], [5242, 7005], [5237, 7011], [5253, 7094], [5262, 7106], [5299, 7135]]], [[[6028, 7630], [6008, 7620], [5980, 7613], [5910, 7610], [5945, 7639], [5972, 7621], [6014, 7634], [6006, 7680], [6025, 7681], [6025, 7681], [6026, 7680], [6028, 7630]]]]}, "type": "Feature", "properties": {"labelrank": 6, "code_hasc": "EG.SQ", "name": "Ash Sharqiyah", "admin": "Egypt", "type_en": "Governorate", "region": "", "woe_id": 2345236, "longitude": 31, "woe_name": "Ash Sharqiyah", "fips": "EG14", "woe_label": "Ash Sharquiyah, EG, Egypt", "latitude": 30, "iso_a2": "EG", "postal": "SQ", "type": "Muhafazah", "id": "EG.SQ"}}, {"geometry": {"type": "Polygon", "coordinates": [[[6437, 6857], [6466, 6589], [6473, 6570], [6480, 6558], [6486, 6549], [6328, 6435], [6327, 6435], [6290, 6465], [6305, 6511], [6262, 6560], [6261, 6634], [6262, 6572], [6216, 6589], [6188, 6562], [6185, 6516], [6214, 6503], [6123, 6382], [6081, 6259], [6122, 6193], [6277, 6053], [6339, 5829], [6263, 5827], [6248, 5825], [6215, 5814], [5934, 5686], [5749, 5669], [5715, 5684], [5757, 6422], [5721, 6829], [6004, 6841], [6170, 6807], [6263, 6862], [6437, 6857]]]}, "type": "Feature", "properties": {"labelrank": 9, "code_hasc": "EG.SW", "name": "As Suways", "admin": "Egypt", "type_en": "Governorate", "region": "", "woe_id": 2345237, "longitude": 32, "woe_name": "As Suways", "fips": "EG15", "woe_label": "As Suways, EG, Egypt", "latitude": 29, "iso_a2": "EG", "postal": "SW", "type": "Muhafazah", "id": "EG.SW"}}, {"geometry": {"type": "MultiPolygon", "coordinates": [[[[6000, 7788], [5967, 7778], [5962, 7793], [6000, 7788]]], [[[5881, 7853], [5956, 7793], [5855, 7846], [5881, 7853]]], [[[5843, 7641], [5762, 7600], [5634, 7583], [5473, 7346], [5317, 7322], [5303, 7274], [5321, 7174], [5299, 7135], [5282, 7140], [5255, 7132], [5245, 7140], [5222, 7148], [5234, 7190], [5235, 7214], [5190, 7374], [5194, 7377], [5212, 7383], [5220, 7386], [5222, 7389], [5222, 7398], [5221, 7402], [5216, 7407], [5211, 7411], [5206, 7414], [5212, 7415], [5218, 7419], [5222, 7420], [5212, 7430], [5214, 7437], [5228, 7451], [5222, 7488], [5229, 7498], [5237, 7500], [5246, 7501], [5255, 7507], [5261, 7537], [5261, 7548], [5258, 7550], [5254, 7551], [5231, 7544], [5216, 7537], [5202, 7542], [5197, 7544], [5193, 7549], [5194, 7556], [5201, 7580], [5207, 7623], [5208, 7625], [5210, 7624], [5211, 7622], [5216, 7621], [5245, 7637], [5256, 7640], [5254, 7648], [5240, 7661], [5236, 7668], [5235, 7676], [5242, 7697], [5245, 7712], [5244, 7738], [5241, 7769], [5242, 7837], [5235, 7892], [5233, 7901], [5229, 7909], [5215, 7926], [5213, 7934], [5216, 7949], [5218, 7955], [5238, 7970], [5294, 8001], [5294, 8001], [5467, 7924], [5466, 7922], [5464, 7914], [5462, 7909], [5458, 7902], [5426, 7877], [5413, 7861], [5411, 7857], [5412, 7852], [5418, 7848], [5458, 7840], [5462, 7817], [5516, 7786], [5529, 7818], [5544, 7824], [5548, 7825], [5553, 7825], [5556, 7818], [5560, 7804], [5557, 7800], [5557, 7793], [5562, 7786], [5559, 7782], [5553, 7782], [5546, 7788], [5541, 7788], [5539, 7785], [5538, 7782], [5536, 7775], [5550, 7767], [5549, 7757], [5538, 7748], [5510, 7743], [5515, 7719], [5501, 7699], [5487, 7695], [5492, 7676], [5498, 7672], [5551, 7710], [5571, 7721], [5606, 7730], [5629, 7746], [5641, 7775], [5642, 7775], [5637, 7781], [5712, 7726], [5728, 7752], [5718, 7720], [5744, 7715], [5744, 7693], [5791, 7733], [5830, 7721], [5814, 7641], [5843, 7641]]]]}, "type": "Feature", "properties": {"labelrank": 6, "code_hasc": "EG.DQ", "name": "Ad Daqahliyah", "admin": "Egypt", "type_en": "Governorate", "region": "", "woe_id": 2345223, "longitude": 31, "woe_name": "Ad Daqahliyah", "fips": "EG01", "woe_label": "Ad Daqahliyah, EG, Egypt", "latitude": 31, "iso_a2": "EG", "postal": "DQ", "type": "Muhafazah", "id": "EG.DQ"}}, {"geometry": {"type": "Polygon", "coordinates": [[[6273, 7506], [6028, 7630], [6026, 7680], [6025, 7681], [6027, 7680], [6031, 7720], [6000, 7788], [6059, 7773], [6199, 7626], [6270, 7586], [6270, 7585], [6273, 7506]]]}, "type": "Feature", "properties": {"labelrank": 9, "code_hasc": "EG.BS", "name": "Bur Sa`id", "admin": "Egypt", "type_en": "Governorate", "region": "", "woe_id": 2345241, "longitude": 32, "woe_name": "Bur Sa`id", "fips": "EG19", "woe_label": "Bur Sa'id, EG, Egypt", "latitude": 31, "iso_a2": "EG", "postal": "BS", "type": "Muhafazah", "id": "EG.BS"}}, {"geometry": {"type": "Polygon", "coordinates": [[[5873, 7856], [5796, 7882], [5775, 7920], [5794, 7921], [5735, 7998], [5694, 7999], [5678, 7974], [5694, 7975], [5705, 7912], [5676, 7944], [5663, 7925], [5689, 7925], [5705, 7900], [5668, 7893], [5666, 7857], [5690, 7844], [5642, 7849], [5642, 7805], [5621, 7794], [5624, 7773], [5641, 7775], [5629, 7746], [5606, 7730], [5571, 7721], [5551, 7710], [5498, 7672], [5492, 7676], [5487, 7695], [5501, 7699], [5515, 7719], [5510, 7743], [5538, 7748], [5549, 7757], [5550, 7767], [5536, 7775], [5538, 7782], [5539, 7785], [5541, 7788], [5546, 7788], [5553, 7782], [5559, 7782], [5562, 7786], [5557, 7793], [5557, 7800], [5560, 7804], [5556, 7818], [5553, 7825], [5548, 7825], [5544, 7824], [5529, 7818], [5528, 7814], [5528, 7811], [5528, 7794], [5516, 7786], [5462, 7817], [5458, 7840], [5418, 7848], [5412, 7852], [5411, 7857], [5413, 7861], [5426, 7877], [5458, 7902], [5462, 7909], [5467, 7924], [5467, 7924], [5487, 7925], [5604, 7959], [5701, 8009], [5756, 7996], [5819, 7887], [5873, 7856]]]}, "type": "Feature", "properties": {"labelrank": 9, "code_hasc": "EG.DT", "name": "Dumyat", "admin": "Egypt", "type_en": "Governorate", "region": "", "woe_id": 2345242, "longitude": 31, "woe_name": "Dumyat", "fips": "EG20", "woe_label": "Dumyat, EG, Egypt", "latitude": 31, "iso_a2": "EG", "postal": "DT", "type": "Muhafazah", "id": "EG.DT"}}, {"geometry": {"type": "Polygon", "coordinates": [[[3929, 7536], [3943, 6927], [3979, 6850], [4493, 6525], [3875, 6154], [3351, 5643], [3188, 5524], [2490, 5351], [2429, 5278], [2060, 4549], [168, 4622], [237, 5997], [159, 6294], [171, 6417], [121, 6563], [136, 6649], [53, 6919], [127, 7050], [242, 7196], [324, 7453], [249, 7688], [238, 7971], [249, 7999], [382, 8095], [438, 8201], [488, 8237], [514, 8122], [676, 8088], [1009, 8173], [1120, 8169], [1423, 8070], [1726, 8017], [1812, 7977], [1890, 7986], [2090, 7904], [2163, 7914], [2216, 7797], [2257, 7768], [2422, 7723], [2574, 7773], [2605, 7658], [2628, 7644], [2805, 7634], [2932, 7600], [3015, 7620], [3315, 7499], [3333, 7457], [3482, 7378], [3631, 7385], [3929, 7536]]]}, "type": "Feature", "properties": {"labelrank": 6, "code_hasc": "EG.MT", "name": "Matruh", "admin": "Egypt", "type_en": "Governorate", "region": "", "woe_id": 2345244, "longitude": 27, "woe_name": "Matruh", "fips": "EG22", "woe_label": "Matruh, EG, Egypt", "latitude": 29, "iso_a2": "EG", "postal": "MT", "type": "Muhafazah", "id": "EG.MT"}}, {"geometry": {"type": "Polygon", "coordinates": [[[4556, 7924], [4602, 7837], [4621, 7843], [4648, 7819], [4629, 7737], [4645, 7737], [4653, 7700], [4688, 7702], [4789, 7605], [4838, 7506], [4853, 7451], [4833, 7418], [4862, 7402], [4837, 7365], [4880, 7365], [4830, 7318], [4861, 7307], [4846, 7264], [4863, 7232], [4870, 7171], [4896, 7147], [4885, 7116], [4906, 7110], [4890, 7066], [4901, 6979], [4928, 6953], [4892, 6943], [4892, 6918], [4525, 6590], [4493, 6525], [3979, 6850], [3943, 6927], [3991, 7040], [4026, 7076], [4183, 7155], [4250, 7251], [4138, 7450], [4173, 7530], [4140, 7594], [4253, 7659], [4322, 7782], [4379, 7769], [4354, 7738], [4373, 7720], [4406, 7739], [4416, 7723], [4454, 7763], [4469, 7738], [4469, 7775], [4385, 7775], [4489, 7840], [4517, 7904], [4514, 7973], [4556, 7924]]]}, "type": "Feature", "properties": {"labelrank": 6, "code_hasc": "EG.BH", "name": "Al Buhayrah", "admin": "Egypt", "type_en": "Governorate", "region": "", "woe_id": 2345225, "longitude": 30, "woe_name": "Al Buhayrah", "fips": "EG03", "woe_label": "Al Buhayrah, EG, Egypt", "latitude": 30, "iso_a2": "EG", "postal": "BH", "type": "Muhafazah", "id": "EG.BH"}}, {"geometry": {"type": "Polygon", "coordinates": [[[5104, 6072], [4915, 5819], [4848, 5785], [4516, 5693], [4479, 5690], [4426, 5729], [4081, 5795], [4512, 6197], [4822, 6357], [4988, 6377], [5025, 6349], [5047, 6326], [5104, 6072]]]}, "type": "Feature", "properties": {"labelrank": 9, "code_hasc": "EG.FY", "name": "Al Fayyum", "admin": "Egypt", "type_en": "Governorate", "region": "", "woe_id": 2345226, "longitude": 30, "woe_name": "Al Fayyum", "fips": "EG04", "woe_label": "Al Fayyum, EG, Egypt", "latitude": 29, "iso_a2": "EG", "postal": "FY", "type": "Muhafazah", "id": "EG.FY"}}, {"geometry": {"type": "Polygon", "coordinates": [[[4322, 7782], [4253, 7659], [4140, 7594], [4173, 7530], [4138, 7450], [4250, 7251], [4183, 7155], [4026, 7076], [3991, 7040], [3943, 6927], [3929, 7536], [4074, 7660], [4118, 7665], [4155, 7697], [4138, 7703], [4149, 7719], [4165, 7709], [4278, 7814], [4300, 7826], [4297, 7800], [4322, 7782]]]}, "type": "Feature", "properties": {"labelrank": 9, "code_hasc": "EG.IK", "name": "Al Iskandariyah", "admin": "Egypt", "type_en": "Governorate", "region": "", "woe_id": 2345228, "longitude": 29, "woe_name": "Al Iskandariyah", "fips": "EG06", "woe_label": "Al Iskandariyah, EG, Egypt", "latitude": 30, "iso_a2": "EG", "postal": "IK", "type": "Muhafazah", "id": "EG.IK"}}, {"geometry": {"type": "Polygon", "coordinates": [[[5137, 6774], [5203, 6744], [5210, 6720], [5197, 6623], [5251, 6512], [5253, 6398], [5757, 6422], [5715, 5684], [5421, 5771], [5406, 5778], [5383, 5792], [5336, 5837], [5306, 5889], [5284, 5910], [5225, 5981], [5202, 6053], [5104, 6072], [5047, 6326], [5025, 6349], [4988, 6377], [4822, 6357], [4512, 6197], [4081, 5795], [4025, 5498], [3892, 5160], [3788, 5027], [3666, 4938], [3233, 4706], [3132, 4522], [2060, 4549], [2429, 5278], [2490, 5351], [3188, 5524], [3351, 5643], [3875, 6154], [4493, 6525], [4525, 6590], [4892, 6918], [4958, 6920], [5016, 6811], [5070, 6818], [5137, 6774]]]}, "type": "Feature", "properties": {"labelrank": 6, "code_hasc": "EG.JZ", "name": "Al Jizah", "admin": "Egypt", "type_en": "Governorate", "region": "", "woe_id": 2345230, "longitude": 29, "woe_name": "Al Jizah", "fips": "EG08", "woe_label": "Al Jizah, EG, Egypt", "latitude": 29, "iso_a2": "EG", "postal": "JZ", "type": "Muhafazah", "id": "EG.JZ"}}, {"geometry": {"type": "Polygon", "coordinates": [[[4978, 5453], [4953, 5232], [4949, 5213], [4905, 5136], [4882, 5076], [4877, 5056], [4875, 5039], [4884, 4989], [4888, 4950], [4889, 4939], [4949, 4808], [4986, 4611], [4976, 4461], [4889, 4451], [4758, 4474], [4771, 4505], [3132, 4522], [3233, 4706], [3666, 4938], [3788, 5027], [3892, 5160], [4025, 5498], [4838, 5512], [4853, 5497], [4978, 5453]]]}, "type": "Feature", "properties": {"labelrank": 9, "code_hasc": "EG.MN", "name": "Al Minya", "admin": "Egypt", "type_en": "Governorate", "region": "", "woe_id": 2345232, "longitude": 30, "woe_name": "Al Minya", "fips": "EG10", "woe_label": "Al Minya, EG, Egypt", "latitude": 28, "iso_a2": "EG", "postal": "MN", "type": "Muhafazah", "id": "EG.MN"}}, {"geometry": {"type": "Polygon", "coordinates": [[[5225, 5981], [5222, 5943], [5225, 5907], [5224, 5894], [5195, 5821], [5185, 5801], [5174, 5784], [5139, 5746], [5117, 5717], [5071, 5642], [5017, 5571], [5000, 5540], [4985, 5498], [4980, 5471], [4978, 5453], [4853, 5497], [4838, 5512], [4025, 5498], [4081, 5795], [4426, 5729], [4479, 5690], [4516, 5693], [4848, 5785], [4915, 5819], [5104, 6072], [5202, 6053], [5225, 5981]]]}, "type": "Feature", "properties": {"labelrank": 9, "code_hasc": "EG.BN", "name": "Bani Suwayf", "admin": "Egypt", "type_en": "Governorate", "region": "", "woe_id": 2345240, "longitude": 30, "woe_name": "Bani Suwayf", "fips": "EG18", "woe_label": "Bani Suwayf, EG, Egypt", "latitude": 28, "iso_a2": "EG", "postal": "BN", "type": "Muhafazah", "id": "EG.BN"}}, {"geometry": {"type": "Polygon", "coordinates": [[[5216, 7621], [5201, 7636], [5196, 7639], [5180, 7642], [5145, 7621], [5078, 7631], [5054, 7544], [4905, 7505], [4851, 7525], [4838, 7506], [4789, 7605], [4688, 7702], [4653, 7700], [4645, 7737], [4629, 7737], [4648, 7819], [4621, 7843], [4602, 7837], [4556, 7924], [4528, 7983], [4601, 7941], [4663, 7942], [5003, 8052], [4734, 7915], [4680, 7904], [4668, 7879], [4733, 7873], [4771, 7903], [4817, 7873], [4866, 7925], [4939, 7901], [4976, 7935], [5008, 7916], [5046, 7991], [5109, 7966], [5124, 7989], [5078, 8033], [5006, 8050], [5098, 8071], [5194, 8046], [5294, 8001], [5294, 8001], [5238, 7970], [5218, 7955], [5216, 7949], [5214, 7941], [5213, 7934], [5215, 7926], [5219, 7921], [5229, 7909], [5233, 7901], [5235, 7892], [5242, 7837], [5241, 7769], [5244, 7738], [5245, 7712], [5242, 7697], [5235, 7676], [5236, 7668], [5240, 7661], [5254, 7648], [5256, 7640], [5216, 7621]]]}, "type": "Feature", "properties": {"labelrank": 9, "code_hasc": "EG.KS", "name": "Kafr ash Shaykh", "admin": "Egypt", "type_en": "Governorate", "region": "", "woe_id": 2345243, "longitude": 30, "woe_name": "Kafr ash Shaykh", "fips": "EG21", "woe_label": "Kafr ash Shaykh, EG, Egypt", "latitude": 31, "iso_a2": "EG", "postal": "KS", "type": "Muhafazah", "id": "EG.KS"}}, {"geometry": {"type": "Polygon", "coordinates": [[[5288, -531], [5219, -465], [5221, -419], [5277, -369], [5437, -330], [5525, -231], [5544, -168], [5521, -36], [5557, 28], [5613, 51], [5723, 32], [6023, 169], [6110, 117], [6176, 118], [6227, 81], [6273, 161], [6389, 484], [6494, 617], [6482, 669], [6276, 655], [6223, 669], [6213, 693], [6255, 876], [6295, 934], [6342, 968], [6466, 989], [6490, 1009], [6475, 1046], [6392, 1099], [6399, 1193], [6431, 1216], [6544, 1230], [6589, 1310], [6578, 1639], [6619, 1784], [6609, 1835], [6550, 1971], [6514, 2130], [6482, 2171], [6385, 2230], [6417, 2261], [6426, 2343], [6594, 2218], [6655, 2130], [6691, 1871], [6787, 1673], [6769, 1598], [6683, 1472], [6667, 1400], [6660, 1338], [6686, 1184], [6694, 1163], [6714, 1127], [6737, 1066], [6744, 1050], [6758, 1032], [6801, 1000], [6810, 989], [6820, 970], [6830, 865], [6809, 813], [6807, 798], [6808, 775], [6828, 691], [6867, 620], [6871, 606], [6872, 593], [6870, 583], [6864, 561], [6836, 483], [6831, 474], [6826, 466], [6800, 445], [6792, 436], [6787, 425], [6771, 385], [6749, 358], [6744, 345], [6761, 316], [6878, 259], [6887, 252], [6894, 243], [6905, 223], [6937, 191], [6979, 64], [6981, 41], [6978, 31], [6971, 26], [6963, 26], [6945, 33], [6802, 153], [6761, 161], [6692, 148], [6666, 152], [6637, 171], [6599, 210], [6590, 218], [6580, 225], [6563, 225], [6515, 146], [6520, 68], [6501, 21], [6480, -8], [6346, -137], [6315, -165], [6300, -175], [6284, -184], [6246, -196], [6206, -203], [6159, -203], [6148, -201], [6126, -194], [6106, -185], [6097, -179], [6054, -133], [6015, -102], [6006, -96], [5996, -92], [5987, -91], [5978, -94], [5970, -101], [5964, -110], [5955, -130], [5901, -283], [5887, -307], [5873, -326], [5861, -338], [5818, -369], [5808, -373], [5798, -375], [5747, -382], [5695, -446], [5503, -540], [5484, -555], [5465, -577], [5441, -623], [5440, -627], [5440, -627], [5390, -627], [5436, -489], [5411, -428], [5347, -429], [5288, -531]]]}, "type": "Feature", "properties": {"labelrank": 7, "code_hasc": "EG.AN", "name": "Aswan", "admin": "Egypt", "type_en": "Governorate", "region": "", "woe_id": 2345238, "longitude": 32, "woe_name": "Aswan", "fips": "EG16", "woe_label": "Aswan, EG, Egypt", "latitude": 22, "iso_a2": "EG", "postal": "AN", "type": "Muhafazah", "id": "EG.AN"}}, {"geometry": {"type": "Polygon", "coordinates": [[[4976, 4461], [4973, 4381], [4974, 4355], [4984, 4317], [4989, 4305], [4995, 4295], [5002, 4286], [5010, 4279], [5081, 4238], [5256, 4157], [5299, 4073], [5419, 3962], [5525, 3750], [5472, 3754], [5398, 3846], [5266, 3753], [5154, 3972], [5088, 4035], [4974, 4089], [4854, 4206], [4766, 4386], [4758, 4474], [4889, 4451], [4976, 4461]]]}, "type": "Feature", "properties": {"labelrank": 7, "code_hasc": "EG.AT", "name": "Asyut", "admin": "Egypt", "type_en": "Governorate", "region": "", "woe_id": 2345239, "longitude": 31, "woe_name": "Asyut", "fips": "EG17", "woe_label": "Asyut, EG, Egypt", "latitude": 27, "iso_a2": "EG", "postal": "AT", "type": "Muhafazah", "id": "EG.AT"}}, {"geometry": {"type": "Polygon", "coordinates": [[[4758, 4474], [4766, 4386], [4854, 4206], [4974, 4089], [5088, 4035], [5154, 3972], [5266, 3753], [5457, 3549], [5801, 3124], [5939, 2998], [6001, 2974], [6136, 3001], [6345, 3098], [6409, 3100], [6441, 3074], [6452, 3006], [6381, 2816], [6248, 2699], [6207, 2637], [6273, 2333], [6385, 2230], [6482, 2171], [6514, 2130], [6550, 1971], [6609, 1835], [6619, 1784], [6578, 1639], [6589, 1310], [6544, 1230], [6431, 1216], [6399, 1193], [6392, 1099], [6475, 1046], [6490, 1009], [6466, 989], [6342, 968], [6295, 934], [6255, 876], [6213, 693], [6223, 669], [6276, 655], [6482, 669], [6494, 617], [6389, 484], [6273, 161], [6227, 81], [6176, 118], [6110, 117], [6023, 169], [5723, 32], [5613, 51], [5557, 28], [5521, -36], [5544, -168], [5525, -231], [5437, -330], [5277, -369], [5221, -419], [5219, -465], [5288, -531], [5232, -628], [3476, -619], [1668, -584], [-60, -527], [-6, 798], [51, 2122], [111, 3447], [168, 4622], [2060, 4549], [3132, 4522], [4771, 4505], [4758, 4474]]]}, "type": "Feature", "properties": {"labelrank": 6, "code_hasc": "EG.WJ", "name": "Al Wadi at Jadid", "admin": "Egypt", "type_en": "Governorate", "region": "", "woe_id": 2345235, "longitude": 28, "woe_name": "Al Wadi at Jadid", "fips": "EG13", "woe_label": "Al Wadi al Jadid, EG, Egypt", "latitude": 24, "iso_a2": "EG", "postal": "WJ", "type": "Muhafazah", "id": "EG.WJ"}}, {"geometry": {"type": "Polygon", "coordinates": [[[6426, 2343], [6417, 2261], [6385, 2230], [6273, 2333], [6207, 2637], [6248, 2699], [6381, 2816], [6452, 3006], [6441, 3074], [6409, 3100], [6345, 3098], [6136, 3001], [6001, 2974], [5939, 2998], [5801, 3124], [5951, 3213], [6049, 3119], [6091, 3144], [6279, 3230], [6397, 3238], [6461, 3221], [6477, 3212], [6497, 3199], [6526, 3173], [6559, 3130], [6571, 3110], [6580, 3089], [6592, 3047], [6602, 2981], [6591, 2879], [6550, 2791], [6535, 2770], [6517, 2749], [6439, 2677], [6386, 2616], [6374, 2598], [6365, 2580], [6356, 2550], [6356, 2489], [6371, 2421], [6381, 2396], [6392, 2377], [6399, 2367], [6426, 2343]], [[6375, 2759], [6355, 2720], [6377, 2717], [6391, 2751], [6375, 2759]]]}, "type": "Feature", "properties": {"labelrank": 9, "code_hasc": "EG.QN", "name": "Qina", "admin": "Egypt", "type_en": "Governorate", "region": "", "woe_id": 2345245, "longitude": 32, "woe_name": "Qina", "fips": "EG02", "woe_label": "Qina, EG, Egypt", "latitude": 26, "iso_a2": "EG", "postal": "QN", "type": "Muhafazah", "id": "EG.QN"}}, {"geometry": {"type": "Polygon", "coordinates": [[[5525, 3750], [5662, 3656], [5698, 3622], [5817, 3379], [5965, 3313], [6091, 3144], [6049, 3119], [5951, 3213], [5801, 3124], [5457, 3549], [5266, 3753], [5398, 3846], [5472, 3754], [5525, 3750]]]}, "type": "Feature", "properties": {"labelrank": 6, "code_hasc": "EG.SJ", "name": "Suhaj", "admin": "Egypt", "type_en": "Governorate", "region": "", "woe_id": 2345246, "longitude": 31, "woe_name": "Suhaj", "fips": "EG24", "woe_label": "Suhaj, EG, Egypt", "latitude": 26, "iso_a2": "EG", "postal": "SJ", "type": "Muhafazah", "id": "EG.SJ"}}, {"geometry": {"type": "MultiPolygon", "coordinates": [[[[7464, 3686], [7465, 3665], [7424, 3738], [7440, 3738], [7464, 3686]]], [[[7450, 4391], [7487, 4336], [7409, 4385], [7391, 4376], [7374, 4402], [7415, 4412], [7450, 4391]]], [[[5715, 5684], [5749, 5669], [5934, 5686], [6215, 5814], [6248, 5825], [6263, 5827], [6339, 5829], [6343, 5800], [6315, 5763], [6317, 5694], [6418, 5544], [6464, 5520], [6516, 5341], [6625, 5261], [6658, 5182], [6710, 5134], [6727, 5080], [6821, 4980], [6828, 4951], [6900, 4900], [6905, 4869], [6985, 4840], [7077, 4733], [7110, 4638], [7026, 4686], [7014, 4665], [7055, 4601], [7083, 4609], [7067, 4562], [7112, 4507], [7084, 4538], [7085, 4518], [7059, 4534], [7035, 4506], [7092, 4439], [7087, 4407], [7148, 4371], [7199, 4233], [7319, 4146], [7321, 4035], [7374, 3980], [7375, 3940], [7455, 3835], [7456, 3782], [7426, 3792], [7417, 3775], [7415, 3614], [7475, 3577], [7754, 3032], [7931, 2785], [8006, 2646], [8049, 2520], [8317, 2053], [8329, 1972], [8381, 1927], [8467, 1758], [8456, 1690], [8490, 1678], [8534, 1601], [8667, 1499], [8700, 1412], [8757, 1344], [8771, 1347], [8764, 1373], [8837, 1317], [8852, 1265], [8964, 1237], [9012, 1165], [8976, 1191], [8922, 1170], [8849, 1184], [8777, 1225], [8754, 1171], [8750, 1062], [8781, 1025], [8771, 789], [8822, 697], [8850, 534], [8921, 410], [8942, 313], [9019, 229], [8983, 283], [9011, 275], [9038, 195], [9126, 110], [9415, 29], [9471, -31], [9493, -99], [9592, -155], [9604, -218], [9710, -269], [9842, -380], [9900, -382], [9932, -431], [9999, -467], [9992, -531], [8810, -572], [7630, -601], [6499, -619], [5981, -624], [5722, -626], [5549, -626], [5463, -627], [5440, -627], [5440, -627], [5441, -623], [5465, -577], [5484, -555], [5503, -540], [5695, -446], [5747, -382], [5758, -377], [5798, -375], [5808, -373], [5818, -369], [5861, -338], [5873, -326], [5887, -307], [5901, -283], [5955, -130], [5964, -110], [5970, -101], [5978, -94], [5987, -91], [5996, -92], [6006, -96], [6015, -102], [6054, -133], [6097, -179], [6106, -185], [6126, -194], [6148, -201], [6159, -203], [6206, -203], [6246, -196], [6284, -184], [6300, -175], [6315, -165], [6480, -8], [6501, 21], [6520, 68], [6515, 146], [6563, 225], [6580, 225], [6590, 218], [6599, 210], [6637, 171], [6657, 156], [6666, 152], [6692, 148], [6761, 161], [6802, 153], [6945, 33], [6963, 26], [6971, 26], [6978, 31], [6981, 41], [6979, 64], [6937, 191], [6905, 223], [6894, 243], [6887, 252], [6878, 259], [6761, 316], [6744, 345], [6771, 385], [6787, 425], [6792, 436], [6800, 445], [6826, 466], [6831, 474], [6836, 483], [6864, 561], [6870, 583], [6872, 593], [6871, 606], [6867, 620], [6828, 691], [6808, 775], [6807, 798], [6809, 813], [6830, 865], [6820, 970], [6810, 989], [6801, 1000], [6758, 1032], [6744, 1050], [6737, 1066], [6714, 1127], [6694, 1163], [6686, 1184], [6660, 1338], [6667, 1400], [6683, 1472], [6769, 1598], [6787, 1673], [6691, 1871], [6655, 2130], [6594, 2218], [6426, 2343], [6399, 2367], [6381, 2396], [6371, 2421], [6356, 2489], [6356, 2550], [6365, 2580], [6374, 2598], [6386, 2616], [6439, 2677], [6517, 2749], [6535, 2770], [6550, 2791], [6591, 2879], [6602, 2981], [6592, 3047], [6580, 3089], [6571, 3110], [6559, 3130], [6526, 3173], [6497, 3199], [6477, 3212], [6461, 3221], [6397, 3238], [6279, 3230], [6091, 3144], [5965, 3313], [5817, 3379], [5698, 3622], [5662, 3656], [5525, 3750], [5438, 3931], [5419, 3962], [5299, 4073], [5256, 4157], [5214, 4187], [5081, 4238], [5010, 4279], [5002, 4286], [4995, 4295], [4989, 4305], [4984, 4317], [4976, 4342], [4974, 4355], [4973, 4381], [4976, 4461], [4986, 4611], [4949, 4808], [4889, 4939], [4888, 4950], [4884, 4989], [4875, 5039], [4877, 5056], [4882, 5076], [4905, 5136], [4949, 5213], [4953, 5232], [4978, 5453], [4980, 5471], [4985, 5498], [5000, 5540], [5017, 5571], [5071, 5642], [5117, 5717], [5139, 5746], [5174, 5784], [5185, 5801], [5195, 5821], [5224, 5894], [5225, 5907], [5222, 5943], [5225, 5981], [5306, 5889], [5383, 5792], [5406, 5778], [5421, 5771], [5715, 5684]]]]}, "type": "Feature", "properties": {"labelrank": 6, "code_hasc": "EG.BA", "name": "Al Bahr al Ahmar", "admin": "Egypt", "type_en": "Governorate", "region": "", "woe_id": 2345224, "longitude": 33, "woe_name": "Al Bahr al Ahmar", "fips": "EG02", "woe_label": "Al Bahr al Ahmar, EG, Egypt", "latitude": 25, "iso_a2": "EG", "postal": "BA", "type": "Muhafazah", "id": "EG.BA"}}, {"geometry": {"type": "MultiPolygon", "coordinates": [[[[8025, 4777], [8003, 4767], [7968, 4786], [7983, 4812], [8023, 4812], [8025, 4777]]], [[[7871, 4843], [7839, 4823], [7897, 4822], [7935, 4776], [7852, 4783], [7827, 4842], [7849, 4861], [7871, 4843]]], [[[6486, 6549], [6703, 6563], [7209, 6485], [7414, 6382], [7769, 6246], [8102, 6205], [7989, 6039], [7986, 5937], [7945, 5852], [7957, 5746], [7922, 5708], [7916, 5515], [7830, 5333], [7841, 5306], [7799, 5257], [7755, 5133], [7760, 5055], [7795, 5003], [7775, 4918], [7784, 4822], [7702, 4764], [7695, 4716], [7662, 4712], [7647, 4660], [7611, 4650], [7617, 4631], [7646, 4631], [7641, 4594], [7591, 4645], [7482, 4668], [7426, 4732], [7358, 4780], [7338, 4773], [7243, 4852], [7243, 4875], [7204, 4898], [7078, 5096], [6972, 5156], [6827, 5315], [6831, 5344], [6811, 5334], [6826, 5321], [6804, 5337], [6775, 5432], [6800, 5513], [6756, 5579], [6751, 5729], [6676, 5784], [6578, 5906], [6520, 5942], [6464, 6047], [6463, 6096], [6403, 6133], [6397, 6158], [6382, 6133], [6388, 6209], [6353, 6263], [6361, 6374], [6327, 6435], [6328, 6435], [6486, 6549]]]]}, "type": "Feature", "properties": {"labelrank": 6, "code_hasc": "EG.JS", "name": "Janub Sina'", "admin": "Egypt", "type_en": "Governorate", "region": "", "woe_id": 2345247, "longitude": 33, "woe_name": "Janub Sina'", "fips": "EG26", "woe_label": "Janub Sina', EG, Egypt", "latitude": 28, "iso_a2": "EG", "postal": "JS", "type": "Muhafazah", "id": "EG.JS"}}, {"geometry": {"type": "MultiPolygon", "coordinates": [[[[6918, 7698], [6952, 7671], [6790, 7735], [6918, 7698]]], [[[6661, 7754], [6784, 7741], [6659, 7742], [6530, 7668], [6661, 7754]]], [[[8102, 6205], [7769, 6246], [7414, 6382], [7209, 6485], [6703, 6563], [6486, 6549], [6480, 6558], [6473, 6570], [6466, 6589], [6437, 6857], [6394, 6964], [6320, 7078], [6320, 7078], [6318, 7081], [6315, 7094], [6312, 7112], [6310, 7193], [6273, 7506], [6270, 7585], [6270, 7586], [6270, 7586], [6271, 7585], [6306, 7585], [6338, 7589], [6396, 7605], [6524, 7675], [6456, 7625], [6322, 7578], [6403, 7573], [6498, 7625], [6517, 7609], [6536, 7619], [6514, 7625], [6524, 7635], [6557, 7613], [6552, 7594], [6590, 7586], [6589, 7613], [6626, 7627], [6631, 7658], [6605, 7627], [6546, 7631], [6665, 7715], [6678, 7709], [6657, 7702], [6704, 7644], [6674, 7634], [6695, 7608], [6686, 7578], [6755, 7592], [6734, 7604], [6786, 7630], [6819, 7612], [6829, 7631], [6797, 7636], [6882, 7645], [6875, 7661], [6897, 7682], [6970, 7659], [7086, 7652], [7394, 7761], [7512, 7842], [7748, 7247], [7797, 7096], [7792, 7030], [7850, 6972], [7965, 6675], [8102, 6205]]]]}, "type": "Feature", "properties": {"labelrank": 6, "code_hasc": "EG.SS", "name": "Shamal Sina'", "admin": "Egypt", "type_en": "Governorate", "region": "", "woe_id": 2345248, "longitude": 33, "woe_name": "Shamal Sina'", "fips": "EG32", "woe_label": "Shamal Sina', EG, Egypt", "latitude": 30, "iso_a2": "EG", "postal": "SS", "type": "Muhafazah", "id": "EG.SS"}}, {"geometry": {"type": "Polygon", "coordinates": [[[6375, 2759], [6391, 2751], [6377, 2717], [6355, 2720], [6375, 2759]]]}, "type": "Feature", "properties": {"labelrank": 9, "code_hasc": "EG.UQ", "name": "Luxor", "admin": "Egypt", "type_en": "Governorate", "region": "", "woe_id": 56120896, "longitude": 32, "woe_name": "", "fips": "EG28", "woe_label": "", "latitude": 25, "iso_a2": "EG", "postal": "QN", "type": "Muhafazah", "id": "EG.UQ"}}], "ac-tx": {"default": {"crs": "+proj=tmerc +lat_0=30 +lon_0=31 +k=1 +x_0=615000 +y_0=810000 +ellps=helmert +towgs84=-130,110,-13,0,0,0,0 +units=m +no_defs", "scale": 0.008167315704486873}}}