{"crs": {"type": "name", "properties": {"name": "urn:ogc:def:crs:EPSG:4839"}}, "ac-tx": {"default": {"crs": "+proj=lcc +lat_1=48.66666666666666 +lat_2=53.66666666666666 +lat_0=51 +lon_0=10.5 +x_0=0 +y_0=0 +ellps=GRS80 +towgs84=0,0,0,0,0,0,0 +units=m +no_defs", "scale": 0.022013869183699797}}, "arcs": [[[3935, 5607], [-25, -27], [-92, -25], [23, -19], [-22, -49], [-44, -46], [-79, -38], [-13, -39], [-65, -23], [-48, 7], [-25, 18], [-6, 41], [-68, 27], [-125, -40], [15, -71], [36, -12], [-17, -26], [-87, -20], [-139, 0], [-81, -36], [-88, -94], [44, -37], [115, 34], [29, -117], [-64, -60], [10, -31], [-50, -22], [-148, 9], [18, -93], [-61, -60], [-29, -71], [-44, -9], [-71, -59], [-48, 1], [-39, 24], [-98, -65], [-73, -59], [44, -49], [-11, -44], [-37, -30]], [[2472, 4397], [-42, 18], [-44, -7], [-78, 108], [-7, 82], [-32, -6], [-102, 63], [17, 55], [-77, 12], [-40, -37], [11, -82], [-32, 7], [-71, -38], [20, -43], [-87, -29], [-22, -24], [-236, -31], [-19, -75], [-37, -19], [-127, -5], [-28, 21], [-52, -44], [-41, 4], [-28, -22], [-35, 10], [-138, -44], [-62, -39], [-18, -76], [-37, 5], [-20, 27], [-68, -17], [-11, -43], [26, -17], [16, -87], [-89, -16], [-50, 29], [-52, -14], [-1, 21], [-41, 16], [-144, -41], [-63, 56], [27, -64], [-59, -11]], [[499, 4000], [-36, 59], [21, 83], [-27, 43], [16, 18], [-89, 21], [-53, -8], [-16, 38], [-21, 4], [-9, 33], [84, 53], [20, 34], [-97, 14], [-12, 19], [16, 6], [-81, 95], [-77, -3], [2, 36], [-40, 76], [33, 7], [16, 50], [54, 13], [13, 70], [-68, 31], [10, 56], [-83, 9], [-60, -13], [-12, 70], [-3, 30], [31, 10], [61, -30], [54, 54], [187, 91], [-22, 17], [35, 17], [-25, 8], [-56, -25], [-24, 11], [-1, 52], [110, 132], [53, 31], [20, 55], [-16, 15], [12, 141], [-106, 115], [18, 62], [-93, 51], [7, 45], [-77, 24], [32, 55], [-31, 52], [168, 41], [76, -18], [-63, 58], [37, 13], [102, -48], [43, 2], [22, -26], [58, -15], [1, -20], [42, 7], [-2, 42], [89, -19], [73, 33], [234, 32], [77, 64], [0, 24], [-139, 76], [8, 33], [34, 7], [44, 44], [87, 10], [62, 58], [69, 26], [39, 39], [48, 20], [4, 6], [-2, 4]], [[1380, 6420], [27, -2], [76, 29], [146, 0], [44, 6]], [[1673, 6453], [75, 37], [32, 5], [12, 3]], [[1792, 6498], [8, 4], [107, 69], [21, 4], [27, -4], [2, 0], [1, 1], [4, 4], [6, 6], [3, 2], [2, 2], [1, 0], [18, 34], [4, 5], [8, 1], [-16, 16], [-4, 12], [15, 40], [5, 6], [3, 2], [5, 1], [4, 0], [74, -19], [5, -3], [4, -3], [5, -13], [7, -44]], [[2111, 6621], [2, -5], [5, -3]], [[2118, 6613], [25, -8], [70, -35], [4, -3], [11, -11], [7, -3], [7, -1], [70, 19], [6, -1], [6, -1], [5, -8], [9, -8], [9, -7], [14, -16], [30, -43], [1, -3], [-4, -3], [-36, -4], [-5, -1], [-2, -3]], [[2345, 6473], [-1, -4], [3, -11]], [[2347, 6458], [2, -3], [6, -8], [6, -8], [-1, -3], [-2, -4], [-6, -6], [-21, -15], [-4, -4]], [[2327, 6407], [0, -2], [0, -3], [2, -6]], [[2329, 6396], [6, -8], [1, -4], [-1, -4], [-2, -5], [-7, -8], [-14, -10], [-4, -5], [0, -3], [3, -7], [4, -2], [28, -5], [13, -20], [46, 1], [25, -8], [3, -7], [-4, -8], [-12, -16]], [[2414, 6277], [-11, -30], [-5, -6]], [[2398, 6241], [-12, -1], [-13, 0], [-21, -3], [-27, -9], [-19, -10], [-13, -9], [-2, -8], [8, -14], [4, -9], [8, -20]], [[2311, 6158], [2, -2], [6, -2]], [[2319, 6154], [29, -8], [28, -12], [71, 39], [76, -7], [77, 19], [20, 8], [13, 9], [26, 24], [35, 22], [142, -31], [8, 5], [15, 28], [5, 4], [55, 25], [5, 4], [6, 7], [6, 7], [6, 9], [2, 5], [-1, 3], [-11, 7], [-24, 14], [-3, 12], [0, 46]], [[2905, 6393], [4, 46], [0, 23]], [[2909, 6462], [-4, 22], [-6, 21], [-9, 20], [-43, 34], [-68, 26], [-13, 15], [-19, 53], [130, -9], [80, 75], [21, 2], [53, -2], [81, 20], [63, -57], [0, -48], [1, -5], [4, -6], [0, -3], [0, -4], [-4, -14], [-1, -8], [0, -5], [1, -6], [1, -3], [3, -3], [1, -1], [12, -3], [109, -10], [143, 23], [42, 69], [88, 42], [55, -29], [1, -4], [-5, -9], [-4, -5], [-6, -4], [-3, -2], [-7, -4], [-2, -2], [0, -6], [1, -6], [18, -43], [-36, -41], [-20, -30], [-5, -5], [-26, -11], [-44, 0], [-14, -21], [-2, -8], [-6, -36], [-2, -11], [-3, -8], [-2, -4], [-1, -3], [1, -4], [4, -5], [6, -5], [19, -4], [36, -13], [23, -4], [5, -1], [1, -2], [-2, -3], [-31, -16], [-3, -7], [0, -3], [7, -15], [2, -10], [-2, -3], [-5, -2], [-24, 2], [-33, -6], [6, -14], [10, -18], [3, -11], [1, -4], [-1, -3], [-11, -16], [-1, -4], [2, -1], [5, 0], [13, 3], [17, 1], [35, 1], [76, -9], [8, -4], [4, -4], [-2, -6], [-5, -11], [0, -3], [0, -3], [9, -7], [30, -10], [11, -13], [1, -8], [0, -5], [-1, -3], [-12, -15], [-1, -2], [0, -3], [1, -4], [8, -21], [12, -23], [1, -3], [-1, -5], [-1, -3], [-1, -2], [-20, -15], [-2, -10], [-1, -1], [-3, -2], [-1, -1], [4, -4], [10, -5], [27, -10], [10, -2], [26, 17], [45, -15], [2, -3], [-2, -7], [-13, -35]], [[3764, 5978], [-6, -7], [-5, -5], [-8, -5], [-2, -2]], [[3743, 5959], [2, -1], [7, 0], [42, 2], [24, -10], [5, -6], [5, -7], [2, -7], [1, -9], [-3, -14], [-15, -33], [10, -2], [36, 8], [49, -2], [24, 2], [24, 8], [3, -2], [3, -2], [-3, -8], [-2, -5], [-6, -6], [-10, -10], [-2, -2], [1, -4], [3, -4], [15, -2], [4, -3], [0, -2], [0, -1], [-8, -6], [-2, -4], [-1, -30], [-7, -16], [-14, -23], [-29, -17]], [[3901, 5741], [-6, -13], [-2, -4], [-8, -6], [-1, -2]], [[3884, 5716], [-2, -6], [0, -15], [3, -16], [1, -5], [-1, -4], [-4, -3], [-2, -3], [0, -4], [2, -16], [-17, -16]], [[3864, 5628], [-2, -11], [0, -11]], [[3862, 5606], [6, -9], [16, -1], [51, 11]], [[3966, 339], [-328, 154], [-89, 9], [-15, 18], [-196, 14], [-130, -33], [-62, 26], [-17, 21], [22, 4], [-68, 39], [-31, 1], [-2, -33], [-62, 1], [-18, 37], [16, 43], [-37, 3], [-42, 42], [-33, -43], [-17, 48], [-50, 10], [-19, -8], [10, -20], [-104, -18], [-32, -51], [-54, -29], [-3, -44], [77, -34], [130, 26], [46, -9], [-8, -30], [-25, 8], [-1, -49], [-24, -13], [-44, 42], [-72, -19], [-16, -27], [-112, -2], [-55, 15], [-20, 31], [-64, 9], [-64, -6], [-111, -59], [-53, -8], [-153, 4], [-14, 35], [-92, 12], [-65, -49], [-98, -12], [-85, 29], [30, -1], [30, 40], [-87, -13], [7, 30], [-81, 88], [-4, 42], [32, 30], [-11, 66], [46, 71], [0, 56], [34, 73], [44, 38], [0, 40], [-47, 67], [8, 77], [45, 82], [90, 92], [22, 74], [57, 37], [-10, 84], [50, 116], [45, 26], [2, 122], [51, 55], [126, 77], [15, 46], [54, 4], [27, 36], [60, 20], [133, 190]], [[2450, 2189], [36, 8], [63, 56], [88, 126], [41, 156], [108, 80], [5, 16], [-27, 8], [46, 78], [11, 69], [-70, 29], [25, 26], [-58, 106], [11, 31]], [[2729, 2978], [65, 7], [101, -77], [57, 21], [-17, 84], [87, 15], [45, -105], [100, -25], [23, -27], [70, 4], [-17, -40], [-27, 13], [-27, -24], [3, -39], [-26, -36], [40, -14], [64, 63], [14, -11], [30, 11], [-13, 44], [30, 27], [92, -3], [47, 22], [57, -15], [-58, 80], [29, -7], [13, 13]], [[3511, 2959], [167, 2], [41, 70], [94, 21], [31, -14], [21, 14], [3, 77], [-31, 9], [-31, -25], [-3, 29], [-59, 15], [0, 43], [31, 22], [170, 13], [124, -32], [53, 16], [-22, -108], [25, -14], [27, 2], [32, 40], [25, -44], [76, 43], [42, -42], [3, -51], [52, -49], [-50, -80], [28, -4], [56, 43], [25, -124], [103, 1], [65, 78], [16, -32], [33, -11], [4, -49], [-22, -39], [31, -12], [35, -66], [-36, 3], [-20, -18], [-1, -45], [37, -23], [5, -61], [-37, -1], [39, -72], [-15, -10], [80, -63], [26, 7], [25, -17], [-11, -47], [-28, -10], [37, -15], [14, -52], [94, -24], [127, -146], [-27, -15], [16, -97], [-32, -95], [73, -72], [-65, -41], [-8, 48], [-68, -52], [-24, 31], [-66, 19], [-28, -43], [73, -60], [-26, -23], [10, -92], [-59, -6], [-21, -30], [-112, -50], [-27, 29], [-76, -21], [-97, -115], [84, -98], [96, -270], [-10, -76], [-53, -89], [29, -40], [-29, -88], [50, -63], [-60, -33], [45, -35], [11, -110], [-44, 2], [-17, -37], [-27, 38], [-117, -25], [-103, 20], [-177, -88], [-41, 9], [-78, -29], [-71, -71]], [[4480, 5261], [-28, -28], [25, -72], [110, -35], [30, -67], [170, -58], [-38, -81], [-27, 36], [-52, -11], [47, -26], [-32, -72], [70, -35], [-15, -45], [-153, 14], [-31, -32], [19, -52], [-96, -3], [23, -42], [37, 18], [52, -48], [-33, -31], [-4, -32], [-81, -23], [-4, -49], [-28, -16], [13, -40], [-61, -90], [4, -36], [67, -9], [19, 15], [-10, 30], [58, 17], [62, -13], [17, -57], [-33, -21], [9, -114]], [[4586, 4153], [-61, -86], [-91, -44], [-80, -20], [-49, 27], [-26, -6], [-41, -85], [6, -53], [-85, -39], [-14, -52], [-71, -12], [-100, 15], [-12, -72], [34, -15], [-26, -76], [-112, -19], [-32, 40], [-53, 22], [-105, 7], [-46, -9], [-51, -49], [7, 17], [-49, 19], [-110, -32], [-9, -42], [-33, -17], [55, -11], [28, -81], [-28, 5], [-4, -100], [44, -97], [26, 14], [8, -55], [46, -17], [-25, -32], [33, -24], [-17, -58], [-41, -15], [12, -59], [-44, -37], [41, -46]], [[2729, 2978], [-60, 110], [4, 34], [20, 24], [68, 20], [44, 51], [-59, 1], [-9, 14], [-79, 147], [18, 43], [-20, 44], [-132, 112], [-44, 2], [-141, -31], [-99, -43], [-94, -10], [-30, 49], [-85, 57], [77, 37], [25, 43], [70, -14], [11, 35], [-37, 34], [31, 48], [81, 34], [33, -17], [28, 60], [83, 5], [-12, 54], [-61, 79], [-82, 39], [54, 69], [-21, 14], [8, 70], [55, 31], [68, -24], [57, 72], [-45, 83], [18, 43]], [[3935, 5607], [8, -6], [38, 13], [7, -7], [0, -12], [0, -4], [2, -4], [3, -2], [5, -3], [9, -2], [22, 0], [5, 2], [10, 10], [4, 2], [4, 1], [17, -13], [12, -4], [10, -2], [38, 6], [10, -18], [22, -7], [4, -5], [3, -5], [3, -11], [6, -13], [21, -17], [-10, -14], [-6, -2], [-3, 1], [-26, 15], [-7, 1], [-2, -2], [-2, -2], [0, -4], [12, -19], [-1, -2], [-9, -1], [-18, 5]], [[4126, 5482], [-9, -37], [-17, -4], [-2, -3]], [[4098, 5438], [2, -8], [21, -36]], [[4121, 5394], [12, -13], [11, -5]], [[4144, 5376], [1, -2], [-3, -4], [-5, -6], [-2, -3], [2, -4], [4, -5], [2, -5], [-1, -7], [-1, -5], [-1, -5], [4, -32], [-3, -6], [-4, -4], [-39, -5], [-4, 0], [-12, 3], [-4, -2]], [[4078, 5284], [-4, -7], [-3, -3], [-10, -7]], [[4061, 5267], [0, -4], [2, -5], [7, -11]], [[4070, 5247], [1, -6], [-2, -3]], [[4069, 5238], [-9, -1], [-10, 2], [-16, 5], [-4, 1], [1, -4], [6, -7], [30, -20], [19, -5], [75, -26], [15, 0], [14, -5], [30, -31], [16, -1], [8, 3], [32, 21], [8, 6], [4, 6], [0, 10], [3, 3], [3, 2], [1, 0], [4, 4], [1, 2], [1, 2], [0, 2], [-6, 4], [-5, 0], [-26, -13], [-8, 4], [-27, 21], [-3, 4], [-3, 6]], [[4223, 5233], [0, 3], [0, 2]], [[4223, 5238], [2, 2], [46, 19], [12, 8], [27, 6], [7, 5], [3, 4]], [[4320, 5282], [-3, 4], [-1, 2]], [[4316, 5288], [-1, 2], [0, 4], [0, 2], [5, 0], [7, -2], [27, -12], [30, -33], [6, 2], [10, 10]], [[4400, 5261], [0, 4], [-13, 22]], [[4387, 5287], [0, 9]], [[4387, 5296], [24, 3], [10, 8], [8, 2]], [[4429, 5309], [3, -3], [1, -7], [1, -10], [9, -7], [37, -21]], [[2990, 7638], [67, -16], [134, -34], [58, 3], [33, -27], [47, -4], [83, -41], [38, 31], [37, -32], [-20, -20], [33, -36], [-19, -53], [-62, -35], [-50, 31], [-24, -18], [-75, 29], [-70, -5], [-1, 43], [-65, 61], [-20, 60], [-107, 32], [-17, 31]], [[3068, 8015], [10, 34], [-52, 92]], [[3026, 8141], [122, -22], [4, -109], [-42, -34], [-42, 39]], [[1195, 8144], [14, -20], [-30, 19], [-33, -8], [-34, 38], [131, 22], [13, -20], [-80, -15], [19, -16]], [[1387, 8218], [-31, -23], [-28, 15], [13, 22], [46, -14]], [[1559, 8270], [-220, -10], [181, 21], [39, -11]], [[1831, 8308], [-180, -23], [-42, 10], [105, 24], [117, -11]], [[1909, 8319], [-2, -17], [-56, 11], [58, 6]], [[2680, 8287], [-54, -13], [35, 31], [44, -15], [-25, -3]], [[2121, 8334], [-117, -3], [-4, -23], [-30, 0], [-11, 24], [19, 20], [123, -2], [20, -16]], [[2299, 8362], [-52, -18], [-90, 3], [27, 24], [44, 6], [86, -7], [-15, -8]], [[2434, 8379], [27, -13], [-104, 5], [77, 8]], [[4899, 7884], [209, -77], [42, -11], [33, 10]], [[5183, 7806], [113, -4], [31, -77], [366, -208], [70, 38], [40, -42], [31, 16], [53, -45]], [[5887, 7484], [0, -1], [18, -24], [39, -33], [17, -8], [41, 2], [34, 18], [22, 4], [25, -5], [31, -24], [44, -8], [51, -14]], [[6209, 7391], [-19, -42], [-58, -12], [-5, -75], [-2, -1], [-30, -3], [-63, -45], [-37, -7], [-63, -21], [-22, -1], [-8, 2], [-7, -1], [-5, -3], [-9, -6], [-7, -1], [-5, -1], [-5, 2]], [[5864, 7176], [-8, 11], [-3, 2]], [[5853, 7189], [-14, 4], [-2, 2], [-6, 5], [-4, 2], [-112, 3], [-59, 14], [-17, 1], [-21, -1], [-26, -39], [-30, -21], [-20, -8], [-59, -16], [-45, 2], [-49, -3], [-36, -11], [-3, -4], [2, -6], [0, -5], [-3, -6], [-1, -5], [0, -3], [3, -7], [1, -3], [0, -4], [0, -4], [-3, -12], [-1, -3], [0, -4], [2, -4], [6, -8], [11, -20], [21, -17], [1, -10], [1, -8], [5, -15], [38, -15], [97, -123], [31, 11], [20, -8], [2, -4], [-2, -3], [-2, -3], [-5, -6], [-17, -14], [-5, -5], [-1, -4], [-1, -3]], [[5550, 6798], [-1, -20], [1, -6]], [[5550, 6772], [3, -12], [5, -11], [43, -46], [6, -8], [3, -6], [-4, -2], [-4, 0], [-20, 4], [-5, 0], [-9, -2], [-7, -3], [-4, -2], [-3, -3], [-1, -2], [-2, -10], [-5, -8], [-2, -5], [-1, -14], [77, -74], [66, -40], [0, -5], [-2, -4], [-1, -8], [-6, -7], [-47, -6], [-19, -7], [-3, -1], [1, -3], [4, -15], [21, -9], [12, -19]], [[5646, 6444], [0, -4], [-2, -3]], [[5644, 6437], [-12, -7], [-5, -5], [-2, -3], [1, -3], [13, -15], [11, -8], [5, -7], [3, -2], [12, 1], [5, -2], [3, -22], [16, 9], [6, -9], [1, -5], [0, -12], [-2, -7], [-2, -3], [-3, -2], [-43, -13], [-4, -2], [-5, -5], [-9, -15], [-1, -5], [0, -4], [3, -7], [3, -3], [2, -2], [25, -8], [4, -4], [-5, -36], [-6, -6], [-5, -5], [-26, -16], [-22, -10], [-38, -8], [-10, -7], [0, -4], [0, -3], [2, -1], [21, -13]], [[5580, 6158], [1, -18], [-8, -12]], [[5573, 6128], [-19, -3], [-52, 1], [-49, -11], [-203, -7], [-9, -3], [-1, -3], [0, -4], [0, -3], [1, -4], [-1, -3]], [[5240, 6088], [-9, -6], [-8, -9]], [[5223, 6073], [-15, -9], [-13, -3], [-31, 2], [-7, -1], [-4, -3], [2, -8], [17, -20], [2, -11], [43, -23], [13, 1], [3, -1], [1, -2], [-1, -2], [-3, -3], [-25, -12], [-4, -12], [-2, -13], [1, -1], [1, -3], [22, -12]], [[5223, 5937], [7, -25], [-2, -11]], [[5228, 5901], [-6, -6], [-4, -6], [-2, -3], [-15, -7], [-11, -13], [-18, -7], [-5, -4], [-2, -4], [0, -18], [-3, -32], [0, -6], [1, -1], [1, -4], [3, -15], [2, -9], [20, -15], [7, -5], [10, -5]], [[5206, 5741], [27, -47], [15, -10], [7, -8]], [[5255, 5676], [5, -48], [31, -42]], [[5291, 5586], [-52, -22], [-19, -17], [25, -36], [1, -5], [-2, -11], [-4, -4], [-5, -2], [-4, 1], [-3, 2], [-15, 12], [-7, 0], [-112, -22], [-39, 24], [-51, 20], [-57, -4], [-5, -4], [0, -3], [1, -1], [3, -3], [2, -5], [0, -3], [-2, -8], [-15, -30], [-68, -45], [-3, -4], [-5, -14], [-3, -2], [-64, -27], [-25, 12], [-5, 1], [-10, -1], [-6, -3], [-44, -58], [-70, -1], [-17, -14], [-30, 16], [-101, -64]], [[4429, 5309], [-5, 0], [-37, -13]], [[4387, 5296], [-2, -6], [2, -3]], [[4387, 5287], [13, -26], [-10, -10], [-6, -2], [-30, 33], [-27, 12], [-7, 2], [-5, 0], [0, -2], [0, -4], [1, -2], [4, -6], [-3, -4], [-7, -5], [-27, -6], [-12, -8], [-46, -19], [-2, -2], [0, -5], [3, -6], [3, -4], [27, -21], [8, -4], [26, 13], [5, 0], [6, -4], [0, -2], [-1, -2], [-1, -2], [-4, -4], [-1, 0], [-3, -2], [-3, -3], [0, -10], [-4, -6], [-8, -6], [-32, -21], [-8, -3], [-16, 1], [-30, 31], [-14, 5], [-15, 0], [-75, 26], [-19, 5], [-30, 20], [-6, 7], [-1, 4], [4, -1], [16, -5], [10, -2], [9, 1], [1, 9], [-7, 11], [-2, 5], [0, 4], [17, 17], [4, 2], [12, -3], [4, 0], [39, 5], [4, 4], [3, 6], [-4, 32], [1, 5], [1, 5], [1, 7], [-2, 5], [-4, 5], [-2, 4], [2, 3], [5, 6], [3, 4], [-1, 2], [-23, 18], [-21, 36], [-2, 8], [28, 44], [18, -5], [9, 1], [1, 2], [-12, 19], [0, 4], [2, 2], [2, 2], [7, -1], [26, -15], [3, -1], [6, 2], [10, 14], [-21, 17], [-6, 13], [-3, 11], [-3, 5], [-4, 5], [-22, 7], [-10, 18], [-38, -6], [-10, 2], [-12, 4], [-17, 13], [-4, -1], [-4, -2], [-10, -10], [-5, -2], [-22, 0], [-9, 2], [-5, 3], [-3, 2], [-2, 4], [0, 4], [0, 12], [-7, 7], [-38, -13], [-8, 6]], [[3935, 5607], [-51, -11], [-16, 1], [-6, 9], [2, 22]], [[3864, 5628], [13, 9], [4, 7]], [[3881, 5644], [-2, 16], [0, 4], [2, 3], [4, 3], [1, 4], [-1, 5], [-3, 16], [0, 15], [2, 6], [17, 25], [29, 17], [14, 23], [7, 16], [1, 30], [2, 4], [8, 6], [0, 1], [0, 2], [-4, 3], [-15, 2], [-3, 4], [-1, 4], [2, 2], [10, 10], [6, 6], [2, 5], [3, 8], [-3, 2], [-3, 2], [-24, -8], [-24, -2], [-49, 2], [-36, -8], [-10, 2], [15, 33], [3, 14], [-1, 9], [-2, 7], [-5, 7], [-5, 6], [-24, 10], [-42, -2], [-7, 0], [-2, 1], [21, 19], [13, 35], [2, 7], [-2, 3], [-45, 15], [-26, -17], [-10, 2], [-27, 10], [-10, 5], [-4, 4], [1, 1], [3, 2], [1, 1], [2, 10], [20, 15], [1, 2], [1, 3], [1, 5], [-1, 3], [-12, 23], [-8, 21], [-1, 4], [0, 3], [1, 2], [12, 15], [1, 3], [0, 5], [-1, 8], [-11, 13], [-30, 10], [-9, 7], [0, 3], [0, 3], [5, 11], [2, 6], [-4, 4], [-8, 4], [-76, 9], [-35, -1], [-17, -1], [-13, -3], [-5, 0], [-2, 1], [1, 4], [11, 16], [1, 3], [-1, 4], [-3, 11], [-10, 18], [-6, 14], [33, 6], [24, -2], [5, 2], [2, 3], [-2, 10], [-7, 15], [0, 3], [3, 7], [31, 16], [2, 3], [-1, 2], [-5, 1], [-23, 4], [-36, 13], [-19, 4], [-6, 5], [-4, 5], [-1, 4], [1, 3], [2, 4], [3, 8], [2, 11], [6, 36], [2, 8], [14, 21], [44, 0], [26, 11], [5, 5], [20, 30], [36, 41], [-18, 43], [-1, 6], [0, 6], [2, 2], [7, 4], [3, 2], [6, 4], [4, 5], [5, 9], [-1, 4]], [[3630, 6668], [-39, 27], [-16, 2]], [[3575, 6697], [-59, -22], [-29, -20]], [[3487, 6655], [-42, -69], [-143, -23], [-109, 10], [-12, 3], [-1, 1], [-3, 3], [-1, 3], [-1, 6], [0, 5], [1, 8], [4, 14], [0, 4], [0, 3], [-4, 6], [-1, 5], [0, 48], [-63, 57], [-81, -20], [-53, 2], [-21, -2], [-80, -75]], [[2877, 6644], [-60, -5], [-22, 7], [-24, 0], [-24, 7]], [[2747, 6653], [19, -53], [13, -15], [68, -26], [43, -34], [9, -20], [6, -21], [4, -22], [-4, -69], [0, -46], [3, -12], [24, -14], [11, -7], [1, -3], [-2, -5], [-6, -9], [-6, -7], [-6, -7], [-5, -4], [-55, -25], [-5, -4]], [[2859, 6250], [-3, -5], [-12, -23]], [[2844, 6222], [-8, -5], [-142, 31], [-35, -22], [-26, -24], [-13, -9], [-20, -8], [-77, -19], [-76, 7], [-71, -39], [-28, 12], [-29, 8], [-8, 4], [-8, 20], [-4, 9], [-8, 14], [2, 8], [13, 9], [19, 10], [27, 9], [21, 3], [13, 0], [12, 1], [16, 36], [12, 16], [4, 8]], [[2430, 6301], [0, 5], [-3, 2]], [[2427, 6308], [-25, 8], [-46, -1], [-13, 20], [-28, 5], [-4, 2], [-3, 7], [0, 3], [4, 5], [14, 10], [7, 8], [2, 5], [1, 4], [-1, 4], [-6, 8], [-2, 11], [4, 4], [21, 15], [6, 6], [2, 4], [1, 3], [-6, 8], [-6, 8], [-2, 3], [-2, 15], [2, 3], [5, 1], [36, 4], [4, 3], [-1, 3], [-30, 43], [-14, 16], [-9, 7], [-9, 8], [-5, 8], [-6, 1], [-6, 1], [-70, -19], [-7, 1], [-7, 3], [-11, 11], [-4, 3], [-70, 35], [-25, 8], [-7, 8], [-7, 44]], [[2104, 6665], [-2, 7], [-3, 6]], [[2099, 6678], [-4, 3], [-5, 3], [-74, 19], [-4, 0], [-5, -1], [-3, -2], [-5, -6], [-15, -40], [4, -12]], [[1988, 6642], [8, -3], [7, -7], [2, -3], [-1, -3]], [[2004, 6626], [-8, -1], [-4, -5], [-18, -34], [-1, 0], [-2, -2], [-3, -2], [-6, -6], [-4, -4], [-1, -1], [-2, 0]], [[1955, 6571], [-20, 4], [-7, 0]], [[1928, 6575], [-21, -4]], [[1907, 6571], [-51, -29], [-56, -40]], [[1800, 6502], [-8, -4], [-119, -45], [-44, -6], [-146, 0], [-76, -29], [-27, 2]], [[1380, 6420], [-14, 36], [47, 125], [-72, 113], [-80, -22], [-166, 34], [-47, 30], [-18, 85], [77, 20], [-40, 32], [1, 46], [74, 25], [260, -29], [22, 27], [41, 225], [113, 135], [38, 83], [-12, 179], [33, 137], [43, 35], [-3, 30], [28, 28], [38, 4], [77, -29], [-64, 40], [-236, 15], [-37, 15], [-8, 130], [34, 79], [10, 11], [61, -9], [25, 27], [-52, 48], [15, 31], [134, 83], [83, 21], [159, 8], [45, -23], [464, 43], [82, -20], [-9, -45], [26, -47], [75, -60], [-10, -24], [49, -25], [-14, -35], [-101, -28], [25, -60], [69, -10], [53, -51], [56, 1], [61, 79], [7, 44], [-29, 26], [-62, -4], [45, 111], [61, 6], [58, -54], [168, -46], [-66, -72], [-9, -109], [17, -56], [-1, 150], [64, 56]], [[3026, 8141], [-24, 107], [98, 199], [36, 31], [67, 11], [72, -49], [119, -32], [160, 10], [20, 16], [181, 21], [74, -14], [285, -339], [133, -56], [70, -12]], [[4317, 8034], [0, -5], [4, -45], [49, -66], [8, -8], [34, -24], [39, 20], [18, -42], [65, -2], [10, 1], [27, 8], [17, 7], [5, 18], [53, 12], [17, -14], [12, -8], [21, -4], [23, -22], [17, -9]], [[4736, 7851], [17, -3], [57, 3]], [[4810, 7851], [2, 3], [24, 23], [10, 5]], [[4846, 7882], [9, 2], [44, 0]], [[3007, 7607], [107, -32], [20, -60], [65, -61], [1, -43], [70, 5], [75, -29], [24, 18], [50, -31], [62, 35], [19, 53], [-33, 36], [20, 20], [-37, 32], [-38, -31], [-83, 41], [-47, 4], [-33, 27], [-58, -3], [-134, 34], [-67, 16], [17, -31]], [[7006, 4895], [70, 6], [170, -34], [57, -99], [78, -34], [52, -76], [-38, -29], [-114, 13], [-89, -76], [-60, 1], [-122, -45], [36, -36], [-51, -54], [30, -4], [13, -49], [48, -7], [-22, -29], [-52, -33], [-73, -1], [-43, -83], [-71, -3], [-35, -38], [-66, 17], [-67, -63], [24, -44], [-53, -43], [7, -18]], [[6635, 4034], [-84, -32], [-49, 28], [-181, -37], [-57, 10], [-48, -21], [-43, 22], [-12, 40], [-63, 19], [-1, 55], [20, 14], [-14, 21], [-89, 6], [-33, -34], [-74, -26], [37, -145], [-27, -108], [-53, 13], [-16, -17], [-55, 37], [14, 36], [-49, 46], [-70, -23], [-58, 20], [-10, -17], [-50, 47], [-172, -2], [-34, -37], [-40, 0], [-7, -45], [140, -66], [5, -30], [-118, 1], [-21, -52], [-115, 22], [-29, 130], [-43, 41], [-61, -5], [-53, 57], [-57, 1], [2, 30], [-65, 46], [-15, 38], [-106, 31], [-38, 46], [-74, 0], [-4, 18], [-79, -59]], [[4480, 5261], [101, 64], [30, -16], [17, 14], [70, 1], [44, 58], [6, 3], [10, 1], [5, -1], [25, -12], [64, 27], [3, 2], [5, 14], [3, 4], [68, 45], [15, 30], [2, 8], [0, 3], [-2, 5], [-3, 3], [-1, 1], [0, 3], [5, 4], [57, 4], [51, -20], [39, -24], [112, 22], [7, 0], [15, -12], [3, -2], [4, -1], [5, 2], [4, 4], [2, 11], [-1, 5]], [[5245, 5511], [-15, 13], [-12, 16], [2, 7]], [[5220, 5547], [19, 17], [52, 22]], [[5291, 5586], [115, -5], [149, -43], [11, -28], [-43, -15], [66, -126], [2, -62], [343, -35], [85, -40], [95, -109], [-31, -36], [-98, -36], [97, -71], [15, -82], [256, 9], [29, -15], [52, -94], [133, 12], [78, -30], [74, -61], [77, 9], [64, -14], [29, 12], [53, -32], [78, 107], [-34, 33], [20, 61]], [[4892, 7913], [2, -6], [5, -23]], [[4899, 7884], [-53, -2], [-10, -5], [-24, -23], [-2, -3], [-74, 0], [-17, 9], [-23, 22], [-21, 4], [-12, 8], [-17, 14], [-53, -12], [-5, -18], [-17, -7], [-27, -8], [-10, -1], [-65, 2], [-18, 42], [-39, -20], [-34, 24], [-8, 8], [-49, 66], [-4, 45], [0, 5]], [[4317, 8034], [56, -10], [14, 5], [-51, 33], [-43, 4]], [[4293, 8066], [30, 72], [43, -14], [5, -32], [116, 67], [27, 5], [28, -4], [4, 0], [30, 33], [48, 6], [30, 54], [4, 0], [51, -9], [6, 0], [30, 18], [15, -1], [2, -11], [-2, -3], [-12, -13], [-10, -15], [-4, -8], [-2, -4], [2, -3], [3, -5], [37, -20], [1, -7], [0, -9], [3, -7], [10, -6], [3, -3], [1, -5], [-2, -10], [-1, -4], [-5, -11], [-5, -38], [-15, -7], [-18, -3], [-3, -2], [-3, -2], [0, -4], [1, -6], [7, -21], [1, -11], [0, -9], [2, -6]], [[4751, 8008], [133, -96], [8, 1]], [[3227, 8689], [-30, 16], [16, 26], [14, -42]], [[3446, 9224], [-65, 4], [-10, 41], [69, 33], [84, -8], [-78, -70]], [[5843, 9227], [60, -82], [-127, 14], [-10, -15], [-67, 1], [-15, 46], [-91, 4], [25, 69], [39, 29], [49, 6], [87, -26], [50, -46]], [[3226, 9271], [-51, -11], [-16, 48], [99, 35], [-32, -72]], [[2924, 9544], [-29, -20], [66, -80], [-48, -16], [-60, 62], [49, 55], [22, -1]], [[3138, 9520], [-90, -7], [-90, 36], [45, 43], [117, 5], [40, -34], [-22, -43]], [[4899, 7884], [-5, 23], [-2, 6], [-141, 95], [-2, 6], [0, 9], [-1, 11], [-7, 21], [-1, 6], [0, 4], [3, 2], [3, 2], [18, 3], [15, 7], [5, 38], [5, 11], [1, 4], [2, 10], [-1, 5], [-3, 3], [-10, 6], [-3, 7], [0, 9], [-1, 7], [-37, 20], [-3, 5], [-2, 3], [2, 4], [4, 8], [10, 15], [12, 13], [2, 3], [-2, 11], [-15, 1], [-30, -18], [-6, 0], [-51, 9], [-4, 0], [-30, -54], [-48, -6], [-30, -33], [-4, 0], [-28, 4], [-27, -5], [-116, -67], [-5, 32], [-43, 14], [-30, -72]], [[4293, 8066], [-50, 5], [-145, 76], [-17, 98], [-99, 50], [-39, 106], [-140, 71], [-168, 11], [-65, 20], [-23, -19], [-24, 7], [-68, 52], [-81, 129], [59, 13], [85, -31], [23, 7], [24, 86], [-44, 40], [4, 23], [-25, 5], [-95, -30], [-47, 72], [37, 67], [-6, 28], [84, 23], [43, 55], [-84, -34], [8, 18], [-152, -11], [-63, -30], [-55, 27], [-22, 63], [44, 21], [54, 3], [-44, 26], [-17, -16], [16, 52], [241, 10], [122, 60], [8, 52], [-130, 130], [-54, -9], [28, 26], [-45, 89], [-116, 63], [8, 32], [-49, 108], [21, 67], [72, -11], [92, 20], [80, -11], [289, -66], [48, -62], [89, 0], [54, 21], [66, -13], [130, 71], [3, -46], [151, -31], [67, -32], [22, -34], [72, 16], [-4, 27], [57, -14], [70, -101], [-48, 0], [-42, -35], [67, 6], [44, -15], [-14, -137], [-63, -69], [-127, -39], [44, -17], [263, 37], [61, -40], [-20, -15], [7, -67], [-51, -31], [0, -62], [39, 22], [46, 93], [95, 37], [43, -3], [244, -97], [91, -63], [41, -7], [46, 6], [161, 83], [84, 9], [-43, -10], [59, -13], [71, 32], [31, -8], [-47, -45], [-22, 9], [30, -171], [-27, -53], [-177, -105], [-89, -10], [-54, -58], [29, -51], [97, -18], [13, -41], [19, -3]], [[5494, 8562], [5, -47], [52, -16], [-50, -13], [-28, 22], [-125, -70], [-5, -148], [50, -11], [54, -49], [59, -7], [29, -20], [13, -147], [-26, -23], [-22, 31], [-81, -4], [-7, -68], [-122, -50], [-14, -26], [-52, -8], [-41, -102]], [[2961, 9779], [267, -5], [-26, -14], [-124, 7], [-60, -24], [-69, 1], [-33, 17], [-38, -17], [-29, -157], [12, 191], [93, 182], [43, 39], [47, -20], [-69, -8], [35, -18], [-82, -79], [1, -70], [32, -25]], [[2450, 2189], [-123, 30], [-178, 76], [-86, -1], [-93, 22], [-54, -14], [-105, 5], [-29, 32], [-98, 31], [-54, 59], [8, 29], [-118, 23]], [[1520, 2481], [-84, 52], [-7, 34], [51, 40], [76, 122], [-110, 39], [-41, 55], [-6, 20], [74, 54], [-37, 113], [-70, -14], [-77, 49], [-82, 8], [-73, 34], [-31, -13], [-32, 13], [-266, -90], [-123, -21], [-289, 6]], [[393, 2982], [13, 66], [76, 76], [-16, 22], [115, 68], [-14, 28], [24, 78], [-117, 21], [-66, 44], [-36, -5], [-16, 34], [-69, 36], [-49, 91], [-13, -17], [-62, 138], [46, 108], [-7, 36], [51, 23], [-17, 42], [51, 35], [93, 27], [19, 46], [85, 1], [15, 20]], [[1520, 2481], [-115, -75], [-135, 16], [-84, 38], [-9, -27], [-36, -15], [-24, 16], [-7, 80], [-106, 36], [-92, 7], [3, -60], [-22, -19], [-122, 19], [-7, 71], [-26, -7], [-40, 83], [-90, 74], [1, 27], [26, 10], [-68, 91], [-119, 57], [-66, -10], [11, 89]], [[6635, 4034], [39, 0], [47, -38], [10, -46], [126, -42]], [[6857, 3908], [-29, 1], [41, -49], [-34, -44], [108, -75], [7, -83], [62, -47], [17, -45], [190, -76], [41, -2], [20, -13], [-4, -49], [69, -33], [-42, -100], [-23, 4], [-9, -66], [-75, -49], [41, -53], [88, -37], [9, -64], [52, -30], [44, -93], [46, -15], [27, -102], [99, -47], [59, -74], [89, -11], [31, 23], [133, -54], [15, -34], [199, -187], [139, -27], [87, -68], [34, -77], [71, -40], [27, -9], [37, 43], [107, -28], [36, -66], [103, -30], [112, -126], [-34, -66], [40, -24], [-16, -27], [6, -81], [-29, -55], [-45, -14], [-18, -49], [-109, 52], [-121, 21], [-75, -17], [-16, -16], [25, -56], [-52, -181], [-147, -93], [-159, -25], [-118, -38], [-112, -73], [-82, -17], [-139, -110], [28, -62], [84, -62], [40, -66], [82, -46], [75, -98], [-109, -161], [86, -22], [65, 12], [54, -49], [12, -65], [-37, -50], [-10, -55], [15, -62], [-41, -36], [-70, 4], [-197, 104], [6, 61], [31, 12], [-74, 47], [11, 22], [-128, 8], [-132, -58], [-49, -5], [-63, 34], [-25, 45], [-217, -20], [-19, 21], [21, 47], [-76, -35], [38, -76], [-37, -53], [-279, 3], [-99, -16], [-36, -32], [-236, 16], [-79, -98], [-163, -12], [-55, -47], [28, -9], [-6, -22], [-92, -13], [-80, -54], [-28, 3], [2, 34], [-25, 7], [-130, -51], [-122, 1], [-29, 24], [5, 30], [-59, 46], [-61, 20], [-8, 11], [48, 28], [-40, 20], [-115, -22], [-25, 19], [-183, 43], [-56, -42], [-64, 4], [-34, 17], [5, 42], [-33, -2], [-18, -6], [20, -39], [-14, -63], [33, -26], [5, -44], [-27, -55], [-68, -36], [-78, -83], [-78, -32], [-94, -7], [36, 34], [23, 95], [-21, 9], [-129, -26], [-34, 59], [27, 15], [-5, 29], [-57, 63], [-47, -9], [-42, 77], [-133, -7], [-23, 9], [-6, 45], [-31, 15], [-34, -8], [-58, -64], [-32, -11], [-144, 14]], [[7828, 6616], [25, 34], [-5, 43], [43, 36], [-18, 29], [7, 95], [69, -12], [1, 49], [43, 11], [28, 31], [24, -34], [57, -7], [113, 55], [30, -25], [5, -42], [73, -58], [85, -28], [-19, -68], [40, 5], [94, -47], [-44, -69], [0, -33], [-50, -40], [-33, 53], [-105, 23], [-46, -10], [-29, 23], [-34, -13], [2, -34], [-53, 6], [-34, 26], [-38, -10], [-17, 18], [-44, -14], [-41, 14], [-60, -28], [-69, 21]], [[7844, 5593], [-59, 26], [-32, -12], [-97, 52], [-30, -3], [-85, -55], [-72, 13], [-56, -49], [-226, -1], [-23, -41], [-142, -30], [-71, 11], [-39, -41], [-2, -75], [-37, -32], [35, -146], [-55, -51], [38, -83], [-10, -73], [34, -7], [-4, -35], [43, -57], [52, -9]], [[5291, 5586], [-31, 42]], [[5260, 5628], [0, 36], [-5, 12]], [[5255, 5676], [-3, 5], [-46, 60]], [[5206, 5741], [-10, 5], [-7, 5], [-20, 15]], [[5169, 5766], [-1, 3], [-1, 6]], [[5167, 5775], [-3, 15], [-1, 4], [-1, 1], [0, 6], [3, 32], [0, 18], [2, 4], [5, 4], [18, 7], [11, 13], [15, 7], [2, 3], [4, 6], [6, 6], [-5, 36], [-22, 12], [-1, 3], [-1, 1], [2, 13], [4, 12], [25, 12], [3, 3], [1, 2], [-1, 2], [-3, 1], [-13, -1], [-43, 23], [-2, 11], [-17, 20]], [[5155, 6051], [-3, 4], [1, 4]], [[5153, 6059], [4, 3], [7, 1], [31, -2], [13, 3], [15, 9], [17, 15], [1, 3], [-1, 4], [0, 3], [0, 4], [1, 3], [9, 3], [203, 7], [49, 11], [52, -1], [19, 3], [7, 30], [-21, 13], [-2, 1], [0, 3], [0, 4], [10, 7], [38, 8], [22, 10], [26, 16], [5, 5], [6, 6]], [[5664, 6231], [10, 16], [-5, 20]], [[5669, 6267], [-4, 4], [-25, 8], [-2, 2], [-3, 3], [-3, 7], [0, 4], [1, 5], [9, 15], [5, 5], [4, 2], [43, 13], [3, 2], [2, 3], [2, 7], [0, 12], [-1, 5], [-6, 9], [-16, -9], [-3, 22], [-5, 2], [-12, -1], [-3, 2], [-5, 7], [-11, 8], [-13, 15], [-1, 3], [2, 3], [5, 5], [12, 7], [2, 7]], [[5646, 6444], [-9, 9], [-3, 10]], [[5634, 6463], [-21, 9], [-4, 15], [-1, 3], [3, 1], [19, 7], [47, 6], [6, 7], [1, 8], [2, 4], [0, 5], [-66, 40], [-77, 74], [1, 14], [2, 5], [5, 8], [2, 10], [1, 2], [3, 3], [4, 2], [7, 3], [9, 2], [5, 0], [20, -4], [4, 0], [4, 2], [-3, 6], [-6, 8], [-43, 46], [-5, 11], [-3, 12], [0, 26], [1, 3], [1, 4], [5, 5], [17, 14], [5, 6], [2, 3], [2, 3], [-2, 4], [-20, 8], [-31, -11], [-97, 123], [-38, 15], [-5, 15], [-1, 8], [-1, 10], [-21, 17], [-11, 20], [-6, 8], [-2, 4], [0, 4], [1, 3], [3, 12], [0, 4], [0, 4], [-1, 3], [-3, 7], [0, 3], [1, 5], [3, 6], [0, 5], [-2, 6], [3, 4], [36, 11], [49, 3], [45, -2], [59, 16], [20, 8], [30, 21], [26, 39], [21, 1], [17, -1], [59, -14], [112, -3], [4, -2], [6, -5], [2, -2], [14, -4], [11, -13], [5, -2], [5, 1], [7, 1], [9, 6], [5, 3], [7, 1], [8, -2], [22, 1], [63, 21], [37, 7], [63, 45], [30, 3], [2, 1], [5, 75], [58, 12], [19, 42]], [[6209, 7391], [57, 5], [-13, -31], [61, -12], [15, -36], [72, 15], [47, -44], [46, -6], [-19, -35], [69, -33], [91, -22], [115, 13], [20, -32], [67, 9], [35, -14], [29, -66], [-39, -40], [15, -34], [-18, -25], [39, -77], [-21, -40], [-44, -7], [-10, -72], [-28, -35], [41, -5], [-5, -42], [39, 4], [19, 31], [48, -35], [42, 3], [-48, -93], [-9, -121], [-29, -56], [3, -35], [44, -34], [-50, -72], [9, -23], [170, -151], [5, -23], [60, -35], [49, 13], [85, -54], [69, -14], [61, 38], [140, -58], [53, -5], [37, -39], [91, -6], [115, -63], [71, 8], [31, -16], [19, 23], [62, -7], [-80, -95], [28, -109], [-121, -108]], [[7844, 5593], [115, -51], [1, -35], [43, -34], [0, -109], [-25, -34], [12, -25], [38, 22], [37, -22], [169, 51], [138, -70], [253, -12], [220, 22], [75, 91], [21, 59], [94, 71], [118, 12], [78, -26], [249, 81], [146, -25]], [[9626, 5559], [30, -31], [198, -51], [39, -24], [32, -154], [67, -69], [7, -45], [-54, -223], [-172, -330], [-82, 1], [-99, 33], [10, 97], [-85, -15], [20, 82], [-81, 40], [-25, 35], [-21, -23], [-69, -11], [-47, 23], [-76, 3], [-49, -72], [73, -13], [-11, -22], [30, -19], [71, -19], [-5, -32], [-30, -21], [-126, -6], [-42, -42], [-167, -64], [-83, -3], [-38, -30], [-33, -1], [-9, -48], [-51, -26], [-305, -32], [-44, -21], [11, -37], [-79, -85], [-45, 4], [-44, 33], [-66, -70], [-23, -8], [-59, 14], [-32, -73], [-42, -38], [-166, -9], [-11, -76], [-47, -39], [-152, 46], [-87, -17], [-49, -48], [-201, -12], [-38, -25], [-8, -36], [-75, -35], [-66, -74], [-36, -126], [-31, 15], [-50, 79], [10, 28], [-70, 14], [-33, 55], [-53, 2]], [[5887, 7484], [23, 2], [58, -4], [25, -8], [19, -1], [5, 32], [16, 6], [119, -21], [21, 12], [7, 21]], [[6180, 7523], [-5, 9], [-7, 30]], [[6168, 7562], [-14, 14], [-3, 10], [7, 12], [45, 32], [21, 10], [56, 17], [36, 2], [59, -45], [98, 15], [-3, 18], [-22, 12], [10, 5], [9, 2], [28, -5], [24, 23], [40, 15], [18, 4], [20, -6], [20, 16], [18, 10], [15, 2], [10, 21], [1, 17], [41, 35]], [[6702, 7798], [33, 11], [28, 5]], [[6763, 7814], [6, -2], [21, -14], [32, 17], [8, 2], [5, 1], [6, -1], [6, -3]], [[6847, 7814], [8, -7], [17, -23]], [[6872, 7784], [118, -32], [81, -43], [3, -3], [10, -11], [3, -2], [16, -2], [37, 2], [32, 7], [117, -19], [14, -4], [29, -21], [44, -8], [26, 0], [9, -4], [16, -40], [5, 0], [8, 0], [45, 8], [15, 0], [7, -2], [8, -2], [15, -9], [7, -2], [9, 0], [16, 1], [17, 5], [7, 1], [28, 2], [8, 1], [6, 3], [3, 2], [4, -1], [4, -2], [3, -6], [-1, -3], [-3, -3], [-7, -3], [-4, -5], [2, -5], [6, -4], [26, -7], [26, 4], [102, 73], [10, 24], [23, 13], [2, 4], [4, 3], [4, 3], [9, 2], [15, -4], [24, -24], [12, -4], [30, 0], [3, 14], [2, 12], [12, 23], [16, 16], [17, 7], [27, 2], [22, -2], [62, -18], [82, 42], [24, 22], [42, 101], [14, 11], [56, 10], [100, 85], [37, 5], [36, 0], [30, 11], [-6, 15], [-28, 35], [0, 24], [19, -1], [26, -29], [50, -13], [3, -27], [57, -74], [183, -4], [44, 28], [38, -13], [44, 4], [24, -3], [4, -34], [-3, -24], [-15, -29], [-34, -45], [-84, -46], [1, -25], [152, -12], [142, 102]], [[9121, 7837], [17, -70], [42, -33], [-57, -82], [14, -74], [-40, -108], [-200, -122], [27, -81], [-40, -59], [282, -134], [57, -64], [235, -131], [-32, -77], [27, -26], [-39, -61], [-52, -38], [59, -165], [124, -44], [18, -21], [-16, -148], [84, -53], [-58, -111], [-5, -103], [-103, -116], [5, -27], [56, -42], [20, -66], [96, -71], [18, -66], [-34, -85]], [[6099, 8645], [-40, -79], [-11, 46], [-24, -38], [-49, 18], [51, 52], [42, 11], [31, -10]], [[6141, 8689], [-7, 36], [83, 36], [-76, -72]], [[8640, 8764], [240, -161], [-33, -43], [29, -35], [-116, -14], [-41, 10], [-110, -48], [-101, 4], [-20, 18], [110, 47], [5, 38], [-41, 51], [0, 33], [70, -5], [-9, -63], [26, 28], [42, 1], [-12, -19], [35, -6], [-3, 82], [-112, 75], [-30, -14], [10, -25], [-32, -35], [-35, -11], [18, 44], [-14, 17], [-69, -43], [-20, 5], [35, 102], [-67, 64], [8, 15], [54, 14], [74, -89], [109, -37]], [[5494, 8562], [150, 61], [125, 13], [30, -37], [43, -13], [-3, -43], [53, -5], [41, 27], [128, -70], [13, 81], [26, 17], [-7, 26], [35, 26], [-8, 18], [56, 4], [51, 57], [0, 34], [65, 59], [124, -5], [280, 60], [7, -102], [25, -21], [-23, 62], [47, 45], [-41, -10], [7, 13], [77, 78], [155, 81], [155, 220], [31, 20], [16, -34], [44, -12], [292, 3], [43, -19], [-50, -23], [-179, 18], [-24, -18], [-47, 3], [-15, -22], [-28, 0], [15, -27], [-42, 6], [-26, -24], [-37, 22], [-53, -5], [-13, -54], [-29, 8], [-3, -39], [-29, -15], [8, -52], [45, -22], [47, 6], [-50, 16], [61, 54], [6, 28], [81, 36], [-20, 17], [34, 10], [19, -12], [84, 30], [3, 24], [37, 5], [-25, -23], [-7, -31], [20, 36], [32, -27], [52, 19], [33, -43], [37, 1], [73, 74], [78, 32], [27, -5], [-4, -41], [70, -36], [-18, -25], [43, -92], [57, -4], [-27, -17], [149, -33], [66, -68], [-27, -18], [83, 12], [-20, -28], [35, 1], [53, -68], [43, -8], [-31, 42], [125, 23], [109, 47], [-13, -27], [116, -58], [-31, -76], [-27, -14], [99, -60], [12, -40], [62, -26], [-86, -74], [0, -32], [234, -117], [155, -15], [47, 31], [32, -12], [-3, -31], [-46, -27], [53, -8], [49, -218], [73, -106], [43, -139]], [[9121, 7837], [-142, -102], [-152, 12], [-1, 25], [84, 46], [34, 45], [15, 29], [3, 24], [-4, 34], [-24, 3], [-44, -4], [-38, 13], [-44, -28], [-183, 4], [-57, 74], [-3, 27], [-50, 13], [-26, 29], [-19, 1], [0, -24], [28, -35], [6, -15], [-30, -11], [-36, 0], [-37, -5], [-100, -85], [-56, -10], [-14, -11], [-42, -101], [-24, -22], [-82, -42], [-62, 18], [-22, 2], [-27, -2], [-17, -7], [-16, -16], [-12, -23], [-2, -12], [-3, -14], [-30, 0], [-12, 4], [-24, 24], [-15, 4], [-9, -2], [-4, -3], [-4, -3], [-2, -4], [-23, -13], [-10, -24], [-102, -73], [-26, -4], [-26, 7], [-6, 4], [-2, 5], [4, 5], [7, 3], [3, 3], [1, 3], [-3, 6], [-4, 2], [-4, 1], [-3, -2], [-6, -3], [-8, -1], [-28, -2], [-7, -1], [-17, -5], [-16, -1], [-9, 0], [-7, 2], [-15, 9], [-8, 2], [-7, 2], [-15, 0], [-45, -8], [-8, 0], [-5, 0], [-16, 40], [-9, 4], [-26, 0], [-44, 8], [-29, 21], [-14, 4], [-117, 19], [-32, -7], [-37, -2], [-16, 2], [-3, 2], [-10, 11], [-3, 3], [-81, 43], [-118, 32], [-25, 30], [-6, 3], [-6, 1], [-5, -1], [-8, -2], [-32, -17], [-21, 14], [-6, 2], [-61, -16], [-41, -35], [-1, -17], [-10, -21], [-15, -2], [-18, -10], [-20, -16], [-20, 6], [-18, -4], [-40, -15], [-24, -23], [-28, 5], [-9, -2], [-10, -5], [22, -12], [3, -18]], [[6473, 7629], [-32, 2], [-23, 0], [-43, -17]], [[6375, 7614], [-59, 45], [-36, -2], [-56, -17], [-21, -10], [-45, -32], [-7, -12], [3, -10], [14, -14], [12, -39], [-7, -21], [-21, -12], [-119, 21], [-16, -6], [-5, -32], [-19, 1], [-25, 8], [-58, 4], [-23, -2]], [[7760, 9415], [-7, -28], [-7, 26], [-24, -16], [-51, -152], [34, 164], [23, 13], [32, -7]], [[7992, 9487], [-3, -41], [42, -42], [42, -9], [130, 22], [77, -30], [9, -32], [-90, -72], [-3, -41], [34, -52], [91, -25], [73, -58], [-34, -37], [-5, -50], [-33, 6], [21, 5], [-1, 22], [-61, -11], [59, 47], [-96, -22], [73, 46], [-42, 0], [-23, -18], [-28, 16], [-101, -12], [-90, -80], [-47, -13], [-2, -35], [6, 18], [55, 6], [8, -42], [-15, -6], [-100, 26], [22, 42], [-19, -27], [-47, -10], [-60, 23], [-7, 28], [-55, -10], [-2, 18], [29, 8], [-65, 34], [31, 51], [26, 10], [50, -14], [44, 18], [-29, 10], [-2, 33], [-28, 14], [-56, -7], [24, 34], [78, 22], [13, 18], [-42, 13], [-2, 29], [-47, -11], [-45, 43], [117, 17], [41, -42], [1, 39], [67, 46], [-25, -45], [21, -9], [-13, -25], [35, 12], [5, 14], [-27, 9], [13, 18], [59, -90], [78, -3], [11, 45], [-23, 43], [19, 18], [-78, -20], [-78, 68], [-92, -68], [-21, 4], [35, 101], [-68, -12], [15, 33], [148, 40], [56, -9], [-53, -39]]], "transform": {"translate": [-7164, -9126], "scale": [1.4106410641064107, 1.9126912691269127]}, "objects": {"features": {"type": "GeometryCollection", "geometries": [{"type": "Polygon", "properties": {"labelrank": 3, "code_hasc": "DE.NW", "name": "Nordrhein-Westfalen", "admin": "Germany", "type_en": "State", "region": "", "woe_id": 2345487, "longitude": 7, "woe_name": "Nordrhein-Westfalen", "fips": "GM07", "woe_label": "North Rhine-Westphalia, DE, Germany", "latitude": 51, "iso_a2": "DE", "postal": "NW", "type": "Land", "id": "DE.NW"}, "arcs": [[0, 1, 2, 3, 4, 5, 6, 7, 8, 9, 10, 11, 12, 13, 14, 15, 16, 17, 18, 19, 20, 21, 22, 23]]}, {"type": "Polygon", "properties": {"labelrank": 3, "code_hasc": "DE.BW", "name": "Baden-Württemberg", "admin": "Germany", "type_en": "State", "region": "", "woe_id": 2345481, "longitude": 9, "woe_name": "Baden-Württemberg", "fips": "GM01", "woe_label": "Baden-Wurttemberg, DE, Germany", "latitude": 48, "iso_a2": "DE", "postal": "BW", "type": "Land", "id": "DE.BW"}, "arcs": [[24, 25, 26, 27]]}, {"type": "Polygon", "properties": {"labelrank": 3, "code_hasc": "DE.HE", "name": "Hessen", "admin": "Germany", "type_en": "State", "region": "", "woe_id": 2345485, "longitude": 8, "woe_name": "Hessen", "fips": "GM05", "woe_label": "Hesse, DE, Germany", "latitude": 50, "iso_a2": "DE", "postal": "HE", "type": "Land", "id": "DE.HE"}, "arcs": [[28, 29, -27, 30, -1, 31, 32, 33, 34, 35, 36, 37, 38, 39, 40, 41, 42, 43, 44, 45, 46, 47]]}, {"type": "MultiPolygon", "properties": {"labelrank": 9, "code_hasc": "DE.HB", "name": "Bremen", "admin": "Germany", "type_en": "State", "region": "", "woe_id": 2345483, "longitude": 8, "woe_name": "Bremen", "fips": "GM03", "woe_label": "Bremen, DE, Germany", "latitude": 53, "iso_a2": "DE", "postal": "HB", "type": "Land", "id": "DE.HB"}, "arcs": [[[48]], [[49, 50]]]}, {"type": "MultiPolygon", "properties": {"labelrank": 3, "code_hasc": "DE.NI", "name": "Niedersachsen", "admin": "Germany", "type_en": "State", "region": "", "woe_id": 2345486, "longitude": 8, "woe_name": "Niedersachsen", "fips": "GM06", "woe_label": "Lower Saxony, DE, Germany", "latitude": 52, "iso_a2": "DE", "postal": "NI", "type": "Land", "id": "DE.NI"}, "arcs": [[[51]], [[52]], [[53]], [[54]], [[55]], [[56]], [[57]], [[58]], [[59]], [[60, 61, 62, 63, 64, 65, 66, 67, 68, 69, 70, 71, 72, 73, 74, 75, 76, 77, 78, -48, 79, 80, 81, 82, 83, 84, 85, 86, 87, 88, 89, 90, 91, 92, 93, 94, 95, 96, 97, 98, 99, 100, 101, 102, -51, 103, 104, 105, 106, 107], [108]]]}, {"type": "Polygon", "properties": {"labelrank": 3, "code_hasc": "DE.TH", "name": "Thüringen", "admin": "Germany", "type_en": "State", "region": "", "woe_id": 2345495, "longitude": 11, "woe_name": "Thüringen", "fips": "GM15", "woe_label": "Thuringia, DE, Germany", "latitude": 50, "iso_a2": "DE", "postal": "TH", "type": "Land", "id": "DE.TH"}, "arcs": [[109, 110, -29, 111, 112, 113, 114]]}, {"type": "Polygon", "properties": {"labelrank": 9, "code_hasc": "DE.HH", "name": "Hamburg", "admin": "Germany", "type_en": "State", "region": "", "woe_id": 2345484, "longitude": 10, "woe_name": "Hamburg", "fips": "GM04", "woe_label": "Hamburg, DE, Germany", "latitude": 53, "iso_a2": "DE", "postal": "HH", "type": "Land", "id": "DE.HH"}, "arcs": [[115, 116, 117, 118, 119]]}, {"type": "MultiPolygon", "properties": {"labelrank": 3, "code_hasc": "DE.SH", "name": "Schleswig-Holstein", "admin": "Germany", "type_en": "State", "region": "", "woe_id": 2345490, "longitude": 9, "woe_name": "Schleswig-Holstein", "fips": "GM10", "woe_label": "Schleswig-Holstein, DE, Germany", "latitude": 54, "iso_a2": "DE", "postal": "SH", "type": "Land", "id": "DE.SH"}, "arcs": [[[120]], [[121]], [[122]], [[123]], [[124]], [[125]], [[-61, 126, 127, 128]], [[129]]]}, {"type": "Polygon", "properties": {"labelrank": 3, "code_hasc": "DE.RP", "name": "Rheinland-Pfalz", "admin": "Germany", "type_en": "State", "region": "", "woe_id": 2345488, "longitude": 7, "woe_name": "Rheinland-Pfalz", "fips": "GM08", "woe_label": "Rhineland-Palatinate, DE, Germany", "latitude": 49, "iso_a2": "DE", "postal": "RP", "type": "Land", "id": "DE.RP"}, "arcs": [[-31, -26, 130, 131, 132, -2]]}, {"type": "Polygon", "properties": {"labelrank": 3, "code_hasc": "DE.SL", "name": "Saarland", "admin": "Germany", "type_en": "State", "region": "", "woe_id": 2345489, "longitude": 6, "woe_name": "Saarland", "fips": "GM09", "woe_label": "Saarland, DE, Germany", "latitude": 49, "iso_a2": "DE", "postal": "SL", "type": "Land", "id": "DE.SL"}, "arcs": [[133, -132]]}, {"type": "Polygon", "properties": {"labelrank": 3, "code_hasc": "DE.BY", "name": "Bayern", "admin": "Germany", "type_en": "State", "region": "", "woe_id": 2345482, "longitude": 11, "woe_name": "Bayern", "fips": "GM02", "woe_label": "Bavaria, DE, Germany", "latitude": 49, "iso_a2": "DE", "postal": "BY", "type": "Land", "id": "DE.BY"}, "arcs": [[134, 135, -28, -30, -111]]}, {"type": "Polygon", "properties": {"labelrank": 9, "code_hasc": "DE.BE", "name": "Berlin", "admin": "Germany", "type_en": "State", "region": "", "woe_id": 2345496, "longitude": 13, "woe_name": "Berlin", "fips": "GM16", "woe_label": "Berlin, DE, Germany", "latitude": 52, "iso_a2": "DE", "postal": "BE", "type": "Land", "id": "DE.BE"}, "arcs": [[136]]}, {"type": "Polygon", "properties": {"labelrank": 3, "code_hasc": "DE.ST", "name": "Sachsen-Anhalt", "admin": "Germany", "type_en": "State", "region": "", "woe_id": 2345494, "longitude": 11, "woe_name": "Sachsen-Anhalt", "fips": "GM14", "woe_label": "Saxony-Anhalt, DE, Germany", "latitude": 51, "iso_a2": "DE", "postal": "ST", "type": "Land", "id": "DE.ST"}, "arcs": [[137, -115, 138, 139, 140, 141, 142, 143, 144, 145, 146, 147, 148, 149, 150]]}, {"type": "Polygon", "properties": {"labelrank": 3, "code_hasc": "DE.SN", "name": "Sachsen", "admin": "Germany", "type_en": "State", "region": "", "woe_id": 2345493, "longitude": 13, "woe_name": "Sachsen", "fips": "GM13", "woe_label": "Saxony, DE, Germany", "latitude": 51, "iso_a2": "DE", "postal": "SN", "type": "Land", "id": "DE.SN"}, "arcs": [[151, 152, -135, -110, -138]]}, {"type": "Polygon", "properties": {"labelrank": 3, "code_hasc": "DE.", "name": "Brandenburg", "admin": "Germany", "type_en": "State", "region": "", "woe_id": 2345491, "longitude": 12, "woe_name": "Brandenburg", "fips": "GM11", "woe_label": "Brandenburg, DE, Germany", "latitude": 52, "iso_a2": "DE", "postal": "BE", "type": "Land", "id": "DE.3562"}, "arcs": [[-151, -63, 153, 154, 155, 156, 157, 158, 159, 160, -152], [-137]]}, {"type": "MultiPolygon", "properties": {"labelrank": 3, "code_hasc": "DE.MV", "name": "Mecklenburg-Vorpommern", "admin": "Germany", "type_en": "State", "region": "", "woe_id": 2345492, "longitude": 12, "woe_name": "Mecklenburg-Vorpommern", "fips": "GM12", "woe_label": "Mecklenburg-Vorpommern, DE, Germany", "latitude": 53, "iso_a2": "DE", "postal": "MV", "type": "Land", "id": "DE.MV"}, "arcs": [[[161]], [[162]], [[163]], [[-62, -129, 164, 165, 166, 167]], [[168]], [[169]]]}]}}, "bbox": [-7164, -9126, 6941, 9999], "type": "Topology"}