{"crs": {"type": "name", "properties": {"name": "urn:ogc:def:crs:EPSG:4326"}}, "ac-tx": {"default": {"crs": "wsg84", "scale": 76.16511441416998, "xoffset": 0, "yoffset": 0}}, "arcs": [[[6418, 5848], [234, 122], [0, 291], [289, 413], [96, -656], [414, -1092], [358, 0], [41, 461], [565, 146], [303, -97], [248, 291], [96, -558], [454, -364], [483, -49], [-152, -970], [-496, -195], [-220, -534], [-207, 292], [0, 364], [-372, 170], [-206, -1068], [-276, 24], [-234, -146], [-14, -267], [-303, -364], [-909, 0]], [[6610, 2062], [-247, 559], [192, 194], [42, 291], [-317, 437]], [[6280, 3543], [-220, 315], [-56, 292], [193, 242], [42, 316], [220, 388], [-152, 510], [111, 242]], [[5233, 3276], [83, 194], [330, 49], [345, -437], [289, 461]], [[6610, 2062], [56, -412], [220, -388], [-124, -316], [-895, 97], [-193, 146], [-110, 364], [-179, 97], [-345, -486]], [[5040, 1164], [-289, 340], [-83, 461], [317, 413], [0, 412], [248, 486]], [[4173, 3907], [234, -364], [620, -267], [206, 0]], [[5040, 1164], [-289, -679], [-275, -485], [-386, 24], [96, 607], [-440, 825], [-42, 509], [207, 340], [-234, 316]], [[3677, 2621], [330, 242], [193, 680], [-27, 364]], [[1418, 6674], [-702, -534], [-358, 776], [-14, 510], [69, 971], [-207, 485], [-206, -24], [68, 607], [455, -413], [179, 218], [317, -364], [110, 316], [-41, 340], [606, 267], [564, 170], [110, -292], [42, -752], [330, -510]], [[2740, 8445], [-950, -1043], [41, -413], [-413, -315]], [[2740, 8445], [193, -121], [496, 170], [55, -219], [372, 146], [275, -170], [221, -315], [275, -122]], [[4627, 7814], [14, -388], [-262, -291], [-234, 315], [-840, -364], [-358, -315], [41, -559], [152, -194]], [[3140, 6018], [-482, -291], [-537, 0], [-138, 146], [-331, -25]], [[1652, 5848], [-234, 826]], [[3140, 6018], [358, -703], [234, -146], [399, -801]], [[4131, 4368], [-27, -364]], [[4104, 4004], [-496, 291], [-317, -170]], [[3291, 4125], [-206, -145], [-166, -316], [-344, 704], [-193, 49], [-275, 339], [-179, -194], [-276, 243], [221, 243], [-221, 800]], [[4627, 7814], [413, 243], [427, -340], [83, -946]], [[5550, 6771], [-620, -25], [0, -703], [-317, -25], [-344, -534], [55, -752], [-193, -364]], [[4104, 4004], [69, -97]], [[3677, 2621], [-193, 339], [-96, 510], [-138, 170], [41, 485]], [[5550, 6771], [386, 121], [192, -728], [290, -316]]], "transform": {"translate": [9273, 3115], "scale": [0.0726072607260726, 0.041204120412041204]}, "objects": {"features": {"type": "GeometryCollection", "geometries": [{"type": "Polygon", "properties": {"name": "Yanbian Korean Autonomous Prefecture", "admin_leve": "5", "wikipedia": "zh:延边朝鲜族自治州", "localname": "옌볜 조선족 자치주 延边朝鲜族自治州", "boundary": "administrative", "id": "CN.jilin.2761941"}, "arcs": [[0, 1, 2]]}, {"type": "Polygon", "properties": {"name": "Baishan City", "admin_leve": "5", "wikipedia": "zh:白山市", "localname": "바이산 시 / 白山市 / Baishan", "boundary": "administrative", "id": "CN.jilin.2762626"}, "arcs": [[3, -2, 4, 5]]}, {"type": "Polygon", "properties": {"name": "Tonghua City", "admin_leve": "5", "wikipedia": "de:Tonghua", "localname": "퉁화 시 / 通化市 / Tonghua", "boundary": "administrative", "id": "CN.jilin.2762954"}, "arcs": [[6, -6, 7, 8]]}, {"type": "Polygon", "properties": {"name": "Baicheng City", "admin_leve": "5", "wikipedia": "de:Baicheng", "localname": "白城市 / Baicheng", "boundary": "administrative", "id": "CN.jilin.2763763"}, "arcs": [[9, 10]]}, {"type": "Polygon", "properties": {"name": "Songyuan City", "admin_leve": "5", "wikidata": "Q92364", "localname": "松原市 / Songyuan", "boundary": "administrative", "id": "CN.jilin.2763775"}, "arcs": [[11, 12, 13, 14, -11]]}, {"type": "Polygon", "properties": {"name": "Siping City", "admin_leve": "5", "wikipedia": "zh:四平市", "localname": "四平市 / Siping", "boundary": "administrative", "id": "CN.jilin.2763795"}, "arcs": [[15, 16, 17, 18, -14]]}, {"type": "Polygon", "properties": {"name": "Changchun City", "admin_leve": "5", "wikipedia": "en:Changchun", "localname": "四平市 / Changchun", "boundary": "administrative", "id": "CN.jilin.2763992"}, "arcs": [[19, 20, -16, -13]]}, {"type": "Polygon", "properties": {"name": "Liaoyuan City", "admin_leve": "5", "wikipedia": "zh:辽源市", "localname": "辽源市 / Liaoyuan", "boundary": "administrative", "id": "CN.jilin.2764045"}, "arcs": [[21, -9, 22, -18]]}, {"type": "Polygon", "properties": {"name": "Jilin City", "admin_leve": "5", "wikipedia": "zh:吉林市", "localname": "吉林市 / Jilin", "boundary": "administrative", "id": "CN.jilin.2764055"}, "arcs": [[-21, 23, -3, -4, -7, -22, -17]]}]}}, "bbox": [9273, 3115, 9999, 3527], "type": "Topology"}