{"crs": {"type": "name", "properties": {"name": null}}, "type": "FeatureCollection", "features": [{"geometry": {"type": "Polygon", "coordinates": [[[6776, 1593], [6755, 1569], [6738, 1599], [6748, 1615], [6767, 1614], [6776, 1593]]]}, "type": "Feature", "properties": {"labelrank": 8, "code_hasc": "CF.BG", "name": "Bangui", "admin": "Central African Republic", "type_en": "Autonomous Commune", "region": "", "woe_id": 2345105, "longitude": 18, "woe_name": "Bangui", "fips": "CT18", "woe_label": "Bangui, CF, Central African Republic", "latitude": 4, "iso_a2": "CF", "postal": "BG", "type": "Commune Autonome", "id": "CF.BG"}}, {"geometry": {"type": "Polygon", "coordinates": [[[6790, 2088], [6809, 2065], [6874, 2050], [6886, 2001], [6920, 1972], [6932, 1943], [6920, 1890], [6957, 1835], [6962, 1797], [6833, 1603], [6776, 1593], [6767, 1614], [6748, 1615], [6738, 1599], [6755, 1569], [6789, 1505], [6782, 1409], [6708, 1455], [6683, 1489], [6670, 1567], [6633, 1583], [6607, 1621], [6502, 1628], [6473, 1652], [6413, 1649], [6364, 1747], [6247, 1832], [6208, 1831], [6193, 1855], [6238, 1882], [6165, 1956], [6088, 1960], [6022, 1922], [6018, 2029], [6103, 2106], [6187, 2135], [6210, 2084], [6407, 2085], [6527, 2148], [6569, 2114], [6648, 2113], [6659, 2095], [6703, 2091], [6709, 2027], [6774, 2057], [6790, 2088]]]}, "type": "Feature", "properties": {"labelrank": 8, "code_hasc": "CF.MP", "name": "Ombella-M'Poko", "admin": "Central African Republic", "type_en": "Prefecture", "region": "", "woe_id": 2345104, "longitude": 17, "woe_name": "Ombella-M'Poko", "fips": "CT17", "woe_label": "Ombella-M'Poko, CF, Central African Republic", "latitude": 5, "iso_a2": "CF", "postal": "MP", "type": "Préfecture", "id": "CF.MP"}}, {"geometry": {"type": "Polygon", "coordinates": [[[7893, 2022], [7980, 1995], [7973, 1885], [7940, 1854], [7956, 1824], [7920, 1718], [7986, 1692], [7995, 1652], [8070, 1644], [8030, 1541], [7915, 1565], [7848, 1547], [7757, 1579], [7729, 1564], [7680, 1602], [7605, 1623], [7499, 1609], [7454, 1649], [7547, 1730], [7614, 1754], [7629, 1830], [7616, 1867], [7648, 1975], [7630, 2012], [7661, 2024], [7665, 2083], [7696, 2061], [7737, 2059], [7796, 2087], [7860, 1992], [7893, 2022]]]}, "type": "Feature", "properties": {"labelrank": 8, "code_hasc": "CF.BK", "name": "Basse-Kotto", "admin": "Central African Republic", "type_en": "Prefecture", "region": "", "woe_id": 2345090, "longitude": 21, "woe_name": "Basse-Kotto", "fips": "CT02", "woe_label": "", "latitude": 5, "iso_a2": "CF", "postal": "BK", "type": "Préfecture", "id": "CF.BK"}}, {"geometry": {"type": "Polygon", "coordinates": [[[6782, 1409], [6787, 1267], [6767, 1272], [6731, 1323], [6697, 1302], [6649, 1303], [6625, 1267], [6589, 1298], [6506, 1289], [6483, 1318], [6408, 1324], [6370, 1350], [6345, 1342], [6312, 1389], [6170, 1449], [6099, 1547], [6147, 1613], [6219, 1583], [6133, 1727], [6133, 1774], [6204, 1811], [6208, 1831], [6247, 1832], [6364, 1747], [6413, 1649], [6473, 1652], [6502, 1628], [6607, 1621], [6633, 1583], [6670, 1567], [6683, 1489], [6708, 1455], [6782, 1409]]]}, "type": "Feature", "properties": {"labelrank": 8, "code_hasc": "CF.LB", "name": "Lobaye", "admin": "Central African Republic", "type_en": "Prefecture", "region": "", "woe_id": 2345095, "longitude": 17, "woe_name": "Lobaye", "fips": "CT07", "woe_label": "Lobaye, CF, Central African Republic", "latitude": 4, "iso_a2": "CF", "postal": "LB", "type": "Préfecture", "id": "CF.LB"}}, {"geometry": {"type": "Polygon", "coordinates": [[[6208, 1831], [6204, 1811], [6133, 1774], [6133, 1727], [6219, 1583], [6147, 1613], [6099, 1547], [6070, 1546], [6043, 1457], [5994, 1396], [5861, 1454], [5789, 1446], [5691, 1399], [5671, 1367], [5633, 1378], [5561, 1335], [5475, 1467], [5536, 1477], [5499, 1502], [5483, 1575], [5463, 1608], [5363, 1684], [5342, 1826], [5446, 1824], [5472, 1801], [5507, 1821], [5614, 1822], [5647, 1841], [5715, 1829], [5708, 1881], [5724, 1907], [5746, 1905], [5759, 1852], [5804, 1863], [5830, 1847], [6022, 1922], [6088, 1960], [6165, 1956], [6238, 1882], [6193, 1855], [6208, 1831]]]}, "type": "Feature", "properties": {"labelrank": 8, "code_hasc": "CF.HS", "name": "Mambéré-Kadéï", "admin": "Central African Republic", "type_en": "Prefecture", "region": "", "woe_id": 2345092, "longitude": 15, "woe_name": "Mambéré-Kadéï", "fips": "CT04", "woe_label": "", "latitude": 4, "iso_a2": "CF", "postal": "HS", "type": "Préfecture", "id": "CF.HS"}}, {"geometry": {"type": "Polygon", "coordinates": [[[6099, 1547], [6170, 1449], [6312, 1389], [6345, 1342], [6316, 1319], [6198, 1289], [6146, 1298], [6134, 1284], [6080, 1291], [6048, 1276], [6000, 1150], [6005, 1033], [5902, 815], [5863, 915], [5870, 984], [5852, 988], [5865, 1034], [5850, 1071], [5822, 1086], [5799, 1129], [5752, 1132], [5561, 1335], [5633, 1378], [5671, 1367], [5691, 1399], [5789, 1446], [5861, 1454], [5994, 1396], [6043, 1457], [6070, 1546], [6099, 1547]]]}, "type": "Feature", "properties": {"labelrank": 8, "code_hasc": "CF.SE", "name": "Sangha-Mbaéré", "admin": "Central African Republic", "type_en": "Economic Prefecture", "region": "", "woe_id": 2345103, "longitude": 16, "woe_name": "Sangha-Mbaéré", "fips": "CT16", "woe_label": "Sangha-MbaÃ©rÃ©, CF, Central African Republic", "latitude": 3, "iso_a2": "CF", "postal": "SE", "type": "Préfecture", "id": "CF.SE"}}, {"geometry": {"type": "Polygon", "coordinates": [[[6018, 2029], [6022, 1922], [5830, 1847], [5804, 1863], [5759, 1852], [5746, 1905], [5724, 1907], [5708, 1881], [5715, 1829], [5647, 1841], [5614, 1822], [5507, 1821], [5472, 1801], [5446, 1824], [5342, 1826], [5339, 1890], [5291, 1928], [5326, 2002], [5326, 2137], [5314, 2158], [5271, 2157], [5242, 2200], [5296, 2256], [5369, 2285], [5437, 2436], [5532, 2461], [5620, 2296], [5663, 2300], [5742, 2338], [5751, 2320], [5723, 2288], [5753, 2242], [5766, 2159], [5853, 2110], [5916, 2152], [6018, 2029]]]}, "type": "Feature", "properties": {"labelrank": 8, "code_hasc": "CF.NM", "name": "Nana-Mambéré", "admin": "Central African Republic", "type_en": "Prefecture", "region": "", "woe_id": 2345097, "longitude": 15, "woe_name": "Nana-Mambéré", "fips": "CT09", "woe_label": "", "latitude": 5, "iso_a2": "CF", "postal": "NM", "type": "Préfecture", "id": "CF.NM"}}, {"geometry": {"type": "Polygon", "coordinates": [[[6127, 2751], [6133, 2706], [6115, 2677], [6110, 2592], [6078, 2546], [6119, 2390], [6161, 2352], [6209, 2364], [6231, 2350], [6200, 2299], [6178, 2294], [6177, 2235], [6161, 2225], [6187, 2135], [6103, 2106], [6018, 2029], [5916, 2152], [5853, 2110], [5766, 2159], [5753, 2242], [5723, 2288], [5751, 2320], [5742, 2338], [5663, 2300], [5620, 2296], [5532, 2461], [5437, 2436], [5481, 2474], [5547, 2641], [5623, 2693], [5641, 2741], [5709, 2739], [5742, 2717], [5803, 2729], [5846, 2763], [5965, 2796], [5973, 2836], [6030, 2868], [6054, 2798], [6127, 2751]]]}, "type": "Feature", "properties": {"labelrank": 8, "code_hasc": "CF.OP", "name": "Ouham-Pendé", "admin": "Central African Republic", "type_en": "Prefecture", "region": "", "woe_id": 2345100, "longitude": 16, "woe_name": "Ouham-Pendé", "fips": "CT13", "woe_label": "Ouham-PendÃ©, CF, Central African Republic", "latitude": 6, "iso_a2": "CF", "postal": "OP", "type": "Préfecture", "id": "CF.OP"}}, {"geometry": {"type": "Polygon", "coordinates": [[[8159, 3131], [8015, 3134], [8001, 3106], [8017, 3062], [8002, 2992], [7967, 2990], [7929, 3036], [7870, 3002], [7831, 3005], [7792, 2968], [7805, 2922], [7700, 2900], [7700, 2807], [7673, 2763], [7679, 2735], [7613, 2656], [7577, 2635], [7538, 2638], [7496, 2578], [7415, 2558], [7344, 2586], [7259, 2640], [7189, 2750], [7139, 2758], [7139, 2805], [7064, 2833], [7059, 2823], [7040, 2844], [7062, 2933], [7054, 2963], [6947, 3127], [6950, 3145], [6961, 3169], [6876, 3225], [6945, 3281], [7247, 3296], [7327, 3334], [7344, 3322], [7425, 3323], [7472, 3357], [7485, 3397], [7531, 3389], [7526, 3404], [7584, 3432], [7614, 3419], [7672, 3470], [7744, 3492], [7816, 3560], [7832, 3558], [7843, 3499], [7877, 3494], [7908, 3462], [7962, 3347], [8048, 3268], [8066, 3192], [8153, 3158], [8159, 3131]]]}, "type": "Feature", "properties": {"labelrank": 8, "code_hasc": "CF.BB", "name": "Bamingui-Bangoran", "admin": "Central African Republic", "type_en": "Prefecture", "region": "", "woe_id": 2345089, "longitude": 20, "woe_name": "Bamingui-Bangoran", "fips": "CT01", "woe_label": "", "latitude": 8, "iso_a2": "CF", "postal": "BB", "type": "Préfecture", "id": "CF.BB"}}, {"geometry": {"type": "Polygon", "coordinates": [[[7344, 2586], [7325, 2507], [7241, 2414], [7243, 2351], [7194, 2360], [7094, 2368], [6987, 2346], [6928, 2384], [6833, 2374], [6877, 2428], [6833, 2460], [6834, 2482], [6797, 2529], [6830, 2580], [6818, 2593], [6865, 2639], [6826, 2759], [6928, 2829], [6916, 2863], [6943, 2940], [6944, 2998], [6930, 3010], [6950, 3065], [6947, 3127], [7054, 2963], [7062, 2933], [7040, 2844], [7059, 2823], [7064, 2833], [7139, 2805], [7139, 2758], [7189, 2750], [7259, 2640], [7344, 2586]]]}, "type": "Feature", "properties": {"labelrank": 8, "code_hasc": "CF.KB", "name": "Nana-Grébizi", "admin": "Central African Republic", "type_en": "Economic Prefecture", "region": "", "woe_id": 2345102, "longitude": 19, "woe_name": "Nana-Grébizi", "fips": "CT15", "woe_label": "", "latitude": 7, "iso_a2": "CF", "postal": "KB", "type": "Préfecture", "id": "CF.KB"}}, {"geometry": {"type": "Polygon", "coordinates": [[[7194, 2360], [7198, 2339], [7239, 2310], [7229, 2230], [7140, 2156], [7144, 2102], [7165, 2093], [7165, 2068], [7095, 2019], [7113, 2000], [7293, 1991], [7263, 1870], [7236, 1844], [7185, 1871], [7080, 1871], [6994, 1804], [6962, 1797], [6957, 1835], [6920, 1890], [6932, 1943], [6920, 1972], [6886, 2001], [6874, 2050], [6809, 2065], [6790, 2088], [6787, 2187], [6891, 2259], [6833, 2374], [6928, 2384], [6987, 2346], [7094, 2368], [7194, 2360]]]}, "type": "Feature", "properties": {"labelrank": 8, "code_hasc": "CF.KG", "name": "Kémo", "admin": "Central African Republic", "type_en": "Prefecture", "region": "", "woe_id": 2345094, "longitude": 19, "woe_name": "Kémo", "fips": "CT06", "woe_label": "", "latitude": 5, "iso_a2": "CF", "postal": "KG", "type": "Préfecture", "id": "CF.KG"}}, {"geometry": {"type": "Polygon", "coordinates": [[[7893, 2022], [7860, 1992], [7796, 2087], [7737, 2059], [7696, 2061], [7665, 2083], [7661, 2024], [7630, 2012], [7648, 1975], [7616, 1867], [7629, 1830], [7614, 1754], [7547, 1730], [7454, 1649], [7454, 1684], [7411, 1739], [7248, 1823], [7236, 1844], [7263, 1870], [7293, 1991], [7113, 2000], [7095, 2019], [7165, 2068], [7165, 2093], [7144, 2102], [7140, 2156], [7229, 2230], [7239, 2310], [7198, 2339], [7194, 2360], [7243, 2351], [7241, 2414], [7325, 2507], [7344, 2586], [7415, 2558], [7496, 2578], [7538, 2638], [7577, 2635], [7613, 2656], [7679, 2735], [7673, 2763], [7700, 2807], [7798, 2743], [7806, 2667], [7862, 2655], [7890, 2507], [7874, 2468], [7909, 2402], [7941, 2389], [7947, 2310], [7923, 2265], [7952, 2207], [7977, 2194], [7994, 2119], [7964, 2048], [7930, 2068], [7893, 2022]]]}, "type": "Feature", "properties": {"labelrank": 8, "code_hasc": "CF.UK", "name": "Ouaka", "admin": "Central African Republic", "type_en": "Prefecture", "region": "", "woe_id": 2345098, "longitude": 20, "woe_name": "Ouaka", "fips": "CT11", "woe_label": "", "latitude": 5, "iso_a2": "CF", "postal": "UK", "type": "Préfecture", "id": "CF.UK"}}, {"geometry": {"type": "Polygon", "coordinates": [[[6947, 3127], [6950, 3065], [6930, 3010], [6944, 2998], [6943, 2940], [6916, 2863], [6928, 2829], [6826, 2759], [6865, 2639], [6818, 2593], [6830, 2580], [6797, 2529], [6834, 2482], [6833, 2460], [6877, 2428], [6833, 2374], [6891, 2259], [6787, 2187], [6790, 2088], [6774, 2057], [6709, 2027], [6703, 2091], [6659, 2095], [6648, 2113], [6569, 2114], [6527, 2148], [6407, 2085], [6210, 2084], [6187, 2135], [6161, 2225], [6177, 2235], [6178, 2294], [6200, 2299], [6231, 2350], [6209, 2364], [6161, 2352], [6119, 2390], [6078, 2546], [6110, 2592], [6115, 2677], [6133, 2706], [6127, 2751], [6151, 2781], [6232, 2798], [6286, 2850], [6428, 2910], [6507, 2901], [6584, 2922], [6774, 2932], [6791, 2980], [6855, 3016], [6950, 3145], [6947, 3127]]]}, "type": "Feature", "properties": {"labelrank": 8, "code_hasc": "CF.AC", "name": "Ouham", "admin": "Central African Republic", "type_en": "Prefecture", "region": "", "woe_id": 2345099, "longitude": 17, "woe_name": "Ouham", "fips": "CT12", "woe_label": "Ouham, CF, Central African Republic", "latitude": 6, "iso_a2": "CF", "postal": "AC", "type": "Préfecture", "id": "CF.AC"}}, {"geometry": {"type": "Polygon", "coordinates": [[[8549, 3335], [8549, 3366], [8517, 3357], [8495, 3290], [8422, 3249], [8399, 3190], [8252, 3165], [8201, 3127], [8159, 3131], [8153, 3158], [8066, 3192], [8048, 3268], [7962, 3347], [7908, 3462], [7877, 3494], [7843, 3499], [7832, 3558], [7816, 3560], [7744, 3492], [7672, 3470], [7614, 3419], [7584, 3432], [7646, 3499], [7659, 3552], [7690, 3561], [7751, 3639], [7788, 3634], [7839, 3717], [7891, 3729], [7914, 3752], [7926, 3794], [7909, 3838], [7915, 3876], [8018, 3915], [8027, 3946], [8081, 3941], [8109, 3977], [8203, 4008], [8330, 3979], [8383, 3894], [8487, 3804], [8608, 3610], [8626, 3531], [8602, 3475], [8611, 3381], [8549, 3335]]]}, "type": "Feature", "properties": {"labelrank": 8, "code_hasc": "CF.VK", "name": "Vakaga", "admin": "Central African Republic", "type_en": "Prefecture", "region": "", "woe_id": 2345101, "longitude": 22, "woe_name": "Vakaga", "fips": "CT14", "woe_label": "Vakaga, CF, Central African Republic", "latitude": 9, "iso_a2": "CF", "postal": "VK", "type": "Préfecture", "id": "CF.VK"}}, {"geometry": {"type": "Polygon", "coordinates": [[[8549, 3335], [8540, 3277], [8555, 3264], [8587, 3270], [8556, 3200], [8565, 3174], [8831, 3164], [8822, 3144], [8836, 3126], [8789, 3051], [8841, 3013], [8917, 2942], [8926, 2782], [8962, 2727], [8932, 2663], [8949, 2625], [8943, 2555], [8871, 2535], [8857, 2471], [8840, 2461], [8545, 2296], [8525, 2265], [8497, 2262], [8479, 2222], [8346, 2254], [8316, 2285], [8220, 2275], [8183, 2215], [8151, 2201], [8107, 2209], [8055, 2179], [8035, 2080], [8048, 2056], [8027, 2054], [7980, 1995], [7893, 2022], [7930, 2068], [7964, 2048], [7994, 2119], [7977, 2194], [7952, 2207], [7923, 2265], [7947, 2310], [7941, 2389], [7909, 2402], [7874, 2468], [7890, 2507], [7862, 2655], [7806, 2667], [7798, 2743], [7700, 2807], [7700, 2900], [7805, 2922], [7792, 2968], [7831, 3005], [7870, 3002], [7929, 3036], [7967, 2990], [8002, 2992], [8017, 3062], [8001, 3106], [8015, 3134], [8159, 3131], [8201, 3127], [8252, 3165], [8399, 3190], [8422, 3249], [8495, 3290], [8517, 3357], [8549, 3366], [8549, 3335]]]}, "type": "Feature", "properties": {"labelrank": 8, "code_hasc": "CF.HK", "name": "Haute-Kotto", "admin": "Central African Republic", "type_en": "Prefecture", "region": "", "woe_id": 2345091, "longitude": 22, "woe_name": "Haute-Kotto", "fips": "CT03", "woe_label": "Haute-Kotto, CF, Central African Republic", "latitude": 7, "iso_a2": "CF", "postal": "HK", "type": "Préfecture", "id": "CF.HK"}}, {"geometry": {"type": "Polygon", "coordinates": [[[8920, 1859], [8948, 1865], [8942, 1888], [8966, 1921], [9030, 1926], [9099, 1985], [9126, 2027], [9126, 2100], [9152, 2116], [9162, 2103], [9176, 2154], [9055, 2266], [9108, 2274], [9136, 2297], [9127, 2323], [9061, 2366], [8968, 2329], [8840, 2461], [8857, 2471], [8871, 2535], [8943, 2555], [8949, 2625], [8932, 2663], [8962, 2727], [8926, 2782], [8917, 2942], [8841, 3013], [8902, 3014], [8932, 2991], [9037, 2981], [9120, 2885], [9193, 2861], [9211, 2791], [9170, 2762], [9179, 2733], [9275, 2652], [9483, 2549], [9507, 2489], [9612, 2424], [9572, 2356], [9579, 2327], [9659, 2261], [9629, 2213], [9649, 2225], [9672, 2198], [9757, 2180], [9772, 2148], [9831, 2135], [9851, 2108], [9883, 2102], [9917, 2035], [9933, 2032], [9918, 1977], [9935, 1917], [9999, 1848], [9865, 1896], [9824, 1877], [9790, 1836], [9743, 1856], [9657, 1839], [9616, 1876], [9573, 1880], [9521, 1916], [9484, 1891], [9464, 1905], [9441, 1884], [9427, 1901], [9410, 1893], [9398, 1918], [9337, 1935], [9321, 1959], [9245, 1937], [9222, 1889], [9237, 1874], [9225, 1837], [9157, 1829], [9137, 1804], [9094, 1819], [9033, 1793], [8987, 1794], [8964, 1831], [8920, 1859]]]}, "type": "Feature", "properties": {"labelrank": 8, "code_hasc": "CF.HM", "name": "Haut-Mbomou", "admin": "Central African Republic", "type_en": "Prefecture", "region": "", "woe_id": 2345093, "longitude": 25, "woe_name": "Haut-Mbomou", "fips": "CT05", "woe_label": "Haut-Mbomou, CF, Central African Republic", "latitude": 6, "iso_a2": "CF", "postal": "HM", "type": "Préfecture", "id": "CF.HM"}}, {"geometry": {"type": "Polygon", "coordinates": [[[8920, 1859], [8902, 1846], [8889, 1866], [8877, 1845], [8890, 1835], [8853, 1823], [8840, 1796], [8821, 1806], [8801, 1786], [8727, 1774], [8726, 1755], [8678, 1757], [8595, 1725], [8544, 1698], [8532, 1673], [8477, 1689], [8442, 1726], [8417, 1717], [8387, 1731], [8372, 1762], [8344, 1758], [8327, 1717], [8303, 1722], [8280, 1687], [8268, 1637], [8232, 1630], [8238, 1590], [8183, 1512], [8127, 1504], [8030, 1541], [8070, 1644], [7995, 1652], [7986, 1692], [7920, 1718], [7956, 1824], [7940, 1854], [7973, 1885], [7980, 1995], [8027, 2054], [8048, 2056], [8035, 2080], [8055, 2179], [8107, 2209], [8151, 2201], [8183, 2215], [8220, 2275], [8316, 2285], [8346, 2254], [8479, 2222], [8497, 2262], [8525, 2265], [8545, 2296], [8840, 2461], [8968, 2329], [9061, 2366], [9127, 2323], [9136, 2297], [9108, 2274], [9055, 2266], [9176, 2154], [9162, 2103], [9152, 2116], [9126, 2100], [9126, 2027], [9099, 1985], [9030, 1926], [8966, 1921], [8942, 1888], [8948, 1865], [8920, 1859]]]}, "type": "Feature", "properties": {"labelrank": 8, "code_hasc": "CF.MB", "name": "Mbomou", "admin": "Central African Republic", "type_en": "Prefecture", "region": "", "woe_id": 2345096, "longitude": 23, "woe_name": "Mbomou", "fips": "CT08", "woe_label": "", "latitude": 5, "iso_a2": "CF", "postal": "MB", "type": "Préfecture", "id": "CF.MB"}}], "ac-tx": {"default": {"crs": null, "scale": 364.37776354127095}}}