{"crs": {"type": "name", "properties": {"name": "urn:ogc:def:crs:EPSG:29101"}}, "ac-tx": {"default": {"crs": "+proj=poly +lat_0=0 +lon_0=-54 +x_0=5000000 +y_0=10000000 +ellps=aust_SA +towgs84=-57,1,-41,0,0,0,0 +units=m +no_defs", "scale": 0.000944805770419944}}, "arcs": [[[7058, 5332], [30, -22], [5, -5], [2, -5], [0, -2], [-2, 0], [0, -2], [-3, -3], [-2, 0], [-3, -2], [-14, -10], [-3, -5], [-5, -27], [0, -10], [0, -5], [5, -5], [20, -5], [0, -2], [0, -2], [0, -8], [0, -5], [0, -2], [-3, -3], [0, -2], [-2, -2], [-10, -5], [-5, -5], [-10, -3]], [[7058, 5185], [-2, -5], [-5, -12]], [[7051, 5168], [-5, -17], [-5, -15], [-2, -10]], [[7039, 5126], [-3, -4], [0, -3]], [[7036, 5119], [-2, -22], [2, -32]], [[7036, 5065], [10, -34], [22, -49]], [[7068, 4982], [3, -3], [12, -7], [2, -2], [13, -20], [9, -5], [8, -2], [2, -3], [0, -2]], [[7117, 4938], [0, -3], [0, -2], [-5, -12], [-5, -13]], [[7107, 4908], [-2, -12], [0, -5], [2, -5], [8, -17], [2, -12], [0, -7], [0, -5], [-2, -3], [-3, -5], [0, -2], [-12, -10], [-12, -20]], [[7088, 4805], [-66, -9], [-54, 54], [-17, -89], [-78, 8], [4, -214], [-117, -41]], [[6760, 4514], [-24, 139], [-191, 5], [-20, -134], [235, -10]], [[6760, 4514], [-42, -118], [71, -125], [-97, -120], [63, -34], [-7, -125], [-159, -96], [-252, 42], [-105, -76], [-32, 37], [-193, -49], [-167, -196]], [[5840, 3654], [-366, 201], [-101, 12], [32, 63], [-64, 15], [-4, 88]], [[5337, 4033], [-47, 108], [56, 186], [76, 57], [44, 127], [164, 91], [61, 157], [135, 71], [61, 301], [100, 221]], [[5987, 5352], [86, 115], [-30, -135], [213, -88], [103, 152], [61, -189], [27, 57], [120, 22], [122, -79], [3, 66], [31, -51], [331, 120]], [[7054, 5342], [4, -10]], [[7169, 2494], [-3, -49], [-51, 17], [54, 32]], [[7293, 2595], [-166, -59], [-5, -54], [-103, 25], [-102, -62], [-22, 40], [0, -40], [-404, -242], [39, -5], [-49, -64]], [[6481, 2134], [-32, 79], [-80, -8], [2, 96], [-166, 10], [19, 80], [-83, 123], [-5, 159], [-78, 96], [-188, -10], [-306, 118], [-262, -44]], [[5302, 2833], [191, 151], [78, 111], [3, 7], [-3, 5], [-5, 0], [-9, 20], [2, 5], [7, 12], [22, 0], [3, 2], [7, 12], [3, 5], [14, 15], [5, 12], [-2, 10], [-3, 22], [0, 8], [3, 2], [10, 7], [4, 3], [3, 0], [39, 54], [12, 73], [123, 84], [7, 7], [5, 10], [10, 22]], [[5831, 3492], [24, 24], [5, 3], [49, 17], [24, 20], [5, 9], [17, 8], [8, 0], [7, -3], [15, -17], [5, -2], [78, -15], [32, -5], [80, -2], [40, -13], [17, 3], [5, 0], [4, 0], [5, -3], [3, -5], [0, -4], [-10, -3], [-2, 0]], [[6242, 3504], [0, -5], [0, -2], [-3, -8]], [[6239, 3489], [0, -5], [3, -17], [4, -12], [8, -10]], [[6254, 3445], [2, -7], [3, -5]], [[6259, 3433], [53, 37], [5, -10], [0, -12], [0, -44], [17, -10], [3, 46]], [[6337, 3440], [7, 10], [5, 15]], [[6349, 3465], [7, 2], [328, 40], [54, -67], [-5, -181], [49, -130], [25, -2], [19, 9], [29, -9], [8, 5], [2, 2], [32, -25]], [[6897, 3109], [5, -17], [-7, -19]], [[6895, 3073], [-13, -20], [-9, 0], [-3, -2], [-5, -22], [0, -3], [-7, -5], [-3, -2], [0, -3], [0, -5], [5, -2], [0, -2], [0, -3], [-2, -2], [-3, -3], [0, -2], [5, -15], [5, -7], [0, -3], [-2, -2], [-3, 0], [-2, 0], [-3, -3], [-2, -2], [0, -3], [0, -2], [2, -2], [-2, 0], [-2, -3], [-5, 0], [0, -2], [0, -3], [2, -2], [3, 0], [9, -3], [3, 0], [5, -10], [-3, -2], [-5, -5], [-5, -2], [-4, -8], [-8, -19], [-2, -8], [0, -2], [2, 0], [8, -10], [2, -12], [2, -3], [10, -4], [10, -3], [2, -2], [0, -3], [0, -5], [3, -2], [19, -10], [5, -2], [5, 0], [3, -3], [2, 0], [-2, -2], [-3, -3], [-2, 0], [0, -2], [0, -3], [0, -2], [0, -3], [2, -7], [0, -2], [-2, -3], [-15, -5], [-2, -2], [2, -3], [5, -7], [17, -12], [3, -3], [2, -2], [-2, -3], [0, -2], [-3, -5], [0, -5], [0, -2], [3, -3], [0, -2], [2, -3], [5, -2], [2, 0], [5, -3], [3, 0], [7, 3], [3, 0], [0, -3], [2, 0], [2, 0], [8, 5], [7, 3], [3, 0], [0, -3], [2, 0], [0, -2], [0, -3], [-2, 0], [0, -2], [0, -2], [4, 0], [52, 17], [12, -13], [10, 8], [2, 0], [0, -3], [3, -2], [2, 0], [5, 12], [0, 3], [2, 0], [3, -3], [2, 0]], [[7063, 2754], [3, 5], [0, 2], [2, 5]], [[7068, 2766], [-2, 3], [0, 2], [-15, 3], [-2, 5]], [[7049, 2779], [24, 14], [-5, 15]], [[7068, 2808], [79, -22]], [[7147, 2786], [137, 56]], [[7284, 2842], [46, -54], [108, -27], [-154, -68], [9, -98]], [[9106, 6170], [-59, 133], [-42, -35], [-183, 125], [-328, -240], [-61, 172], [-54, 37], [-46, -5], [-8, 0], [-2, 2], [-7, 5]], [[8316, 6364], [90, 71], [27, -2], [10, 22], [12, -5], [22, 32], [17, 9], [17, 18], [3, 0], [2, 0], [3, 2], [2, 3], [3, 2], [7, 20], [2, 9], [3, 22], [-3, 18], [0, 2], [-2, 3], [-5, 4], [-5, 3], [-15, 7], [0, 3], [-2, 0], [0, 2], [0, 5], [5, 5], [5, 10], [0, 2], [2, 8], [-2, 7], [-15, 27], [-2, 7], [0, 3], [2, 12]], [[8499, 6695], [0, 2], [3, 0]], [[8502, 6697], [0, 3], [9, 2], [27, 3]], [[8538, 6705], [69, -3], [29, -7]], [[8636, 6695], [59, 12], [68, -5], [145, -132], [27, 0]], [[8935, 6570], [26, 37], [8, -3], [5, 12], [17, 3], [7, 7], [7, 3]], [[9005, 6629], [10, -3], [20, -34], [12, -5]], [[9047, 6587], [22, 10], [7, -5]], [[9076, 6592], [10, 7], [8, 5]], [[9094, 6604], [2, -2], [2, 0], [0, -3], [5, -12], [3, -7], [0, -3], [-3, -5], [0, -2], [3, -3], [5, -2], [5, -2], [7, 9], [5, -2], [5, 0], [2, 0], [5, 5], [5, 10], [15, -15], [2, 10]], [[9162, 6580], [2, 2], [0, 3]], [[9164, 6585], [3, 2], [2, 0]], [[9169, 6587], [5, 0], [12, -7], [5, 2], [128, 103], [58, 22], [56, -34], [3, -12], [5, -10], [0, -3], [0, -2], [-5, -5], [-47, -15], [-4, -5], [0, -7], [-3, -5], [0, -2]], [[9382, 6607], [7, -13], [0, -4]], [[9389, 6590], [5, -8], [0, -5], [0, -2], [0, -3], [-2, -2], [0, -3], [-15, -7], [-14, -27], [-15, -10], [-3, -5], [0, -2], [3, -2], [5, 0], [27, 9], [17, -5], [44, -83], [144, 118], [220, 34], [20, 54], [27, -5], [5, 5], [5, 5], [7, 7], [2, 3]], [[9871, 6656], [5, 0], [3, 2]], [[9879, 6658], [2, 0], [5, 0]], [[9886, 6658], [5, -2], [19, -5]], [[9910, 6651], [13, 2], [12, -5]], [[9935, 6648], [5, -5], [12, -22]], [[9952, 6621], [17, -7], [7, -5]], [[9976, 6609], [-2, 0], [-2, 0], [-5, -2], [24, -3], [-98, -360]], [[9893, 6244], [-217, 17], [-91, -78], [-152, -35], [-200, 143], [-59, -74], [-34, -12], [-34, -35]], [[1854, 6068], [46, -20]], [[1900, 6048], [-264, -218], [-81, 7], [-139, -125], [-198, 37], [-314, -37], [8, 422], [-189, -160], [-227, -14], [-37, 125], [-230, 19], [57, 113], [-286, 382], [7, 52], [68, 17], [-27, 49]], [[48, 6717], [299, -115], [589, -128], [918, -406]], [[3852, 8707], [5, -81], [0, -5], [-3, -2], [0, -15], [-2, -29], [2, -10], [3, -8], [0, -2], [2, -2], [3, -3]], [[3862, 8550], [2, -2], [3, 0]], [[3867, 8548], [14, -8], [8, -7], [0, -2], [-3, -3], [0, -5], [-2, -5], [-3, -22], [0, -7], [3, -5], [2, -3], [7, -12], [20, -17], [46, -22]], [[3959, 8430], [10, -42], [3, -2]], [[3972, 8386], [2, -7], [20, -18]], [[3994, 8361], [2, -2], [17, -2]], [[4013, 8357], [3, -3], [10, -15]], [[4026, 8339], [2, -5], [2, -2]], [[4030, 8332], [5, 0], [8, 0], [2, -2]], [[4045, 8330], [3, -10], [4, -3]], [[4052, 8317], [3, -2], [46, -32], [22, -7], [37, -35], [69, -32], [17, -4], [17, 4], [2, 0], [3, -2], [0, -10], [2, -2], [39, -12]], [[4309, 8183], [27, -32], [39, -22], [22, -3]], [[4397, 8126], [-2, -29], [0, -5]], [[4395, 8092], [5, -3], [12, -5]], [[4412, 8084], [15, -4], [34, 14]], [[4461, 8094], [7, -24], [3, 0], [9, -3], [5, 0], [3, -2], [0, 2], [2, 0], [3, 3], [2, 2], [15, 3], [-3, -3], [-5, -5], [-9, -5], [-3, 0], [-2, -4], [-482, -1079]], [[4006, 6979], [-12, -17], [-22, -22]], [[3972, 6940], [-5, -5], [-5, -7], [0, -5], [0, -8], [0, -4], [2, -5], [10, -32], [54, -52], [12, -49]], [[4040, 6773], [10, -9]], [[4050, 6764], [-100, -363], [-781, -17]], [[3169, 6384], [-129, -5], [-167, 186], [-198, 7], [-112, -115], [-30, -137], [-168, -12], [-69, -118], [-39, 44], [-134, -88], [-162, 39], [-107, -117]], [[48, 6717], [30, 83], [132, 98], [-25, 106], [74, 259], [254, 172], [240, 42], [81, 73], [173, -44], [137, 828], [-59, 174], [-114, 98], [4, 199], [235, 15], [-39, 103], [-144, 7], [0, 172], [435, 0], [-7, 78], [68, -74], [130, 106], [78, -115], [8, -140], [53, 12], [152, -125], [179, 61], [19, -88], [98, 125], [188, 98], [13, -36], [83, 147], [168, 78]], [[2692, 9229], [177, -83], [-25, -81], [88, -209], [-37, -210], [74, -155], [-51, -44], [163, -157], [69, -7], [17, 176], [81, 62], [73, -15], [51, -76], [108, 42], [-19, 56], [88, 174], [70, 5], [233, 0]], [[7540, 7915], [-22, -61], [32, 93], [-10, -32]], [[6457, 7271], [-5, 0], [242, 193], [56, 13], [130, 171], [208, 446], [-8, 103], [59, 137]], [[7139, 8334], [56, 40], [15, -69], [25, 49], [9, -59], [69, 20], [-12, -66], [34, 58], [0, -110], [41, 66], [52, -29], [24, 47], [-17, -62], [25, 22], [5, -49], [29, 10], [-27, -24], [73, -8], [-24, -51], [32, -3], [-86, -58], [44, -40], [51, 74], [25, -49], [-76, -66], [29, 12], [-68, -196], [95, 91], [22, 107], [71, 35], [-66, -113], [157, 91], [68, -20], [13, 56], [298, -132], [108, 25], [-5, -8]], [[8228, 7925], [-3, -19], [-2, 0], [-3, 0], [0, -5], [3, -8], [2, -5], [0, -2], [10, -7], [0, -5]], [[8235, 7874], [-2, -3], [-3, -5], [-2, -12]], [[8228, 7854], [-22, -19], [-8, -18]], [[8198, 7817], [-41, -24], [-27, -42]], [[8130, 7751], [-74, -5]], [[8056, 7746], [-41, -56], [-17, -64]], [[7998, 7626], [-30, -27], [-5, -17], [-4, -5], [0, -2], [-5, -8], [-13, -7], [-9, -12], [-3, -5]], [[7929, 7543], [0, -12], [0, -5]], [[7929, 7526], [3, -5], [2, -12], [5, -5], [7, 0], [5, -5], [3, -5], [2, -10], [3, -5], [2, -5], [-2, -7], [-3, -10], [-5, -12], [-14, -12], [0, -30], [0, -5], [12, -10], [2, -9], [3, -10], [7, -5], [5, -47], [7, -14], [0, -8]], [[7973, 7295], [0, -2], [-7, -7], [-5, -30]], [[7961, 7256], [-54, -66], [-10, -5], [-2, -2]], [[7895, 7183], [0, -5], [2, -8], [-2, -5]], [[7895, 7165], [2, -4], [3, -3], [-3, -2], [-4, -8], [0, -5], [0, -39], [2, -12], [7, -7], [0, -5], [0, -5], [-2, -5]], [[7900, 7070], [0, -3], [5, -9]], [[7905, 7058], [2, -3], [10, -5], [10, -14], [29, -20], [0, -20], [3, -2], [2, -3]], [[7961, 6991], [-7, -4], [0, -3]], [[7954, 6984], [-5, -15], [0, -2], [2, -7], [0, -3], [0, -2], [-5, -3], [0, -14], [-2, -8]], [[7944, 6930], [-5, -5], [-2, -2]], [[7937, 6923], [-3, -20], [-19, -17], [-20, 0], [-15, -5], [-17, 8], [-56, -23], [-142, 30], [-188, -164], [-30, 7], [-119, -47], [-5, -2], [-15, -10]], [[7308, 6680], [-20, -12], [-9, -7]], [[7279, 6661], [-8, -10], [-127, -304]], [[7144, 6347], [-2, -7], [2, -8], [7, -15], [3, -9], [0, -22], [5, -10], [0, -32], [27, -42], [0, -5], [-3, -4], [-7, -10], [-10, -120], [-10, -8], [0, -5], [0, -5], [0, -4], [-12, -20], [-2, -5], [2, -2], [0, -5], [3, 0], [0, -3], [-3, -5], [0, -7], [-2, -5], [0, -7]], [[7142, 5982], [-15, 7], [-2, 3], [-18, 17], [-66, 12]], [[7041, 6021], [-34, 78], [-44, 32]], [[6963, 6131], [0, 8], [0, 2], [0, 2], [3, 5], [0, 3], [2, 2], [12, 3]], [[6980, 6156], [5, 14], [12, 13]], [[6997, 6183], [3, 0], [0, 2], [0, 3], [-3, 5], [-68, 39], [-20, 68], [-12, 8], [-24, 2], [-10, 5], [0, 2], [-3, 3], [3, 2], [2, 8], [3, 2]], [[6868, 6332], [22, 22], [19, 17]], [[6909, 6371], [0, 3], [-5, 19], [10, 42]], [[6914, 6435], [12, 25], [3, 5]], [[6929, 6465], [10, 7], [19, 7], [56, 3], [5, 108], [-137, -15]], [[6882, 6575], [-97, 132], [-25, 22], [-17, -2], [-5, 2]], [[6738, 6729], [10, 8], [17, 9], [5, 10], [-3, 10], [-41, 0], [-5, 12], [-12, 10], [-8, 7], [5, 8], [10, 5], [12, -3]], [[6728, 6805], [15, 22], [20, 22]], [[6763, 6849], [2, 5], [2, 15], [0, 2], [3, 3], [-3, 2], [-2, 3], [0, 2], [0, 3], [0, 14], [2, 8], [5, 7], [-5, 10], [3, 10], [7, 14], [3, 15], [0, 5], [7, 7], [2, 5], [-2, 5], [0, 5], [5, 15], [-3, 7], [8, 20], [2, 9], [-2, 5], [-8, 10], [-2, 20], [0, 34], [2, 15], [0, 12], [-7, 25], [-2, 2], [-8, 5], [5, 39], [-7, 17], [-10, 13], [-49, 22], [-2, 2], [-8, 0], [-14, 0], [-5, 0], [-15, 34], [-112, 25], [-42, -5], [-24, -34], [-22, 2], [-3, 0], [-7, -12]], [[5818, 8506], [-12, -120], [-169, -115], [96, 208], [85, 27]], [[6109, 8614], [443, -39], [-66, -201], [-76, -20], [22, -69], [-39, 32], [39, -41], [-58, -22], [-35, 39], [8, -52], [-57, 27], [5, -44], [-41, 39], [-5, -56], [-37, -12], [-14, 46], [-15, -61], [-56, 44], [-52, -22], [-10, 66], [-9, -83], [-79, 10], [-53, 110], [4, 64], [62, -25], [22, 37], [-84, 5], [15, 120], [49, -32], [-39, 79], [86, 68], [70, -7]], [[5904, 8570], [-37, 34], [69, 56], [36, -39], [-68, -51]], [[6266, 8665], [34, -19], [-22, -30], [-103, 5], [91, 44]], [[6254, 8727], [-123, -91], [-95, 42], [95, 51], [123, -2]], [[6043, 8783], [8, -61], [-44, -27], [36, 88]], [[6124, 8798], [-68, -54], [12, 54], [56, 0]], [[5642, 8352], [-22, -62], [-63, 13], [-120, -64], [110, 19], [19, -44], [350, 201], [-29, -56], [78, -157], [-49, -56], [59, 37], [51, -67], [113, 64], [41, -73], [-7, 53], [64, -29], [-15, 29], [59, 32], [-61, -230], [178, 274], [29, 13], [-46, -76], [98, 120], [58, -71], [-14, 36], [41, 13], [-44, 2], [3, 47], [39, -10], [46, 137], [88, 57], [20, -52], [39, 47], [49, -59], [-15, 59], [79, -57], [17, 35], [5, -52], [22, 44], [7, -54], [32, 49], [19, -58], [37, 19], [-39, -39], [83, 39], [-12, -46], [59, -13], [12, 47], [-15, -71], [42, 29], [2, -37]], [[6457, 7271], [7, 0], [34, -15]], [[6498, 7256], [47, 5], [41, -39], [5, -5], [8, -10], [5, -2], [0, -5], [0, -5], [-13, -15], [-24, -5], [-3, -7], [0, -15], [0, -5], [18, -17], [0, -5], [0, -5], [-27, -9], [0, -13], [12, -10], [0, -9], [-37, -15], [0, -5], [0, -17], [12, -22], [0, -3], [0, -7]], [[6542, 7011], [-31, 3], [-27, -20]], [[6484, 6994], [-3, -7], [-12, -15], [-2, -5]], [[6467, 6967], [2, -3], [0, -4]], [[6469, 6960], [2, -10], [-2, -8], [-2, -4], [-5, -3]], [[6462, 6935], [-35, -15], [-7, -5]], [[6420, 6915], [-41, -9], [-54, -37], [0, -10], [7, -32], [0, -41], [-51, -76], [0, -13], [2, -12], [7, -10], [32, -24], [10, -3], [5, -2], [0, -3]], [[6337, 6643], [0, -2], [-3, -2], [0, -5], [0, -15]], [[6334, 6619], [-4, -22], [-3, -20], [-27, -78], [-193, -243], [-49, -135]], [[6058, 6121], [-1230, 79], [-350, 19]], [[4478, 6219], [-54, 25], [-17, -5], [-10, 3]], [[4397, 6242], [-2, 2]], [[4395, 6244], [-5, 20], [-5, 7]], [[4385, 6271], [-24, 7], [-10, 0], [-8, 0], [-12, 3], [-7, 7], [0, 3], [0, 19], [-5, 15], [-127, 81], [-15, 135], [-39, 46], [-49, 128]], [[4089, 6715], [-19, 31], [-30, 27]], [[4040, 6773], [-5, 40], [-7, 9]], [[4028, 6822], [-54, 52], [-10, 32], [-2, 5], [0, 4], [0, 8], [0, 5], [5, 7], [5, 5], [34, 39], [482, 1079], [2, 4], [3, 0], [9, 5], [5, 5], [3, 3], [-15, -3], [-2, -2], [-3, -3], [-2, 0], [0, -2], [-3, 2], [-5, 0], [-9, 3], [-3, 0], [-7, 24], [-49, -10], [-17, 8]], [[4395, 8092], [5, 29], [-3, 5]], [[4397, 8126], [-88, 57], [-39, 12], [-2, 2], [0, 10], [-3, 2], [-2, 0], [-17, -4], [-17, 4], [-69, 32], [-37, 35], [-22, 7]], [[4101, 8283], [-22, 20], [-5, 2], [-19, 10]], [[4055, 8315], [-3, 2], [-7, 13], [-2, 2], [-8, 0], [-5, 0], [-4, 7], [-10, 15], [-3, 3], [-19, 4], [-20, 18], [-2, 7], [-13, 44], [-46, 22], [-20, 17], [-7, 12], [-2, 3], [-3, 5], [0, 7]], [[3881, 8496], [3, 12], [0, 10]], [[3884, 8518], [2, 5], [0, 5], [3, 3], [0, 2], [-8, 7], [-14, 8], [-5, 2], [-3, 3], [-2, 2], [0, 2], [-3, 8], [-2, 10], [2, 29], [0, 15], [3, 2], [0, 5], [-5, 81]], [[3852, 8707], [-27, 279]], [[3825, 8986], [2, -2], [5, -3], [5, -2], [8, -17], [17, -10], [80, 22], [52, 86], [76, -22], [237, 130], [296, -44], [7, 49], [-59, 54], [47, 71], [63, -35], [196, 54], [49, -39]], [[4906, 9278], [10, -176], [95, -3], [240, -130], [235, -544], [63, -68], [93, -5]], [[3169, 6384], [32, -35], [-29, -107], [37, -432], [269, 3], [112, -35], [25, -61], [-47, -93], [74, -169], [-135, -265], [-83, -64]], [[3424, 5126], [-83, 49], [-196, -27], [-73, 101], [-172, 32], [-85, 91], [-323, 36], [-25, 54], [-134, 61], [-91, 152], [-22, 439], [-320, -66]], [[7142, 5982], [31, -5], [18, 0]], [[7191, 5977], [-8, -5], [-7, -20], [-7, -9], [-64, -30], [-56, -44], [0, -2], [0, -5], [7, -5], [0, -8], [10, -12], [0, -2], [0, -3], [0, -2], [-5, -3], [-17, -5], [-12, -7], [-25, -54], [-17, -15], [-7, -9], [-5, -10], [0, -3], [0, -2], [0, -2], [5, -10], [27, -30], [88, -29], [2, -3], [-2, -4], [0, -5], [-5, -5], [-3, -3], [-2, -2], [-17, -5], [-13, -5], [-2, -2], [-5, -5], [-2, -3], [0, -2], [2, -12], [3, -5]], [[7054, 5590], [2, -3], [15, 5]], [[7071, 5592], [2, 0], [5, -2], [5, -3], [12, -7], [5, -10], [0, -2], [-2, -3], [-5, -2], [-8, -8], [-2, 0], [-15, -5], [-5, -2], [-9, -12], [-3, -3], [-17, -10], [-2, -2], [0, -5], [-3, -56], [0, -3], [3, -12], [2, -5], [2, -2]], [[7036, 5438], [3, -3], [7, -5], [20, -5]], [[7066, 5425], [5, -2], [0, -2], [2, 0], [0, -3], [0, -24]], [[7073, 5394], [-19, -30], [-3, -5], [-2, -7], [2, -5]], [[7051, 5347], [3, -5]], [[5987, 5352], [-49, 61], [-12, 294], [132, 414]], [[6058, 6121], [49, 135], [193, 243], [27, 78], [3, 20], [4, 22], [3, 24], [0, 3], [-5, 2], [-10, 3], [-32, 24], [-7, 10], [-2, 12], [0, 13], [51, 76]], [[6332, 6786], [0, 7], [0, 34]], [[6332, 6827], [-7, 32], [0, 10], [54, 37], [41, 9], [42, 20], [5, 3], [2, 4], [2, 8], [-2, 10], [-2, 7], [2, 5], [12, 15], [3, 7], [58, 17], [0, 7], [0, 3]], [[6542, 7021], [-2, 2], [-5, 5], [-5, 15]], [[6530, 7043], [0, 17], [0, 5], [37, 15], [0, 9], [-12, 10], [0, 13]], [[6555, 7112], [22, 7], [5, 2]], [[6582, 7121], [0, 5], [0, 5], [-18, 17], [0, 5], [0, 15], [3, 7], [24, 5], [13, 15], [0, 5], [0, 5], [-5, 2], [-8, 10], [-5, 5]], [[6586, 7222], [-22, 7], [-19, 32]], [[6545, 7261], [-47, -5], [-41, 15]], [[6457, 7271], [7, 12], [3, 0], [22, -2], [24, 34], [42, 5], [112, -25], [15, -34], [5, 0], [14, 0], [8, 0], [2, -2]], [[6711, 7259], [25, -13], [9, -7], [15, -2]], [[6760, 7237], [10, -13], [7, -17], [-5, -39], [8, -5], [2, -2]], [[6782, 7161], [0, -13], [7, -12]], [[6789, 7136], [0, -12], [-2, -15], [0, -34], [2, -20], [8, -10], [2, -5], [-2, -9], [-8, -20], [3, -7], [-5, -15], [0, -5], [2, -5], [-2, -5], [-7, -7], [0, -5], [-3, -15], [-7, -14], [-3, -10], [5, -10], [-5, -7], [-2, -8], [0, -14], [0, -3], [0, -2], [2, -3], [3, -2], [-3, -3], [0, -2], [-2, -15], [-2, -5]], [[6763, 6849], [-3, -7], [-32, -37]], [[6728, 6805], [-12, 3], [-10, -5], [-5, -8], [8, -7], [12, -10], [5, -12], [41, 0], [3, -10], [-5, -10], [-17, -9], [-10, -8], [144, -154], [137, 15], [-5, -108], [-56, -3], [-19, -7], [-10, -7], [-15, -30]], [[6914, 6435], [-5, -29], [-5, -13]], [[6904, 6393], [5, -19], [0, -3], [-41, -39], [-3, -2], [-2, -8], [-3, -2], [3, -3], [0, -2], [10, -5], [24, -2], [12, -8], [20, -68], [68, -39], [3, -5], [0, -3], [0, -2], [-3, 0], [-17, -27], [-12, -3], [-2, -2], [0, -3], [-3, -5], [0, -2], [0, -2], [0, -8], [78, -110], [101, -39]], [[5840, 3654], [-9, -162]], [[5831, 3492], [-10, -22], [-5, -10], [-7, -7], [-123, -84], [-12, -73], [-39, -54], [-3, 0], [-4, -3], [-10, -7], [-3, -2], [0, -8], [3, -22], [2, -10], [-5, -12], [-14, -15], [-3, -5], [-7, -12], [-3, -2], [-22, 0], [-7, -12], [-2, -5], [9, -20], [5, 0], [3, -5], [-3, -7]], [[5571, 3095], [-24, -17], [-15, -30], [-22, -17], [-17, -47]], [[5493, 2984], [-144, -90], [-47, -61]], [[5302, 2833], [-76, -32], [-24, -20], [-32, -100], [-7, -8], [-27, -17], [-20, -7], [-4, -5], [0, -3], [0, -9], [-15, -54], [-8, -30], [-2, -34], [-5, -5], [-19, -10], [-8, -7], [-10, -5]], [[5045, 2487], [-92, 64], [-169, -49], [-66, 345], [-57, 88], [-85, 3], [-47, 51], [-105, -58], [-271, 51], [34, 289], [-88, 199], [71, 49], [-64, 63], [152, 388], [-66, 127]], [[4192, 4097], [63, -54], [93, 49], [79, 115], [156, 37], [233, -127], [139, 49], [117, -32], [108, 95], [-71, -174], [228, -22]], [[7088, 4805], [0, -2], [0, -3], [2, -7], [0, -5], [3, -2], [5, -10], [0, -2], [0, -3], [0, -2], [-3, -3], [-2, -2], [-5, -10], [-3, -10], [-5, -10], [-9, -19]], [[7071, 4715], [-3, -5], [3, 0]], [[7071, 4710], [0, -3], [2, 0], [3, 3], [7, 5], [15, 7], [12, 15], [44, -5], [49, 51], [36, 5], [22, 15], [13, 12], [10, 10], [4, 5], [3, 2], [17, 3], [2, -3], [3, 3], [5, 0], [56, 29]], [[7374, 4864], [12, 20], [34, 19], [10, 10], [8, 3], [4, 5], [8, 2], [2, 2]], [[7452, 4925], [5, 0], [22, 8], [17, 7], [8, 3], [2, 0], [12, 7]], [[7518, 4950], [20, -5], [5, 5]], [[7543, 4950], [12, -7], [17, -3], [3, 0], [2, 0], [5, -2], [7, -3], [8, 5], [12, -10], [7, 0], [7, 0], [3, 0], [5, -2], [2, -3], [5, 0], [10, -4], [0, -3], [-12, -19], [-3, -13], [-5, -7], [-5, -15], [0, -5], [3, -5], [0, -2], [0, -2], [0, -3], [0, -5], [0, -2], [0, -3], [7, -7], [83, -30], [15, 3], [7, 10], [3, 0], [0, 2], [2, 3], [3, 2], [27, 12], [7, 3], [7, 2], [10, 0], [5, -2], [7, -3], [5, -2], [39, -7], [208, -143], [35, 0], [24, 13], [7, 0], [3, 0], [2, 2], [105, -108], [3, -59], [2, -4], [8, 0], [36, -13], [13, 5], [9, 3], [8, 2], [22, 15]], [[8338, 4536], [68, -17], [105, -35]], [[8511, 4484], [5, -9], [8, -5], [0, -5]], [[8524, 4465], [2, 0], [7, 0], [8, -5]], [[8541, 4460], [22, -25], [17, -2], [12, -17], [0, -3]], [[8592, 4413], [0, -5], [5, -9]], [[8597, 4399], [0, -3], [-2, -2], [-5, -3], [0, -2], [-3, -3], [-5, -7], [-2, -17], [-3, -8], [-4, -4], [-30, -20]], [[8543, 4330], [-19, -25], [-3, -4], [0, -5], [-2, -3]], [[8519, 4293], [0, -2], [-3, 0], [-10, 2], [-17, -7], [-2, -5], [0, -3], [0, -9], [-3, -10], [-2, -17], [7, -25], [-17, -10], [-24, 0], [-15, 8], [-2, -3], [-3, -2], [0, -3], [-7, -4], [0, -3], [-3, -2], [-14, -49], [0, -3], [2, -12], [0, -3], [0, -2], [-2, -2], [0, -3], [0, -2], [0, -5], [0, -3], [0, -2], [-3, -3], [-5, -2], [-2, -5], [0, -2], [-2, -13], [-3, -7], [0, -2], [3, -3], [2, 0], [2, -2], [0, 2], [8, 7], [10, 3], [0, -3], [0, -2], [-5, -5], [0, -2], [-3, 0], [0, -3], [3, -2], [7, 2], [5, -7], [0, -3], [0, -2], [-5, -10], [0, -2], [0, -3], [0, -7], [0, -3], [20, -2], [7, -20], [12, -9], [7, -13], [10, -7], [5, -3], [5, -4], [2, -8], [0, -5], [0, -7], [-2, -5], [0, -2], [-2, -3], [-3, -5], [-2, -2], [0, -3], [-3, 0], [0, -5], [5, -12]], [[8477, 3918], [-2, 3], [-5, 2], [-8, 5], [-36, 15], [0, 2], [-3, 0], [0, 5], [-5, -12], [-2, -3], [-5, 3], [-2, 0], [-5, 5], [-3, 2], [-36, -12], [-15, 2], [-3, 0], [-4, -2], [-3, 0], [-5, -3], [-29, 8]], [[8306, 3938], [0, -5], [32, -37]], [[8338, 3896], [0, -12], [-3, 0], [-2, -3], [-12, 3], [-22, 15], [-32, -18]], [[8267, 3881], [-17, -22], [-5, -4]], [[8245, 3855], [-3, 0], [0, -3], [0, -5], [3, -2], [0, -3], [0, -5], [-5, -9], [15, 7], [14, -12], [0, -3], [3, -2], [2, -3], [0, -2], [0, -5], [0, -3], [-2, -19], [-5, -12]], [[8267, 3774], [-3, -15], [0, -3]], [[8264, 3756], [0, -2], [3, 0], [2, -2], [12, 0], [5, -5], [3, -25], [0, -2], [-3, -3], [-2, -2], [-5, -5], [-34, 2], [-3, 0], [0, 5], [-14, 3], [-8, -3], [-5, 0], [-2, -2], [-2, 0], [0, -3], [0, -2], [0, -3], [2, -2], [2, -5], [3, -2], [2, -3], [5, -2], [17, 2], [10, -12]], [[8252, 3683], [0, -29], [7, -5], [13, -15], [5, -7]], [[8277, 3627], [-3, -32], [3, -5], [0, -3], [-3, -7], [0, -7], [0, -3], [-7, -14], [0, -3], [0, -2], [0, -5], [0, -3], [-3, -2], [-5, -5], [-2, -3], [-2, 0], [-10, 5], [2, -17], [-2, -2], [-8, -8], [-2, -2], [-5, 0], [0, -2], [-2, -3], [-3, -2], [-10, -5], [-2, -3], [-10, -51], [-32, -22], [-12, -44], [-7, -15], [0, -3], [-86, 3], [-7, -5], [-5, -12], [-2, -3], [-15, -7], [0, -2], [-3, -3], [-2, -2], [0, -3], [0, -2], [0, -3], [2, -2], [0, -5], [3, -3], [7, -4]], [[8044, 3306], [-2, -10], [0, -8], [0, -7], [0, -2]], [[8042, 3279], [-5, -5], [-5, -10], [-5, -7], [0, -3], [3, 0], [2, 0], [2, 0], [3, 0], [0, -2], [0, -3]], [[8037, 3249], [-5, -7], [-2, -3]], [[8030, 3239], [-8, -12], [0, -2], [-2, 0], [0, -3], [-3, 0], [0, -2], [5, -3]], [[8022, 3217], [-2, -5], [-3, 0], [-9, -2], [-3, -5], [0, -2], [0, -3], [-5, -7], [-5, -10], [-2, -2]], [[7993, 3181], [-3, 0], [-5, -3]], [[7985, 3178], [-4, 5], [-3, 0], [-2, -2], [-5, 0], [-5, 2], [-12, -7]], [[7954, 3176], [-3, -8], [3, -2], [7, -5]], [[7961, 3161], [-22, -37], [-15, -46], [-12, -10], [-2, -3], [-25, -51], [0, -7], [-2, -3], [2, -2], [5, 0], [3, -3], [9, 0], [5, -5], [3, -2], [0, -3], [-3, -2], [-2, -7], [-181, -64], [-12, -15], [-10, 0], [-3, 0], [-5, -5], [-2, 0], [-152, 20], [-112, -44], [-12, 5], [-27, -3], [-3, 0], [-2, 3], [-3, 0]], [[7381, 2877], [-151, -47], [-83, -44]], [[7147, 2786], [-79, 22], [-19, -29], [2, -5], [15, -3], [0, -2], [2, -3], [-5, -12], [-2, 0], [-3, 3], [-2, 0], [0, -3], [-5, -12], [-2, 0], [-3, 2], [0, 3], [-2, 0], [-10, -8], [-12, 13], [-52, -17], [-4, 0], [0, 2], [0, 2], [2, 0], [0, 3], [0, 2], [-2, 0], [0, 3], [-3, 0], [-7, -3], [-8, -5], [-2, 0], [-2, 0], [0, 3], [-3, 0]], [[6941, 2742], [-5, -3], [-2, 0]], [[6934, 2739], [-3, 0], [-5, 3], [-2, 0], [-5, 2], [-2, 3], [0, 2], [-3, 3], [0, 2], [0, 5], [3, 5], [0, 2], [2, 3], [-2, 2], [-3, 3], [-17, 12], [-5, 7], [-2, 3], [2, 2], [15, 5], [2, 3], [0, 2], [-2, 7], [0, 3], [0, 2], [0, 3], [0, 2], [2, 0], [3, 3], [2, 2], [-2, 0], [-3, 3], [-5, 0], [-5, 2], [-19, 10], [-3, 2], [0, 5], [0, 3], [-2, 2], [-10, 3], [-10, 4], [-2, 3], [-2, 12], [-8, 10], [-2, 0], [0, 2], [2, 8], [8, 19], [4, 8], [5, 2], [5, 5], [3, 2], [-5, 10], [-3, 0], [-9, 3], [-3, 0], [-2, 2], [0, 3], [0, 2], [5, 0], [2, 3], [2, 0], [-2, 2], [0, 2], [0, 3], [2, 2], [3, 3], [2, 0], [3, 0], [2, 2], [0, 3], [-5, 7], [-5, 15], [0, 2], [3, 3], [2, 2], [0, 3], [0, 2], [-5, 2], [0, 5], [0, 3], [3, 2], [7, 5], [0, 3], [5, 22], [3, 2], [9, 0], [13, 20], [2, 36], [-32, 25], [-2, -2], [-8, -5], [-29, 9], [-19, -9], [-25, 2], [-49, 130], [5, 181], [-54, 67], [-328, -40], [-7, -2], [-12, -25]], [[6337, 3440], [0, -2], [2, -7], [0, -15], [3, -15], [-8, -7]], [[6334, 3394], [-17, 10]], [[6317, 3404], [0, 22], [0, 22]], [[6317, 3448], [0, 12], [-5, 10], [-53, -37], [-5, 12], [-8, 10], [-4, 12]], [[6242, 3467], [-3, 5], [0, 12]], [[6239, 3484], [0, 5], [3, 15], [2, 0], [10, 3], [0, 4], [-3, 5], [-5, 3], [-4, 0], [-5, 0], [-17, -3], [-40, 13], [-80, 2], [-32, 5], [-78, 15], [-5, 2], [-15, 17], [-7, 3], [-8, 0], [-17, -8], [-5, -9], [-24, -20], [-49, -17], [-5, -3], [-24, -24]], [[4192, 4097], [-25, 54], [-144, 71], [7, 245], [-447, -7], [-27, 201], [-86, 95], [76, 8], [-37, 282], [-85, 80]], [[4050, 6764], [39, -49]], [[4089, 6715], [49, -128], [39, -46], [15, -135], [127, -81], [5, -15], [0, -19], [0, -3]], [[4324, 6288], [2, -5], [5, -2]], [[4331, 6281], [8, -3], [4, 0]], [[4343, 6278], [8, 0], [10, 0], [24, -7], [10, -27], [2, -2]], [[4397, 6242], [5, -3], [76, -20]], [[5474, 1654], [9, 2], [8, -5]], [[5491, 1651], [2, 3]], [[5493, 1654], [-2, 5], [0, 5]], [[5491, 1664], [2, 2], [7, 0], [5, -2], [3, -3], [-3, -2], [-5, 0], [0, -3], [3, -5], [2, -5], [3, 0], [7, 8], [5, 5], [17, -15], [3, -3], [17, 0]], [[5557, 1641], [2, -7], [10, -2]], [[5569, 1632], [5, -5], [-8, 0], [-4, 0], [-3, 0], [12, -10], [5, -5], [-5, -5], [3, 0], [2, 0], [5, 5], [0, -5], [3, -7], [2, -5], [2, -3], [3, 3], [2, 10], [3, -3], [0, -2], [-3, -5], [8, -3], [2, 0], [7, 0], [0, 8], [15, -5], [10, 7], [2, 0], [0, -2], [0, -3], [3, 0], [2, -2], [8, 5], [2, -12], [7, 2]], [[5659, 1590], [3, 0], [0, -12]], [[5662, 1578], [19, 2], [8, -12], [5, -2], [2, -3], [3, -7], [7, 7], [2, 0], [3, -5], [0, -5], [5, -2], [2, 0], [5, -3]], [[5723, 1548], [0, -2], [0, -3], [-2, -2]], [[5721, 1541], [2, -2], [2, -3], [3, 0], [7, -10], [3, 0], [2, 0], [3, 0], [2, 0], [24, -14]], [[5769, 1512], [42, -54], [5, -25]], [[5816, 1433], [2, -2], [3, 0], [2, 2], [10, -2], [10, -27], [2, -3], [5, -2], [3, -3], [17, -29], [17, -12], [73, -10], [5, -2], [7, -8], [93, 0], [3, -10], [7, -5], [0, -17], [0, -2], [-2, -3], [-3, 0], [-9, 3], [-3, 0], [-5, -5], [-7, -12], [-3, -3], [-2, -2], [-15, -5], [-2, 0], [0, -3], [0, -2], [0, -2], [0, -3], [0, -2], [-3, -3], [-2, 0], [0, -2], [-2, 0], [0, -3], [-3, -10], [0, -4]], [[6014, 1240], [3, -25], [0, -2]], [[6017, 1213], [-8, -20], [-5, -7], [0, -3], [0, -7], [-2, 0], [-5, 0], [-3, -3], [-7, 5], [-7, -14], [-8, -5], [-4, -5], [-3, 0], [0, -3], [3, -9], [-3, -8], [0, -2], [0, -3], [0, -2]], [[5965, 1127], [3, -3], [14, -5]], [[5982, 1119], [3, 0], [0, -2], [5, -5], [2, 0], [2, 5], [0, 2], [0, 3], [0, 2], [-12, 10], [0, 3], [3, 2], [9, 3], [3, 2], [7, 2], [5, 0], [3, 3], [2, 2], [5, 0], [12, -7], [3, 0], [2, -2], [7, -10], [15, -8], [5, -7], [2, 0]], [[6065, 1117], [-210, -395], [-125, -149], [-208, -172], [0, 86], [54, -7], [132, 98], [22, 98], [39, -15], [3, 61], [64, 42], [-5, 93], [36, -24], [-9, 68], [-74, -61], [-73, 110], [-12, -54], [51, -34], [-42, -110], [-22, 37], [-17, -113], [-117, -61], [-64, -130], [32, -84], [-117, -240], [-172, -161], [-27, 147], [93, 115], [-97, 71], [-42, 100], [-186, 152], [-142, 54], [-78, 101], [-91, -62], [-2, 74], [-186, 174], [-90, -52], [-84, 27], [375, 473], [46, -5], [-17, 42], [166, 101], [52, 83], [117, 24], [93, 81], [10, -12]], [[5141, 1688], [37, 3], [4, -15], [18, 10], [4, 0], [10, -5], [5, 0], [0, 5], [0, 7], [0, 5], [3, 2], [26, 13], [20, -35], [61, 30], [3, 0], [2, -3], [-5, -12], [3, 0], [2, 0], [3, -2], [0, -5], [0, -3], [-5, -5], [0, -2], [2, -3], [5, 0], [2, 8], [5, 7], [0, -7], [5, -3], [3, 0], [5, 5], [2, 3], [2, 2], [5, 0], [3, -5], [2, -5], [20, -12], [2, 2], [3, 0], [2, -2], [3, -7], [48, 5], [0, 2], [3, 2], [2, 3], [0, 2], [3, 0], [0, -2], [2, -3], [0, -2], [3, -5], [2, -2], [5, 7], [3, -12]], [[6481, 2134], [-34, -37], [24, 44], [-48, -17], [2, 32], [-37, -61], [-61, 34], [86, -59], [-44, -71], [-54, -2], [41, -32]], [[6356, 1965], [-122, 2], [-103, -56], [-88, 59], [-149, 5], [-36, -59], [-111, -17], [-48, -98], [-517, 120]], [[5182, 1921], [-56, 162], [-49, 34], [-76, -52], [-39, 64], [66, 341], [17, 17]], [[5045, 2487], [10, 5], [8, 7], [19, 10], [5, 5], [2, 34], [8, 30]], [[5097, 2578], [2, 14], [13, 40]], [[5112, 2632], [0, 9], [0, 3], [4, 5], [20, 7], [27, 17], [7, 8], [32, 100], [24, 20], [76, 32]], [[6354, 1852], [-27, 30], [37, 36], [-10, -66]], [[6356, 1965], [-22, -64], [-26, 39], [61, -276], [-79, -341], [-24, 37], [24, -47], [-225, -196]], [[6065, 1117], [-2, 0], [-5, 7], [-15, 8], [-7, 10], [-2, 2], [-3, 0], [-12, 7], [-5, 0], [-2, -2], [-3, -3], [-5, 0], [-7, -2], [-3, -2], [-9, -3], [-3, -2], [0, -3]], [[5982, 1134], [10, -7], [2, -3]], [[5994, 1124], [0, -2], [0, -3], [0, -2], [-2, -5], [-2, 0]], [[5990, 1112], [-3, 0], [-2, 5]], [[5985, 1117], [0, 2], [-3, 0], [-17, 8], [0, 2], [0, 3], [0, 2], [3, 8]], [[5968, 1142], [0, 4], [-3, 5]], [[5965, 1151], [0, 3], [3, 0], [4, 5], [8, 5], [7, 14], [7, -5], [3, 3], [5, 0], [2, 0]], [[6004, 1176], [0, 2], [0, 5]], [[6004, 1183], [0, 3], [5, 7], [8, 20], [-3, 27], [0, 4], [3, 10], [0, 3], [2, 0], [0, 2], [2, 0], [3, 3], [0, 2], [0, 3], [0, 2], [0, 2], [0, 3], [2, 0], [15, 5], [2, 2], [3, 3], [7, 12], [5, 5], [3, 0], [9, -3], [3, 0], [2, 3], [0, 2]], [[6075, 1303], [-2, 10], [0, 3], [2, 4]], [[6075, 1320], [-7, 5], [-3, 10], [-93, 0], [-7, 8], [-5, 2], [-73, 10], [-17, 12], [-17, 29], [-3, 3], [-5, 2], [-2, 3], [-10, 27], [-10, 2], [-2, -2], [-3, 0], [-2, 2], [-47, 79], [-24, 14], [-2, 0], [-3, 0], [-2, 0], [-3, 0], [-7, 10], [-3, 0], [-2, 3], [-2, 2], [2, 7], [-5, 3], [-2, 0], [-5, 2], [0, 5], [-3, 5], [-2, 0], [-7, -7], [-3, 7], [-2, 3], [-5, 2], [-8, 12], [-19, -2], [-3, 12], [-7, -2]], [[5652, 1588], [0, 9], [-2, 3]], [[5650, 1600], [-8, -5], [-2, 2], [-3, 0], [0, 3], [0, 2], [-2, 0], [-10, -7], [-15, 5], [0, -8], [-7, 0], [-2, 0], [-8, 3], [3, 5], [0, 2], [-3, 3], [-2, -10], [-3, -3], [-2, 3], [-2, 5], [-3, 7], [0, 5], [-5, -5], [-2, 0], [-3, 0], [5, 5], [-5, 5], [-12, 10], [3, 0], [4, 0], [8, 0], [-5, 5], [-12, 9], [-17, 0], [-3, 3], [-17, 15], [-5, -5], [-7, -8], [-3, 0], [-2, 5], [-3, 5], [0, 3], [5, 0], [3, 2], [-3, 3], [-5, 2], [-7, 0], [-2, -2], [2, -10], [-2, -3], [-17, 3], [-3, 12], [-5, -7], [-2, 2], [-3, 5], [0, 2], [-2, 3], [0, 2], [-3, 0], [0, -2], [-2, -3], [-3, -2], [0, -2], [-48, -5], [-3, 7], [-2, 2], [-3, 0], [-2, -2], [-20, 12], [-2, 5], [-3, 5], [-5, 0], [-2, -2], [-2, -3], [-5, -5], [-3, 0], [-5, 3], [0, 7], [-5, -7], [-2, -8], [-5, 0], [-2, 3], [0, 2], [5, 5], [0, 3], [0, 5], [-3, 2], [-2, 0], [-3, 0]], [[5329, 1693], [-2, 5], [2, 2], [5, 5]], [[5334, 1705], [-2, 3], [-3, 0], [-61, -30], [-20, 35], [-26, -13], [-3, -2], [0, -5], [0, -7], [0, -5], [-5, 0], [-10, 5], [-4, 0], [-18, -10], [-4, 15], [-37, -3]], [[5141, 1688], [29, 66], [-14, 49], [26, 118]], [[9059, 6955], [-58, -140], [51, -105], [-15, -32], [-12, -8], [-2, -17], [-18, -17], [-2, -5], [2, -2]], [[9005, 6629], [-70, -59], [-27, 0], [-145, 132], [-68, 5], [-59, -12], [-98, 10]], [[8538, 6705], [3, 19], [-13, 32], [47, 98], [-93, 93], [-108, 490], [42, 94], [-88, 215], [51, 113]], [[8379, 7859], [0, 34], [326, 5], [384, -230], [208, -240], [90, -40], [5, -7], [10, -22]], [[9402, 7359], [-127, -59], [-86, -144], [-10, -40], [-5, -7], [-7, -10], [0, -2], [0, -3], [0, -7], [-3, -2]], [[9164, 7085], [-2, -3], [-42, -46]], [[9120, 7036], [-17, -5], [-14, 7], [-10, -5], [-15, -24], [-5, -5], [-2, -3], [0, -5], [-3, -2], [0, -3], [-5, -2], [-2, -2], [-2, -3], [0, -2], [0, -5], [0, -8], [0, -5], [0, -2], [-5, -7], [0, -3], [7, -2], [7, 0], [5, 5]], [[8538, 6705], [-27, -3], [-9, -2], [0, -3], [-3, -2], [-2, -12], [0, -3], [2, -7], [15, -27], [2, -7], [-2, -8], [0, -2], [-5, -10], [-5, -5], [0, -5], [0, -2], [2, 0], [0, -3], [15, -7], [5, -3], [5, -4], [2, -3], [0, -2], [3, -18], [-3, -22], [-2, -9], [-7, -20], [-3, -2], [-2, -3], [-3, -2], [-2, 0], [-3, 0], [-17, -18], [-17, -9], [-22, -32], [-12, 5], [-10, -22], [-27, 2]], [[8406, 6435], [-49, -51], [-19, -10], [-22, -10]], [[8316, 6364], [-35, -59], [-14, -7], [-15, 2], [-15, -5], [-17, 0], [-2, 0]], [[8218, 6295], [0, -4], [2, -35], [-31, -29]], [[8189, 6227], [-120, -12], [-79, -64], [-210, 76], [-42, -10], [-19, -27], [-20, 5], [-9, 2], [-3, -2], [-2, -2], [-3, -10], [3, -5], [12, -17], [10, -44], [12, -18], [0, -12], [0, -2], [0, -3], [-7, -17], [0, -2], [0, -3], [2, -10], [0, -5], [0, -2], [0, -5], [-2, -5]], [[7712, 6033], [-3, -2], [-10, -12]], [[7699, 6019], [-2, -5]], [[7697, 6014], [0, -8], [0, -2]], [[7697, 6004], [0, -3], [-3, 0]], [[7694, 6001], [-7, -5], [0, -2], [-19, -39], [-10, -5]], [[7658, 5950], [0, -10], [-3, -2]], [[7655, 5938], [0, -3], [-2, 0]], [[7653, 5935], [-3, -2]], [[7650, 5933], [-2, 0], [-2, 0]], [[7646, 5933], [-3, 0], [-2, 0], [-5, -3], [-32, -34]], [[7604, 5896], [-5, -2], [-2, 0]], [[7597, 5894], [-20, -5]], [[7577, 5889], [0, -3], [-5, 3]], [[7572, 5889], [-17, 7], [-24, 2], [-5, 0], [-10, -4], [-7, -3], [-10, 0], [-3, 0], [0, -2], [-2, 0], [-7, -10], [-13, -5], [-7, -12], [-25, -8], [-9, -22]], [[7433, 5832], [-3, 0], [0, -2]], [[7430, 5830], [-2, 0], [-3, -3]], [[7425, 5827], [-2, 0], [-5, 0]], [[7418, 5827], [-27, 5], [-27, -7], [-22, 10], [-14, 10], [-13, 2], [-7, 7], [-10, 3], [-2, 2], [-27, 42], [-10, 39], [-24, 29], [-5, 5], [-39, 3]], [[7144, 6347], [12, 29], [42, 47], [51, 115], [10, 76], [20, 47]], [[7279, 6661], [29, 19], [15, 10], [5, 2]], [[7328, 6692], [26, 3], [20, 7], [20, 5], [29, 12], [24, 20]], [[7447, 6739], [30, -7], [188, 164], [142, -30], [56, 23], [17, -8], [15, 5]], [[7895, 6886], [15, -2], [5, 2]], [[7915, 6886], [4, 3], [15, 14]], [[7934, 6903], [3, 5], [0, 15]], [[7937, 6923], [7, 7], [2, 8], [0, 14], [5, 3], [0, 2], [0, 3], [-2, 7], [0, 2], [5, 15], [7, 7], [-2, 3], [-3, 2], [0, 20], [-29, 20], [-10, 14], [-10, 5], [-2, 3], [-5, 12], [2, 5], [0, 5], [0, 5], [-7, 7], [-2, 12], [0, 39], [0, 5], [4, 8], [3, 2], [-3, 3], [-2, 4], [0, 18], [2, 2], [10, 5], [54, 66], [12, 39], [0, 8], [-7, 14], [-5, 47], [-7, 5], [-3, 10], [-2, 9], [-12, 10], [0, 5]], [[7937, 7403], [0, 5], [4, 5], [-4, 20]], [[7937, 7433], [14, 12], [5, 12], [3, 10], [2, 7], [-2, 5], [-3, 5], [-2, 10], [-3, 5], [-5, 5], [-7, 0], [-5, 5], [-2, 12], [-3, 5], [0, 17], [3, 5], [9, 12], [13, 7], [5, 8], [0, 2], [4, 5], [5, 17], [30, 27], [58, 120], [74, 5], [68, 66], [8, 18], [22, 19], [7, 20], [0, 5], [-10, 7], [0, 2], [-2, 5], [-3, 8], [0, 5], [3, 0], [2, 0], [3, 19]], [[8228, 7925], [9, 5], [35, -37], [85, -12], [22, -22]], [[9162, 6114], [0, 5], [-2, 10]], [[9160, 6129], [-3, 0], [-12, 7], [-7, 3], [-22, 7], [-3, 2], [-7, 22]], [[9106, 6170], [12, 8], [10, 7], [12, 20]], [[9140, 6205], [34, 12], [59, 74], [200, -143], [152, 35], [91, 78], [217, -17]], [[9893, 6244], [-149, -199], [-66, 23], [39, -32], [-164, -201]], [[9553, 5835], [-139, 149], [-252, 130]], [[8881, 5104], [-8, -73], [-29, 56], [37, 17]], [[9106, 6170], [7, -17], [0, -5]], [[9113, 6148], [3, -2], [22, -7], [7, -3], [12, -7], [3, 0], [2, -15]], [[9162, 6114], [-2, -2]], [[9160, 6112], [-3, -3], [-5, -12]], [[9152, 6097], [-2, -3], [0, -2], [0, -2], [5, -3], [5, -2], [2, 0], [0, -3], [0, -2], [-2, -3], [-3, -9], [-2, -3], [-3, -2], [0, -3], [0, -2], [15, -35]], [[9167, 6023], [15, -12], [2, -10], [17, -19], [10, -17], [2, -5]], [[9213, 5960], [0, -3], [-2, -14], [0, -13], [-3, -24], [-4, -12], [-10, -13], [0, -5], [-3, -2]], [[9191, 5874], [5, -17], [-2, -22]], [[9194, 5835], [2, -5], [5, -3], [0, -2], [3, -3], [0, -2], [-3, -5], [0, -2], [-22, -15], [-32, -10], [-49, 15], [-4, -8], [-10, -22], [0, -2], [0, -2], [0, -8], [0, -2], [12, -17], [2, -10], [18, -15], [9, -37], [17, -14], [3, -5], [0, -5], [0, -5], [-5, -7], [0, -5], [-2, -5], [0, -3], [0, -2], [0, -3], [0, -2]], [[9138, 5624], [19, -12], [7, 2], [10, -10], [12, -22]], [[9186, 5582], [32, -14], [10, 12], [15, -5], [7, 0], [17, 5]], [[9267, 5580], [8, -3], [22, 18], [-262, -380], [-56, -17], [12, 75], [-44, 45], [-34, -69], [-27, 27], [14, -29], [35, -10], [-93, -133], [12, -117], [-39, 29], [36, -37], [-17, -80], [32, 71], [-46, -204], [29, -314], [-113, -338], [8, -137], [-142, -159]], [[8602, 3818], [-125, 100]], [[8477, 3918], [-5, 12], [0, 5], [3, 0], [0, 3], [2, 2], [3, 5], [2, 3], [0, 2], [2, 5], [0, 7], [0, 5], [-2, 8], [-5, 4], [-5, 3], [-10, 7], [-7, 13], [-12, 9], [-7, 20], [-20, 2], [0, 3], [0, 7], [0, 3], [0, 2], [5, 10], [0, 2], [0, 3], [-5, 7], [-7, -2], [-3, 2], [0, 3], [3, 0], [0, 2], [5, 5], [0, 2], [0, 3], [-10, -3]], [[8404, 4082], [-5, -7], [-3, 0]], [[8396, 4075], [0, -2], [-2, 2], [-2, 0], [-3, 3], [0, 2], [3, 7], [2, 13], [0, 2], [2, 5], [5, 2], [3, 3], [0, 2], [0, 3], [0, 5], [0, 2], [0, 3], [2, 2], [0, 2], [0, 3], [-2, 12], [0, 3]], [[8404, 4149], [7, 17], [7, 32]], [[8418, 4198], [3, 2], [0, 3], [7, 4], [0, 3], [3, 2], [2, 3], [15, -8], [24, 0], [17, 10]], [[8489, 4217], [0, 3], [0, 5], [-7, 17]], [[8482, 4242], [2, 17], [3, 10], [0, 9], [0, 3], [2, 5], [17, 7], [10, -2], [3, 0], [0, 2]], [[8519, 4293], [2, 0], [22, 37]], [[8543, 4330], [30, 20], [4, 4], [3, 8], [2, 17], [5, 7], [3, 3], [0, 2], [5, 3], [2, 2], [0, 3], [-5, 14], [0, 3]], [[8592, 4416], [-2, 0], [-5, 7], [-5, 10]], [[8580, 4433], [-17, 2], [-22, 25], [-17, 5], [0, 5], [-8, 5], [-5, 9], [-173, 52], [-22, -15], [-8, -2], [-9, -3], [-13, -5], [-36, 13], [-8, 0], [-2, 4], [-3, 59], [-105, 108], [-2, -2], [-3, 0], [-7, 0], [-24, -13], [-35, 0]], [[8061, 4680], [-137, 71], [-71, 72]], [[7853, 4823], [-39, 7], [-5, 2], [-7, 3], [-5, 2], [-10, 0], [-7, -2], [-7, -3], [-27, -12], [-3, -2], [-2, -3], [0, -2], [-3, 0], [-7, -10], [-15, -3], [-83, 30], [-7, 7], [0, 3], [0, 2], [0, 5], [0, 3], [0, 2], [0, 2], [-3, 5], [0, 5], [5, 15], [5, 7], [3, 13]], [[7636, 4899], [5, 7], [5, 7], [2, 5]], [[7648, 4918], [0, 3], [-10, 4], [-5, 0], [-2, 3], [-5, 2], [-3, 0]], [[7623, 4930], [-2, 0], [-5, 0]], [[7616, 4930], [-7, 0], [-12, 10], [-8, -5], [-7, 3], [-5, 2], [-2, 0], [-3, 0], [-17, 3], [-12, 7], [-25, 0], [-12, -7], [-2, 0], [-8, -3], [-17, -7], [-22, -8], [-5, 0], [-78, -61], [-56, -29], [-5, 0], [-3, -3], [-2, 3], [-17, -3], [-3, -2], [-4, -5], [-10, -10], [-13, -12], [-22, -15], [-36, -5], [-49, -51], [-44, 5], [-12, -15], [-15, -7], [-7, -5], [-3, -3], [-2, 0], [0, 3], [0, 5], [9, 19], [5, 10], [3, 10], [5, 10], [2, 2], [3, 3], [0, 2], [0, 3], [0, 2], [-5, 10], [-3, 2], [0, 5], [-2, 7], [0, 3], [0, 2]], [[7088, 4805], [12, 20], [12, 10], [0, 2], [3, 5], [2, 3], [0, 5], [0, 7], [-2, 12], [-8, 17], [-2, 5], [0, 5]], [[7105, 4896], [0, 7], [2, 5]], [[7107, 4908], [10, 30], [0, 2], [-2, 3], [-8, 2], [-9, 5], [-13, 20], [-2, 2], [-12, 7], [-3, 3], [-32, 83], [-2, 32], [2, 22], [3, 7], [2, 10], [5, 15], [5, 17], [7, 17], [10, 3], [5, 5], [10, 5], [2, 2], [0, 2], [3, 3], [0, 2], [0, 5], [0, 8], [0, 2], [0, 2], [-20, 5], [-5, 5], [0, 5], [0, 10], [5, 27], [3, 5], [14, 10], [3, 2], [2, 0], [3, 3], [0, 2], [2, 0], [0, 2], [-2, 5], [-5, 5], [-30, 22]], [[7058, 5332], [-7, 15]], [[7051, 5347], [22, 47]], [[7073, 5394], [0, 2], [0, 22]], [[7073, 5418], [0, 3], [-2, 0], [0, 2], [-5, 2], [-30, 13], [-2, 2], [-2, 5], [-3, 12], [0, 3], [3, 56], [0, 5], [2, 2]], [[7034, 5523], [0, 3], [17, 7]], [[7051, 5533], [3, 3], [9, 12], [5, 2], [15, 5], [2, 0], [8, 8], [5, 2], [2, 3], [0, 2], [-5, 10]], [[7095, 5580], [-2, 2], [-10, 5]], [[7083, 5587], [-5, 3], [-5, 2], [-2, 0], [-17, -2], [-3, 5], [-2, 12], [0, 2], [2, 3]], [[7051, 5612], [0, 2], [3, 3], [2, 0]], [[7056, 5617], [2, 2], [13, 5], [17, 5], [2, 2], [3, 3], [5, 5], [0, 5], [2, 4], [-2, 3]], [[7098, 5651], [-5, 5], [-20, 10], [-63, 14]], [[7010, 5680], [-13, 22], [-14, 8]], [[6983, 5710], [-5, 10], [0, 2], [0, 2], [0, 3]], [[6978, 5727], [2, 7], [3, 3]], [[6983, 5737], [7, 9], [17, 15], [25, 54], [12, 7], [17, 5], [5, 3], [0, 2], [0, 3], [0, 2], [-10, 12], [0, 8], [-7, 5], [0, 5], [0, 2], [56, 44], [64, 30], [7, 9]], [[7176, 5952], [5, 13], [2, 7]], [[7183, 5972], [5, 2], [3, 3]], [[7191, 5977], [29, 0], [10, -3]], [[7230, 5974], [5, -5], [24, -29], [10, -39]], [[7269, 5901], [15, -20], [9, -17], [3, -5]], [[7296, 5859], [2, -2], [10, -3], [7, -7], [13, -2], [14, -10], [22, -10], [27, 7], [27, -5], [7, 0], [3, 3], [2, 0], [3, 2], [9, 22], [25, 8], [7, 12], [13, 5]], [[7487, 5879], [4, 10], [3, 0]], [[7494, 5889], [2, 0], [0, 2], [3, 0], [10, 0], [7, 3], [10, 4], [5, 0], [24, -2], [17, -7], [5, 0], [20, 5], [7, 2], [32, 34]], [[7636, 5930], [2, 3], [3, 0]], [[7641, 5933], [2, 0], [3, 0], [4, 0], [3, 2], [2, 3], [3, 12], [10, 5], [19, 39], [0, 2], [7, 5], [3, 3], [0, 10], [2, 5], [13, 14], [2, 5], [0, 5], [0, 2], [0, 5]], [[7714, 6050], [-2, 5], [0, 5]], [[7712, 6060], [0, 3], [0, 2]], [[7712, 6065], [7, 12], [0, 5]], [[7719, 6082], [0, 3], [0, 2], [0, 12]], [[7719, 6099], [0, 5], [-12, 13]], [[7707, 6117], [-10, 44], [-12, 17], [-3, 5], [3, 10], [2, 2], [3, 2], [9, -2], [20, -5]], [[7719, 6190], [10, 22], [9, 5]], [[7738, 6217], [42, 10], [210, -76], [79, 64], [120, 12], [29, 68], [2, 0]], [[8220, 6295], [3, 3], [14, -3]], [[8237, 6295], [15, 5], [15, -2], [14, 7], [35, 59]], [[8602, 3818], [-56, -334], [-318, -414]], [[8228, 3070], [-176, 57], [-30, 90]], [[8022, 3217], [-5, 3], [0, 2], [3, 0], [0, 3], [2, 0], [0, 2], [8, 12], [7, 10], [0, 3], [0, 2], [-3, 0], [-2, 0], [-2, 0], [-3, 0], [0, 3], [5, 7], [5, 10], [5, 5], [2, 27], [-7, 4], [-3, 3], [0, 5], [-2, 2], [0, 3], [0, 2], [0, 3], [2, 2], [3, 3], [0, 2], [15, 7], [2, 3], [5, 12], [7, 5], [86, -3], [0, 3], [7, 15], [12, 44], [32, 22], [10, 51], [2, 3], [10, 5], [3, 2], [2, 3], [0, 2], [5, 0], [2, 2], [8, 8], [2, 2]], [[8247, 3521], [0, 3], [-5, 7], [0, 2], [3, 5]], [[8245, 3538], [10, -5], [2, 0], [2, 3]], [[8259, 3536], [3, 2], [2, 0], [0, 3]], [[8264, 3541], [3, 2], [0, 3], [0, 5], [0, 2], [0, 3], [7, 14], [0, 3], [0, 7], [3, 7], [0, 3], [-3, 5]], [[8274, 3595], [3, 14], [0, 10], [0, 8]], [[8277, 3627], [-3, 0], [-22, 56]], [[8252, 3683], [-10, 12], [-17, -2], [-5, 2], [-2, 3], [-3, 2], [-2, 5], [-2, 2], [0, 3], [0, 2], [0, 3], [2, 0], [2, 2], [5, 0], [8, 3], [14, -3], [0, -5], [3, 0], [34, -2], [5, 5], [2, 2], [3, 3], [0, 2], [-3, 25], [-5, 5], [-12, 0], [-2, 2], [-3, 0], [0, 2], [3, 18], [5, 12], [2, 19], [0, 3], [0, 5], [0, 2], [-2, 3], [-3, 2], [0, 3], [-14, 12], [-15, -7], [5, 9], [0, 5], [0, 3], [-3, 2], [0, 5], [0, 3], [3, 0], [22, 26], [32, 18], [22, -15], [12, -3], [2, 3], [3, 0]], [[8338, 3884], [0, 7], [0, 5]], [[8338, 3896], [-32, 42], [29, -8], [5, 3], [3, 0], [4, 2], [3, 0], [15, -2], [36, 12], [3, -2], [5, -5], [2, 0], [5, -3], [2, 3], [5, 12], [0, -5], [3, 0], [0, -2], [36, -15], [8, -5], [5, -2], [2, -3]], [[9059, 6955], [101, -40], [100, 91], [137, 32], [10, -7], [0, -17], [-3, -5], [-10, -8], [-17, -24], [-24, -27], [-5, -8], [-3, -17], [-7, -14], [-7, -5], [-10, -3], [-2, -2], [-3, -5], [-2, -15], [0, -5], [0, -7], [73, -42], [110, 13], [20, -59], [46, 24], [44, 152], [362, -66]], [[9969, 6891], [30, -275], [-23, -7]], [[9976, 6609], [-7, 5], [-17, 7], [-17, 27], [-12, 5], [-13, -2], [-24, 7], [-5, 0], [-2, 0], [-8, -2], [-2, -3], [-7, -7], [-5, -5], [-5, -5], [-27, 5], [-20, -54], [-220, -34], [-144, -118], [-44, 83], [-17, 5], [-27, -9], [-5, 0], [-3, 2], [0, 2], [3, 5], [15, 10], [14, 27], [15, 7], [0, 3], [2, 2], [0, 3], [0, 2], [0, 5], [-5, 8], [-7, 17], [0, 2], [3, 5], [0, 7], [4, 5], [47, 15], [5, 5], [0, 2], [0, 3], [-5, 10], [-3, 12], [-56, 34], [-58, -22]], [[9319, 6685], [-20, -29], [-108, -74]], [[9191, 6582], [-5, -2], [-12, 7], [-5, 0], [-5, -2], [-2, -5], [-2, -10], [-15, 15], [-5, -10], [-5, -5], [-2, 0], [-5, 0], [-5, 2]], [[9123, 6572], [-5, -9], [-2, 0]], [[9116, 6563], [-5, 2], [-5, 2], [-3, 3], [0, 2], [3, 5], [0, 3], [-3, 7], [-5, 12], [0, 3], [-2, 0], [-2, 2], [-18, -12], [-29, -5], [-12, 5], [-20, 34], [-10, 3]], [[7420, 2651], [30, -17], [-59, -10], [29, 27]], [[8228, 3070], [-17, -186], [-250, -123], [-20, -117], [-239, 22], [-5, 81], [-49, -17], [20, -62], [-93, -17], [-106, 0], [96, 15], [-56, 34], [-81, -34], [-52, 32], [-73, -39], [44, -52], [-54, -12]], [[7284, 2842], [97, 35]], [[7381, 2877], [3, 0], [2, -3], [3, 0], [27, 3], [12, -5], [112, 44], [152, -20], [2, 0], [5, 5], [3, 0], [10, 0], [12, 15]], [[7724, 2916], [171, 59], [10, 5]], [[7905, 2980], [2, 7], [3, 2], [0, 3], [-3, 2]], [[7907, 2994], [0, 3], [-5, 2]], [[7902, 2999], [-9, 0], [-3, 3], [-5, 0], [-2, 2], [2, 3], [0, 7], [25, 51], [2, 3], [12, 10], [15, 46], [22, 37], [-7, 15], [12, 7], [5, -2], [5, 0], [2, 2], [3, 0], [4, -5], [8, 3], [2, 2], [5, 10], [5, 7], [0, 3], [0, 2], [3, 5], [9, 2], [3, 0], [2, 5]], [[9969, 6891], [-362, 66], [-44, -152], [-46, -24], [-20, 59], [-110, -13]], [[9387, 6827], [-15, 30], [-58, 12]], [[9314, 6869], [0, 7], [0, 5], [2, 15], [3, 5], [2, 2], [10, 3], [7, 5], [7, 14], [3, 17], [5, 8], [24, 27], [17, 24], [10, 8], [3, 5], [0, 17], [-10, 7], [-137, -32], [-100, -91]], [[9160, 6915], [-93, 49], [-3, -2], [-5, -7]], [[9059, 6955], [-5, -5], [-7, 0], [-7, 2], [0, 3], [5, 7], [0, 2], [0, 5], [0, 8], [0, 5], [0, 2], [2, 3], [2, 2], [5, 2], [0, 3], [3, 2], [0, 5], [2, 3], [5, 5]], [[9064, 7009], [5, 14], [10, 10]], [[9079, 7033], [10, 5], [14, -7], [17, 5], [44, 49], [3, 2], [0, 7], [0, 3], [0, 2], [7, 10], [5, 7]], [[9179, 7116], [0, 15], [10, 25]], [[9189, 7156], [86, 144]], [[9275, 7300], [36, 30], [12, 5], [79, 24]], [[9402, 7359], [12, -22], [161, -64], [267, -10], [127, -372]], [[9553, 5835], [-129, -66], [-66, -91], [-32, 29], [29, -44], [-49, -61], [0, 64], [-34, -45], [17, -22], [-10, -14], [-14, -5], [2, 0]], [[9267, 5580], [-17, -5], [-7, 0], [-15, 5], [-10, -12], [-32, 14], [-48, 42], [0, 2], [0, 3], [0, 2], [0, 3], [2, 5], [0, 5], [5, 7], [0, 5], [0, 5], [-3, 5], [-17, 14], [-9, 37], [-18, 15], [-2, 10]], [[9096, 5742], [-10, 12], [-2, 5]], [[9084, 5759], [0, 2], [0, 8], [0, 2], [0, 2], [10, 22], [4, 8], [49, -15], [32, 10]], [[9179, 5798], [15, 10], [7, 5]], [[9201, 5813], [0, 2], [3, 5], [0, 2], [-3, 3], [0, 2], [-5, 3], [-2, 5], [-3, 39], [3, 2], [0, 5], [10, 13], [4, 12], [3, 24], [0, 13], [2, 14], [0, 3], [-46, 63], [-15, 35], [0, 2], [0, 3], [3, 2], [2, 3], [3, 9], [2, 3], [0, 2], [0, 3], [-2, 0], [-5, 2], [-5, 3], [0, 2], [0, 2], [2, 3]], [[9152, 6097], [0, 2], [3, 5], [5, 8]], [[2692, 9229], [0, 47], [-171, 14], [-36, 294], [-150, 182], [167, -49], [27, -59], [176, 17], [117, -103], [32, 118], [313, 56], [225, 145], [-15, 98], [157, 10], [37, -50], [-47, -134], [122, -40], [40, -112], [-86, -93], [-37, -233], [81, -235], [181, -116]], [[6029, 9190], [-5, -64], [-27, 37], [32, 27]], [[4906, 9278], [164, -88], [95, 66], [218, -47], [340, 525], [39, -79], [-29, 125], [63, -41], [32, -155], [25, 59], [17, -216], [88, -223], [-25, -24], [39, 7], [40, -73], [134, -25], [17, -105], [-68, -22], [66, -12], [-230, -258], [-140, -63], [-149, -277]]], "transform": {"translate": [2637, 5919], "scale": [0.4088408840884088, 0.40804080408040805]}, "objects": {"features": {"type": "GeometryCollection", "geometries": [{"type": "Polygon", "properties": {"labelrank": 2, "code_hasc": "BR.GO", "name": "Goiás", "admin": "Brazil", "type_en": "State", "region": "", "woe_id": 2344852, "longitude": -49, "woe_name": "Goiás", "fips": "BR29", "woe_label": "Goias, BR, Brazil", "latitude": -15, "iso_a2": "BR", "postal": "GO", "type": "Estado", "id": "BR.GO"}, "arcs": [[0, 1, 2, 3, 4, 5, 6, 7, 8, 9, 10, 11, 12, 13, 14, 15]]}, {"type": "MultiPolygon", "properties": {"labelrank": 2, "code_hasc": "BR.SP", "name": "São Paulo", "admin": "Brazil", "type_en": "State", "region": "", "woe_id": 2344868, "longitude": -48, "woe_name": "São Paulo", "fips": "BR32", "woe_label": "Sao Paulo, BR, Brazil", "latitude": -22, "iso_a2": "BR", "postal": "SP", "type": "Estado", "id": "BR.SP"}, "arcs": [[[16]], [[17, 18, 19, 20, 21, 22, 23, 24, 25, 26, 27, 28, 29, 30, 31, 32, 33, 34]]]}, {"type": "Polygon", "properties": {"labelrank": 2, "code_hasc": "BR.PE", "name": "Pernambuco", "admin": "Brazil", "type_en": "State", "region": "", "woe_id": 2344860, "longitude": -37, "woe_name": "Pernambuco", "fips": "BR30", "woe_label": "Pernambuco, BR, Brazil", "latitude": -8, "iso_a2": "BR", "postal": "PE", "type": "Estado", "id": "BR.PE"}, "arcs": [[35, 36, 37, 38, 39, 40, 41, 42, 43, 44, 45, 46, 47, 48, 49, 50, 51, 52, 53, 54, 55, 56, 57, 58]]}, {"type": "Polygon", "properties": {"labelrank": 2, "code_hasc": "BR.", "name": "Acre", "admin": "Brazil", "type_en": "State", "region": "", "woe_id": 2344844, "longitude": -70, "woe_name": "Acre", "fips": "BR01", "woe_label": "Acre, BR, Brazil", "latitude": -8, "iso_a2": "BR", "postal": "R.", "type": "Estado", "id": "BR.1099"}, "arcs": [[59, 60, 61]]}, {"type": "Polygon", "properties": {"labelrank": 2, "code_hasc": "BR.AM", "name": "Amazonas", "admin": "Brazil", "type_en": "State", "region": "", "woe_id": 2344847, "longitude": -63, "woe_name": "Amazonas", "fips": "BR04", "woe_label": "Amazonas, BR, Brazil", "latitude": -4, "iso_a2": "BR", "postal": "AM", "type": "Estado", "id": "BR.AM"}, "arcs": [[62, 63, 64, 65, 66, 67, 68, 69, 70, 71, 72, 73, 74, 75, 76, 77, 78, 79, 80, 81, 82, -62, 83, 84]]}, {"type": "MultiPolygon", "properties": {"labelrank": 2, "code_hasc": "BR.MA", "name": "Maranhão", "admin": "Brazil", "type_en": "State", "region": "", "woe_id": 2344854, "longitude": -45, "woe_name": "Maranhão", "fips": "BR13", "woe_label": "Maranhao, BR, Brazil", "latitude": -5, "iso_a2": "BR", "postal": "MA", "type": "Estado", "id": "BR.MA"}, "arcs": [[[85]], [[86, 87, 88, 89, 90, 91, 92, 93, 94, 95, 96, 97, 98, 99, 100, 101, 102, 103, 104, 105, 106, 107, 108, 109, 110, 111, 112, 113, 114, 115, 116, 117, 118, 119, 120, 121, 122]]]}, {"type": "MultiPolygon", "properties": {"labelrank": 2, "code_hasc": "BR.PA", "name": "Pará", "admin": "Brazil", "type_en": "State", "region": "", "woe_id": 2344857, "longitude": -52, "woe_name": "Pará", "fips": "BR16", "woe_label": "Para, BR, Brazil", "latitude": -4, "iso_a2": "BR", "postal": "PA", "type": "Estado", "id": "BR.PA"}, "arcs": [[[123]], [[124]], [[125]], [[126]], [[127]], [[128]], [[129]], [[130, -87, 131, 132, 133, 134, 135, 136, 137, 138, 139, 140, 141, 142, 143, 144, 145, 146, 147, 148, 149, 150, 151, 152, 153, 154, 155, 156, 157]]]}, {"type": "Polygon", "properties": {"labelrank": 2, "code_hasc": "BR.", "name": "Rondônia", "admin": "Brazil", "type_en": "State", "region": "", "woe_id": 2344865, "longitude": -63, "woe_name": "Rondônia", "fips": "BR24", "woe_label": "Rondonia, BR, Brazil", "latitude": -10, "iso_a2": "BR", "postal": "R.", "type": "Estado", "id": "BR.153"}, "arcs": [[158, 159, -60, -83]]}, {"type": "Polygon", "properties": {"labelrank": 2, "code_hasc": "BR.TO", "name": "Tocantins", "admin": "Brazil", "type_en": "State", "region": "", "woe_id": 2344870, "longitude": -48, "woe_name": "Tocantins", "fips": "BR31", "woe_label": "Tocantins, BR, Brazil", "latitude": -10, "iso_a2": "BR", "postal": "TO", "type": "Estado", "id": "BR.TO"}, "arcs": [[160, 161, 162, 163, 164, 165, 166, 167, -15, 168, 169, 170, 171, 172, 173, 174, 175, 176, 177, 178, 179, 180, 181, 182, 183, 184, 185, 186]]}, {"type": "Polygon", "properties": {"labelrank": 7, "code_hasc": "BR.DF", "name": "Distrito Federal", "admin": "Brazil", "type_en": "Federal District", "region": "", "woe_id": 2344850, "longitude": -47, "woe_name": "Distrito Federal", "fips": "BR07", "woe_label": "Distrito Federal, BR, Brazil", "latitude": -15, "iso_a2": "BR", "postal": "DF", "type": "Distrito Federal", "id": "BR.DF"}, "arcs": [[-11]]}, {"type": "Polygon", "properties": {"labelrank": 2, "code_hasc": "BR.MS", "name": "Mato Grosso do Sul", "admin": "Brazil", "type_en": "State", "region": "", "woe_id": 2344853, "longitude": -54, "woe_name": "Mato Grosso do Sul", "fips": "BR11", "woe_label": "Mato Grosso do Sul, BR, Brazil", "latitude": -20, "iso_a2": "BR", "postal": "MS", "type": "Estado", "id": "BR.MS"}, "arcs": [[-13, 187, 188, 189, 190, 191, 192, 193]]}, {"type": "Polygon", "properties": {"labelrank": 2, "code_hasc": "BR.MG", "name": "Minas Gerais", "admin": "Brazil", "type_en": "State", "region": "", "woe_id": 2344856, "longitude": -44, "woe_name": "Minas Gerais", "fips": "BR15", "woe_label": "Minas Gerais, BR, Brazil", "latitude": -18, "iso_a2": "BR", "postal": "MG", "type": "Estado", "id": "BR.MG"}, "arcs": [[-12, -10, 194, 195, 196, 197, 198, 199, 200, 201, 202, 203, 204, 205, 206, 207, 208, 209, 210, 211, 212, 213, 214, 215, 216, 217, 218, 219, 220, 221, 222, 223, 224, 225, 226, 227, 228, 229, 230, 231, 232, 233, 234, 235, 236, -188]]}, {"type": "Polygon", "properties": {"labelrank": 2, "code_hasc": "BR.MT", "name": "Mato Grosso", "admin": "Brazil", "type_en": "State", "region": "", "woe_id": 2344855, "longitude": -55, "woe_name": "Mato Grosso", "fips": "BR14", "woe_label": "Mato Grosso, BR, Brazil", "latitude": -13, "iso_a2": "BR", "postal": "MT", "type": "Estado", "id": "BR.MT"}, "arcs": [[-169, -14, -194, 237, -159, -82, 238, 239, 240, 241, 242, 243, -142]]}, {"type": "Polygon", "properties": {"labelrank": 2, "code_hasc": "BR.RS", "name": "Rio Grande do Sul", "admin": "Brazil", "type_en": "State", "region": "", "woe_id": 2344864, "longitude": -53, "woe_name": "Rio Grande do Sul", "fips": "BR23", "woe_label": "Rio Grande do Sul, BR, Brazil", "latitude": -29, "iso_a2": "BR", "postal": "RS", "type": "Estado", "id": "BR.RS"}, "arcs": [[244, 245, 246, 247, 248, 249, 250, 251, 252, 253, 254, 255, 256, 257, 258, 259, 260, 261]]}, {"type": "Polygon", "properties": {"labelrank": 2, "code_hasc": "BR.PR", "name": "Paraná", "admin": "Brazil", "type_en": "State", "region": "", "woe_id": 2344859, "longitude": -51, "woe_name": "Paraná", "fips": "BR18", "woe_label": "Parana, BR, Brazil", "latitude": -24, "iso_a2": "BR", "postal": "PR", "type": "Estado", "id": "BR.PR"}, "arcs": [[262, 263, 264, 265, 266, 267, -19]]}, {"type": "MultiPolygon", "properties": {"labelrank": 2, "code_hasc": "BR.SC", "name": "Santa Catarina", "admin": "Brazil", "type_en": "State", "region": "", "woe_id": 2344867, "longitude": -51, "woe_name": "Santa Catarina", "fips": "BR26", "woe_label": "Santa Catarina, BR, Brazil", "latitude": -27, "iso_a2": "BR", "postal": "SC", "type": "Estado", "id": "BR.SC"}, "arcs": [[[268]], [[269, 270, 271, 272, 273, 274, 275, 276, 277, 278, 279, 280, 281, 282, 283, 284, 285, -264]]]}, {"type": "Polygon", "properties": {"labelrank": 2, "code_hasc": "BR.CE", "name": "Ceará", "admin": "Brazil", "type_en": "State", "region": "", "woe_id": 2344849, "longitude": -39, "woe_name": "Ceará", "fips": "BR06", "woe_label": "Ceara, BR, Brazil", "latitude": -5, "iso_a2": "BR", "postal": "CE", "type": "Estado", "id": "BR.CE"}, "arcs": [[286, 287, 288, 289, 290, 291, 292]]}, {"type": "Polygon", "properties": {"labelrank": 2, "code_hasc": "BR.PI", "name": "Piauí", "admin": "Brazil", "type_en": "State", "region": "", "woe_id": 2344861, "longitude": -43, "woe_name": "Piauí", "fips": "BR20", "woe_label": "Piaui, BR, Brazil", "latitude": -8, "iso_a2": "BR", "postal": "PI", "type": "Estado", "id": "BR.PI"}, "arcs": [[293, 294, 295, 296, 297, 298, 299, 300, 301, 302, 303, 304, 305, 306, 307, 308, 309, 310, 311, 312, 313, 314, 315, -161, -110, 316, 317, 318, 319, 320, 321, 322, 323, 324, 325, 326, -289]]}, {"type": "Polygon", "properties": {"labelrank": 2, "code_hasc": "BR.AL", "name": "Alagoas", "admin": "Brazil", "type_en": "State", "region": "", "woe_id": 2344845, "longitude": -36, "woe_name": "Alagoas", "fips": "BR02", "woe_label": "Alagoas, BR, Brazil", "latitude": -9, "iso_a2": "BR", "postal": "AL", "type": "Estado", "id": "BR.AL"}, "arcs": [[327, 328, 329, 330, 331, 332]]}, {"type": "MultiPolygon", "properties": {"labelrank": 2, "code_hasc": "BR.BA", "name": "Bahia", "admin": "Brazil", "type_en": "State", "region": "", "woe_id": 2344848, "longitude": -41, "woe_name": "Bahia", "fips": "BR05", "woe_label": "Bahia, BR, Brazil", "latitude": -12, "iso_a2": "BR", "postal": "BA", "type": "Estado", "id": "BR.BA"}, "arcs": [[[333]], [[334, 335, 336, 337, 338, 339, 340, 341, 342, 343, 344, 345, 346, 347, 348, 349, 350, 351, 352, 353, 354, 355, 356, 357, 358, 359, 360, 361, 362, 363, 364, 365, 366, 367, 368, 369, 370, 371, 372, 373, 374, 375, 376, 377, 378, 379, 380, 381, 382, 383, 384, 385, 386, 387, 388, 389, 390, 391, 392, 393, 394, 395, 396, 397, 398, 399, 400, 401, -36]]]}, {"type": "Polygon", "properties": {"labelrank": 2, "code_hasc": "BR.ES", "name": "Espírito Santo", "admin": "Brazil", "type_en": "State", "region": "", "woe_id": 2344851, "longitude": -40, "woe_name": "Espírito Santo", "fips": "BR08", "woe_label": "Espirito Santo, BR, Brazil", "latitude": -19, "iso_a2": "BR", "postal": "ES", "type": "Estado", "id": "BR.ES"}, "arcs": [[-347, 402, 403, 404, 405, 406, 407, 408, 409, 410, 411, 412, 413]]}, {"type": "Polygon", "properties": {"labelrank": 2, "code_hasc": "BR.PB", "name": "Paraíba", "admin": "Brazil", "type_en": "State", "region": "", "woe_id": 2344858, "longitude": -36, "woe_name": "Paraíba", "fips": "BR17", "woe_label": "Paraiba, BR, Brazil", "latitude": -7, "iso_a2": "BR", "postal": "PB", "type": "Estado", "id": "BR.PB"}, "arcs": [[-287, 414, 415, 416, 417, 418, 419, 420]]}, {"type": "MultiPolygon", "properties": {"labelrank": 2, "code_hasc": "BR.RJ", "name": "Rio de Janeiro", "admin": "Brazil", "type_en": "State", "region": "", "woe_id": 2344862, "longitude": -43, "woe_name": "Rio de Janeiro", "fips": "BR21", "woe_label": "Rio de Janeiro, BR, Brazil", "latitude": -22, "iso_a2": "BR", "postal": "RJ", "type": "Estado", "id": "BR.RJ"}, "arcs": [[[421]], [[422, -35, 423, 424, 425, 426, 427, 428, -404]]]}, {"type": "Polygon", "properties": {"labelrank": 2, "code_hasc": "BR.RN", "name": "Rio Grande do Norte", "admin": "Brazil", "type_en": "State", "region": "", "woe_id": 2344863, "longitude": -36, "woe_name": "Rio Grande do Norte", "fips": "BR22", "woe_label": "Rio Grande do Norte, BR, Brazil", "latitude": -5, "iso_a2": "BR", "postal": "RN", "type": "Estado", "id": "BR.RN"}, "arcs": [[429, 430, 431, 432, 433, 434, 435, 436, 437, 438, 439]]}, {"type": "Polygon", "properties": {"labelrank": 2, "code_hasc": "BR.SE", "name": "Sergipe", "admin": "Brazil", "type_en": "State", "region": "", "woe_id": 2344869, "longitude": -37, "woe_name": "Sergipe", "fips": "BR28", "woe_label": "Sergipe, BR, Brazil", "latitude": -10, "iso_a2": "BR", "postal": "SE", "type": "Estado", "id": "BR.SE"}, "arcs": [[440, 441, 442, 443, 444, 445, 446, -337, -333]]}, {"type": "Polygon", "properties": {"labelrank": 2, "code_hasc": "BR.RR", "name": "Roraima", "admin": "Brazil", "type_en": "State", "region": "", "woe_id": 2344866, "longitude": -61, "woe_name": "Roraima", "fips": "BR25", "woe_label": "Roraima, BR, Brazil", "latitude": 1, "iso_a2": "BR", "postal": "RR", "type": "Estado", "id": "BR.RR"}, "arcs": [[-85, 447, -156]]}, {"type": "MultiPolygon", "properties": {"labelrank": 2, "code_hasc": "BR.AP", "name": "Amapá", "admin": "Brazil", "type_en": "State", "region": "", "woe_id": 2344846, "longitude": -51, "woe_name": "Amapá", "fips": "BR03", "woe_label": "Amapa, BR, Brazil", "latitude": 1, "iso_a2": "BR", "postal": "AP", "type": "Estado", "id": "BR.AP"}, "arcs": [[[448]], [[449, -158]]]}]}}, "bbox": [2637, 5919, 6725, 9999], "type": "Topology"}