{"crs": {"type": "name", "properties": {"name": "urn:ogc:def:crs:EPSG:23836"}}, "ac-tx": {"default": {"crs": "+proj=tmerc +lat_0=0 +lon_0=112.5 +k=0.9999 +x_0=200000 +y_0=1500000 +ellps=WGS84 +towgs84=0,0,0,0,0,0,0 +units=m +no_defs", "scale": 0.0028523394430026673}}, "arcs": [[[145, 8319], [124, -339], [-151, 186], [-20, 110], [47, 43]], [[624, 7863], [-77, 59], [-30, 358], [-43, 48], [-112, 459], [-88, 63], [-198, 541], [-76, 409], [1, 157], [91, 42], [172, -266], [246, -2], [158, -591]], [[668, 9140], [-45, -21], [-65, -310], [45, -249], [-28, -45], [49, -652]], [[4799, 8457], [-26, 103], [30, -7], [-4, -96]], [[4380, 5687], [8, 0], [4, 10], [3, 13], [11, 56], [1, 13], [1, 30], [1, 7], [-3, 73], [-14, -11], [-58, 129], [-40, 339], [2, 74], [2, 12], [6, 33], [1, 8], [3, 39], [2, 19], [0, 2], [0, 3], [-2, 2], [0, 2], [-14, 8], [-10, -4], [-3, 0], [-5, -11], [-17, -55], [-2, -9], [-1, -4], [-2, -5], [-2, -2], [-6, -9], [-2, -2], [-8, -23], [-3, 0], [-2, 8], [9, 138], [0, 8], [-1, 7], [-1, 9], [-8, 40], [-5, 80], [4, 30], [12, 69], [11, 40], [0, 7], [-3, 21]], [[4249, 6881], [-1, 26], [-1, 4]], [[4247, 6911], [-2, 7], [-3, 17], [-11, 30], [-3, 2], [-3, 0], [-13, -2], [-2, -2], [-3, -13], [-2, -4], [-26, -19], [-6, -11], [-4, -11], [-5, -8], [-60, -20], [-4, 2], [-3, 3], [-16, 8], [-4, 2], [-14, 22], [-28, -2], [-8, -5], [-4, -13], [-2, -6], [-4, -2], [-8, -2], [-4, -3], [-9, -10], [-3, -2], [-10, -3], [-6, -6]], [[3977, 6860], [36, 180], [-18, 67], [71, 146], [1, 127]], [[4067, 7380], [76, 6], [24, 226], [33, 41], [-11, 204], [90, 155], [-31, 58], [2, 129], [36, 127], [48, -5], [28, 235], [-14, 290], [65, 277], [37, -69], [22, 64], [229, -10], [77, -114], [-41, 4], [96, -273], [-41, -43], [-34, 93], [9, -108], [-102, -10], [88, -93], [-37, -120], [74, -86], [-11, -62], [26, -11], [-30, -24], [40, -13], [-24, -45], [99, -288], [-71, -182], [269, -624], [-45, -101], [-88, 0], [-105, 181], [30, -185], [-62, -35], [-58, -375], [-6, -376], [40, 64], [-31, -166], [30, -49], [-61, -71], [-12, 54], [-69, -254], [-29, -11], [-16, 138], [4, -200], [-115, -251], [46, 8], [4, -157], [-37, -75], [67, -10], [-6, -106]], [[4569, 5132], [-151, 13], [-62, 488], [24, 54]], [[2496, 2794], [2, -4], [4, -15], [4, -9], [28, -13], [9, 174]], [[2543, 2927], [11, 99], [135, -189], [144, -2], [53, -303], [61, -30]], [[2947, 2502], [-15, -49], [-5, -22], [-1, -9], [-1, -30], [1, -28], [-1, -8], [-2, -7], [-2, -6], [-6, -17], [-5, -11]], [[2910, 2315], [-2, -4], [-3, -2]], [[2905, 2309], [-5, -1], [-12, 3]], [[2888, 2311], [-4, -3], [-2, -6], [-2, -8], [-1, -22], [-5, -47], [2, -17], [23, -18], [10, -34], [7, -80], [0, -17], [-2, -17], [0, -8], [1, -3], [1, -4], [12, -28]], [[2928, 1999], [-99, -94], [-193, 186], [-215, 61], [30, 217], [-7, 30], [-23, -17]], [[2421, 2382], [-1, 8], [0, 7], [-1, 8]], [[2419, 2405], [4, 30]], [[2423, 2435], [8, 39], [12, 41]], [[2443, 2515], [-14, 21], [-1, 7], [-2, 15], [-6, 101], [6, 51], [-2, 41], [2, 11], [6, 9], [6, -24], [9, 15], [21, -19], [23, 0], [5, 10], [0, 9], [0, 32]], [[2961, 1967], [18, -34], [-52, 34], [34, 0]], [[3359, 1690], [-2, 40], [-6, -2], [-1, 3], [-1, 6], [-1, 103], [-1, 15], [-1, 28], [0, 7], [-1, 4], [-2, 8], [-4, 5], [-13, 8], [-32, 5], [-7, 15], [-7, 38], [-7, 90], [-1, 5], [-5, -19], [-23, -46], [-9, -28], [-3, 26], [-18, 2], [-4, -6]], [[3210, 1997], [-2, -6], [-1, -5]], [[3207, 1986], [1, -17], [-1, -11], [-2, -10], [-11, -44], [-3, -12], [-1, -5], [0, -15]], [[3190, 1872], [-2, 3], [-22, 17], [-5, 10], [-52, 31], [-49, 4], [-12, 36], [-75, -13], [-30, 71], [-15, -32]], [[2888, 2311], [4, 0], [13, -2]], [[2905, 2309], [5, 6], [5, 11], [6, 17], [2, 6], [2, 7], [1, 8], [-1, 28], [1, 30], [1, 9], [5, 22], [15, 49]], [[2947, 2502], [18, -15], [4, 30], [310, -88], [41, 266], [54, 56], [47, -170], [73, 41], [38, -64]], [[3532, 2558], [-13, -249], [-35, -93], [-51, 26], [22, -337], [-75, -230]], [[3380, 1675], [-21, 15]], [[1561, 3254], [-62, 77], [38, 15], [24, -92]], [[1854, 3662], [-6, -21], [-6, -13], [-21, -34]], [[1821, 3594], [-280, 543], [-20, 209], [-127, 232], [-133, 458]], [[1261, 5036], [66, 113]], [[1327, 5149], [18, 35]], [[1345, 5184], [3, 2], [2, -4]], [[1350, 5182], [2, -3], [7, -19]], [[1359, 5160], [3, -6]], [[1362, 5154], [3, -5], [1, -4]], [[1366, 5145], [1, -11], [4, -17], [5, -60], [2, -7], [3, -6], [7, -8], [3, -7], [3, -23], [8, -18], [5, -21], [7, -20], [8, -17], [12, -17], [3, -2], [5, -4], [10, -24], [33, -22]], [[1485, 4861], [5, -17], [8, -17], [8, -37], [15, -38], [-4, -34], [9, -26], [1, -2], [6, 0], [4, -7], [5, -2], [1, 2], [2, 6], [2, 3], [2, 2], [2, -2], [14, -13]], [[1565, 4679], [8, -20], [2, -6]], [[1575, 4653], [2, -11], [-2, -36], [-2, -5], [-2, -8], [0, -4], [0, -1], [0, -6], [2, -2], [2, -4], [3, -3], [15, -45], [44, 39], [50, -75], [1, -5], [2, -12], [1, -30], [-2, -46], [-3, -13]], [[1686, 4386], [-5, 1], [-8, -3]], [[1673, 4384], [-10, 7], [-1, -4], [1, -5], [2, -8], [1, -9], [-1, -8]], [[1665, 4357], [-41, -97], [-15, -13]], [[1609, 4247], [1, -9], [5, -10], [6, -18], [2, -8], [8, -13], [8, -30], [6, -13], [28, -7], [12, -23]], [[1685, 4116], [25, 11], [1, -1]], [[1711, 4126], [5, -8], [3, -7]], [[1719, 4111], [8, -57], [0, -11]], [[1727, 4043], [2, -48], [3, -15], [87, -71], [6, -85]], [[1825, 3824], [13, -56], [7, -78]], [[1845, 3690], [8, -17], [1, -11]], [[2488, 2938], [0, -2], [-7, -15], [-3, -9], [4, -64], [14, -54]], [[2496, 2794], [0, -32], [0, -9], [-5, -10], [-23, 0], [-21, 19], [-9, -15], [-6, 24]], [[2432, 2771], [-2, 0], [-4, -9]], [[2426, 2762], [-2, -11], [2, -41], [-6, -51], [6, -101], [2, -15], [1, -7]], [[2429, 2536], [7, -6], [3, -4], [4, -11]], [[2443, 2515], [-20, -80], [-4, -30], [2, -23]], [[2421, 2382], [-5, -5], [-5, -2], [-14, 9], [-66, 97], [-153, -20], [22, 107], [27, -85], [34, 200], [28, -20], [48, 368], [30, -67], [121, -19], [0, -7]], [[2488, 2938], [2, -15], [3, -8], [9, -3], [41, 15]], [[3092, 5955], [37, -99], [-66, -90], [-1, 181], [30, 8]], [[3977, 6860], [-6, -11], [-3, -11], [-5, -10], [-14, -56], [-2, -9], [0, -10], [-1, -33], [-2, -6]], [[3944, 6714], [-8, -7], [-9, -21]], [[3927, 6686], [-25, 8], [-14, -12], [-8, -7]], [[3880, 6675], [6, -24], [4, -19], [13, -36], [11, -108]], [[3914, 6488], [-49, -157], [11, -58], [-10, -68], [-4, -1], [-2, 3], [-16, 45], [-122, -138], [-44, -30], [-27, 11], [-26, 2], [-3, -2], [-205, -468], [-4, -3], [-2, 0], [-15, 9], [-17, -28], [-4, -15], [-2, -6], [-2, -5], [0, -6], [0, -5], [2, -8], [2, -7], [3, -6], [11, 9], [2, -1], [1, -4], [1, -15], [-2, -15], [0, -6], [5, -22], [-9, -185], [30, -197], [-2, -103]], [[3415, 5008], [8, -52], [0, -19]], [[3423, 4937], [-2, -7], [-1, -8], [-3, -5], [-2, -4], [-12, -15], [-3, -6], [-3, -9], [-3, -24], [-4, -19], [-2, -4], [-2, -2], [-6, -7]], [[3380, 4827], [-5, 2], [-12, -21], [-18, -15], [-28, -82], [-24, 127], [-61, -80], [-22, 224], [26, 62], [-40, 335], [-40, 73], [33, 284], [-63, 280], [-18, -67], [-86, 77], [-3, 110], [53, -30], [-79, 112], [-20, 167], [38, 6], [-14, 151], [30, -6], [-80, 195], [1, 486], [73, 137], [-60, -105], [76, 425], [64, 86], [-25, -114], [28, -172], [190, -442], [136, 133], [133, -39], [56, 78], [15, 172], [66, 79], [106, 2], [-3, -92], [142, -110], [60, 127], [62, -2]], [[1854, 3662], [20, -28], [0, -25], [2, -11], [0, -6], [2, -3], [4, -2], [40, -8], [28, 34], [7, 2], [7, -4], [4, 4], [9, 43], [-10, 28], [-7, 41], [2, 19], [0, 2], [4, 7], [1, 2], [3, 15], [0, 9], [0, 10], [-4, 60], [2, 16], [2, 17], [46, 73], [102, 92], [14, 50], [2, 6], [6, 9], [1, 4], [-2, 17], [4, 19], [0, 22], [2, 6], [1, 5], [3, 2], [2, 6], [4, 9], [2, 2], [8, -2], [2, 2], [2, 4], [4, 9], [0, 4], [3, 20], [1, 21], [2, 7], [3, 27], [3, 1], [1, -7], [4, -19], [35, -43], [42, -166]], [[2267, 4064], [18, 9], [8, -13]], [[2293, 4060], [17, -183], [-23, -808], [-39, 9], [-69, 215], [-24, -204], [-119, 178], [24, -262], [-33, -5], [-206, 594]], [[2013, 5497], [-7, -120], [14, 47], [5, -98], [63, -61], [-59, -165], [23, 19], [0, -113], [-38, -127], [42, 109], [28, 179], [159, -61], [102, -490], [-55, -268], [29, -95], [-4, -45], [-14, -56], [-3, -40], [-5, -41], [0, -11]], [[2293, 4060], [-26, 4], [-42, 166], [-35, 43], [-4, 19], [-1, 7]], [[2185, 4299], [-2, 0], [-1, -1]], [[2182, 4298], [-2, -10], [-1, -17]], [[2179, 4271], [-2, -7], [-1, -21], [-3, -20], [0, -4], [-4, -9], [-2, -4], [-2, -2], [-8, 2], [-2, -2], [-4, -9], [-2, -6], [-3, -2], [-1, -5], [-2, -6], [0, -22], [-4, -19], [2, -17], [-1, -4], [-6, -9], [-2, -6], [-14, -50], [-102, -92]], [[2016, 3957], [-28, -52], [-18, -21]], [[1970, 3884], [-2, -17], [-2, -16], [4, -60], [0, -10], [0, -9]], [[1970, 3772], [-2, -9], [-1, -6]], [[1967, 3757], [-1, -2], [-4, -7], [0, -2], [-2, -19], [7, -41], [10, -28], [-9, -43], [-4, -4], [-7, 4], [-7, -2], [-28, -34]], [[1922, 3579], [-20, 2], [-20, 6]], [[1882, 3587], [-4, 2], [-2, 3], [0, 6], [-2, 11], [0, 25], [-20, 28]], [[1854, 3662], [-1, 11], [-8, 17], [-20, 134], [-6, 85], [-87, 71], [-3, 15], [-2, 48], [-8, 68], [-3, 7], [-5, 8], [-26, -10], [-12, 23]], [[1673, 4139], [-18, -2], [-10, 9]], [[1645, 4146], [-6, 13], [-8, 30], [-8, 13], [-2, 8], [-6, 18], [-5, 10], [-1, 9], [56, 110], [1, 8], [-1, 9], [-2, 8], [-1, 5], [1, 4], [10, -7], [13, 2], [3, 13], [2, 46], [-1, 30], [-2, 12], [-1, 5]], [[1687, 4492], [-5, 8], [-26, 13], [-19, 54]], [[1637, 4567], [-29, -56], [-15, 17]], [[1593, 4528], [-8, 22], [-2, 8], [-3, 7], [-2, 8]], [[1578, 4573], [-3, 3], [-2, 4], [-2, 2], [0, 6], [0, 1], [0, 4], [2, 8], [2, 5]], [[1575, 4606], [0, 19], [2, 17]], [[1577, 4642], [-2, 11], [-10, 26], [-14, 13], [-2, 2], [-2, -2], [-2, -3], [-2, -6], [-1, -2]], [[1542, 4681], [-2, 0], [-3, 2]], [[1537, 4683], [-4, 7], [-6, 0], [-1, 2]], [[1526, 4692], [-3, 4], [-6, 22]], [[1517, 4718], [0, 6], [4, 28]], [[1521, 4752], [-15, 38], [-8, 37], [-8, 17], [-5, 17]], [[1485, 4861], [9, 24], [2, 4], [25, 31], [6, 29], [72, -42], [57, 214], [72, -8], [7, 114], [48, -133], [13, 255], [79, 110], [138, 38]], [[2512, 4735], [-30, 41], [35, 23], [-5, -64]], [[2720, 5021], [89, -121], [-12, -225], [-48, -61], [-25, 110], [-50, -112], [-17, 198], [25, 204], [38, 7]], [[2299, 5646], [36, -56], [60, -503], [109, -79], [-48, -204], [30, -101], [-45, -14], [-116, 166], [-45, 397], [-139, 61], [72, 290], [26, 21], [48, -159], [-26, 155], [38, 26]], [[4350, 1408], [3, -81], [-25, 45], [22, 36]], [[4336, 1702], [41, -146], [-119, -253], [4, 112], [-115, 165], [-32, 157], [86, -45], [70, 81], [65, -71]], [[4019, 2472], [29, -62], [-129, -157], [-172, 103], [37, 105], [235, 11]], [[4312, 2493], [40, -56], [-58, -45], [-10, 95], [28, 6]], [[3532, 2558], [91, -105], [101, 25], [4, -191], [46, -41], [-13, -159], [78, -116], [192, 67], [84, -108], [-16, -429], [52, -131], [-290, 275], [-119, -99], [-362, 129]], [[4472, 4148], [-22, 238], [54, 241], [8, -399], [-40, -80]], [[4569, 5132], [-12, -112], [-45, 16], [-4, -273], [-32, 98], [-7, -103], [34, -83], [-63, -278], [-285, -329], [-16, 486], [-15, -90], [-35, 39]], [[4089, 4503], [34, 255], [6, 63], [1, 8], [7, 20], [1, 2], [15, 10], [4, 3], [1, 2], [1, 4], [3, 7]], [[4162, 4877], [1, 6], [0, 4]], [[4163, 4887], [0, 7], [1, 4], [17, 17], [1, 4], [1, 3], [4, 12], [2, 9], [26, 153], [-5, 92], [96, 138], [-5, 28], [11, 66], [-5, 47], [1, 20]], [[4308, 5487], [14, 172], [1, 13], [1, 6]], [[4324, 5678], [2, 6], [10, 9], [17, 7], [19, 23], [5, 4], [3, 0], [1, -6], [0, -8], [-1, -26]], [[5983, 181], [-36, -140], [-82, -41], [-1, 69], [123, 196], [-4, -84]], [[5682, 293], [-14, -99], [-40, 24], [54, 75]], [[5281, 963], [165, -384], [-19, -125], [-54, -65], [-66, 58], [-108, 276], [-113, 36], [-32, 101], [70, 108], [157, -5]], [[6327, 1049], [50, 4], [-4, -75], [-41, -12], [20, -168], [-125, -365], [-221, -129], [65, 167], [-40, 41], [50, 294], [51, 101], [59, -94], [33, 183], [101, 122], [2, -69]], [[5213, 1382], [24, 20], [-20, -104], [-4, 84]], [[5170, 1492], [25, -52], [-44, -103], [19, 155]], [[5981, 1578], [0, -93], [-58, 11], [58, 82]], [[6121, 1569], [-79, -187], [-75, 30], [56, 101], [-15, 50], [33, 9], [-1, -76], [19, 93], [62, -20]], [[6182, 1481], [-28, -101], [-42, 63], [80, 159], [-10, -121]], [[6256, 1627], [111, -28], [9, -109], [-168, -56], [43, 133], [-33, 7], [38, 53]], [[5917, 1634], [8, -95], [-48, -68], [0, -102], [-220, -150], [-81, 60], [-12, -73], [-74, -8], [-174, 113], [-55, -58], [-21, 78], [15, 195], [118, 104], [227, -237], [110, 97], [57, -127], [127, 198], [13, 55], [-42, -19], [12, 71], [40, -34]], [[5639, 4754], [-109, 39]], [[5530, 4793], [-12, 139], [-54, 39], [-123, -202], [47, -178], [2, -828], [-41, -300], [42, -280], [-30, 67], [-128, -112], [-61, 71], [-17, 138], [66, 818], [-40, 157], [12, 90], [-12, 168]], [[5181, 4580], [-9, 39], [2, 13], [2, 4], [2, 2], [7, -6], [4, 2], [4, 6], [6, 13], [5, 7], [4, 6], [10, 6], [3, 3], [0, 6], [-8, 30], [-13, 92], [-1, 11], [0, 11], [1, 39], [-5, 27], [13, 7], [12, -7], [5, 0], [15, 11], [8, 11], [3, 7]], [[5251, 4920], [1, 8], [1, 4]], [[5253, 4932], [-5, 18], [2, 27], [-7, 28], [-2, 46], [-4, 23], [4, 39], [-2, 6], [-3, 11], [-7, 19], [-3, 3], [-5, 6], [-2, 4], [-1, 5], [0, 8], [1, 11], [1, 28], [1, 11]], [[5221, 5225], [2, 12], [23, 56]], [[5246, 5293], [7, 2], [3, 3], [3, 6], [13, 63]], [[5272, 5367], [113, 68], [77, -227], [146, -104], [72, -170], [-41, -180]], [[5272, 5367], [-13, -63], [-3, -6], [-3, -3], [-7, -2], [-25, -68], [-1, -11], [-1, -28], [-1, -11], [0, -8], [1, -5], [2, -4], [5, -6], [3, -3], [7, -19], [3, -11], [2, -6], [-4, -39], [4, -23], [2, -46], [7, -28], [-2, -27], [5, -18], [-2, -12], [-3, -7], [-8, -11], [-15, -11], [-5, 0], [-12, 7], [-13, -7], [5, -27], [-1, -39], [0, -11], [1, -11], [13, -92], [8, -30], [0, -6], [-3, -3], [-10, -6], [-4, -6], [-5, -7], [-6, -13], [-4, -6], [-4, -2], [-7, 6], [-2, -2], [-2, -4]], [[5174, 4632], [-1, -5], [-1, -8]], [[5172, 4619], [1, -13], [8, -26]], [[5181, 4580], [7, -122], [-41, 36], [-77, -86], [-36, 288], [26, 131], [-27, 56], [81, 189], [17, 264], [28, 30], [-6, 424], [54, 245]], [[5207, 6035], [0, -116], [8, -73]], [[5215, 5846], [-20, -52], [-5, -30]], [[5190, 5764], [0, -13], [1, -11], [3, -6], [29, -32], [3, -5], [3, -10], [2, -9], [2, -17], [4, -62], [1, -15], [2, -13], [9, -33], [12, -36], [4, -17], [-4, -89], [11, -29]], [[2016, 6293], [-8, -129], [-34, -28], [-15, 155], [57, 2]], [[2024, 6535], [88, -180], [-118, 43], [30, 137]], [[1935, 7056], [21, -16], [-20, -34], [-16, 90], [15, -40]], [[1931, 7210], [-13, -90], [-40, 49], [53, 41]], [[2025, 7243], [1, -217], [-31, 135], [-44, -24], [21, 95], [53, 11]], [[2280, 8298], [-14, -78], [-5, 127], [19, -49]], [[2819, 8947], [21, -127], [-47, -133], [-20, 30], [36, 56], [-58, 131], [51, 137], [17, -94]], [[6042, 6718], [-83, 121], [-374, -33]], [[5585, 6806], [2, 15], [1, 5], [-3, 47], [-19, 11], [-4, 10], [-2, 11], [-12, 34]], [[5548, 6939], [12, 15], [4, 9]], [[5564, 6963], [1, 6], [5, 26]], [[5570, 6995], [3, 15], [5, 13]], [[5578, 7023], [9, 15], [3, 3], [4, 2], [4, 2], [19, -11], [3, 0], [2, 2], [75, 77], [2, 0], [2, 0], [3, -2], [22, -21], [12, 4]], [[5738, 7094], [33, 50], [140, -123], [53, 67]], [[5964, 7088], [83, -224], [-5, -146]], [[1485, 4861], [-33, 22], [-10, 24], [-5, 4], [-3, 2], [-12, 17], [-8, 17], [-7, 20], [-5, 21], [-8, 18], [-3, 23], [-3, 7], [-7, 8], [-3, 6], [-2, 7], [-5, 60], [-4, 17], [-1, 11], [-4, 9], [-3, 6], [-9, 22], [-5, 2], [-18, -35]], [[1327, 5149], [-42, 226], [-5, 67], [-2, 62], [8, -4], [4, 2], [12, -11], [38, 15], [10, -8], [6, 10], [10, 37], [8, 21], [18, 37], [4, 15], [3, 11], [2, 23], [-2, 9], [0, 6], [3, 24], [-4, 36], [2, 30], [2, 5], [1, 2]], [[1403, 5764], [11, 6], [6, 7]], [[1420, 5777], [4, 9], [6, 17], [4, 26], [0, 12], [-12, 9], [-3, 56]], [[1419, 5906], [24, 24], [2, 2], [20, 66]], [[1465, 5998], [44, 18], [3, 0], [9, -7], [2, -2], [2, -5], [3, -23], [12, -32], [3, -7], [0, -6], [1, -5], [0, -2], [1, -2], [8, -6], [8, -24], [24, -15], [57, 176], [136, 28]], [[1778, 6084], [84, -195], [117, 26], [34, -418]], [[4236, 6424], [8, 23], [2, 2], [6, 9], [2, 2], [2, 5], [1, 4], [2, 9], [17, 55], [5, 11], [3, 0], [10, 4], [14, -8], [0, -2], [2, -2], [0, -3], [0, -2], [-2, -19], [-3, -39], [-1, -8], [-6, -33], [-2, -12], [-2, -74]], [[4294, 6346], [30, -273], [10, -66]], [[4334, 6007], [12, -32], [46, -97]], [[4392, 5878], [3, -2], [7, 10], [4, 3]], [[4406, 5889], [3, -73], [-1, -7], [-1, -30], [-1, -13], [-11, -56], [-3, -13], [-4, -10], [-8, 0]], [[4380, 5687], [1, 26], [0, 8], [-1, 6], [-3, 0], [-5, -4], [-19, -23], [-17, -7], [-10, -9], [-2, -6], [-16, -191], [-1, -20], [5, -47], [-11, -66], [5, -28], [-96, -138], [5, -92]], [[4215, 5096], [-20, -90], [-3, -24], [-3, -39]], [[4189, 4943], [-2, -9], [-4, -12], [-1, -3], [-1, -4], [-17, -17], [-1, -4], [0, -7], [-1, -10], [-3, -7], [-1, -4], [-1, -2], [-4, -3], [-15, -10], [-1, -2], [-7, -20], [-1, -8]], [[4129, 4821], [-1, -7], [-5, -56]], [[4123, 4758], [-34, -255]], [[4089, 4503], [12, 131], [-38, -101], [-15, 114], [-16, -97], [-87, -60], [-4, 167], [-65, 7], [10, -65], [-67, 207], [-3, -142], [-81, -149], [-92, 50], [-67, -140], [-28, 490], [-39, -165], [-44, 56], [-80, -99], [-48, 38], [44, 74], [-1, 8]], [[3380, 4827], [6, 7], [2, 2], [2, 4], [4, 19], [3, 24], [3, 9], [3, 6], [12, 15], [2, 4], [3, 5], [1, 8], [2, 7], [-8, 71], [2, 103], [-30, 197], [9, 185], [-5, 22], [0, 6], [2, 15], [-1, 15], [-1, 4], [-2, 1], [-11, -9], [-3, 6], [-2, 7], [-2, 8], [0, 5], [0, 6], [2, 5], [2, 6], [4, 15], [17, 28], [15, -9], [2, 0], [4, 3], [205, 468], [3, 2], [26, -2], [27, -11], [44, 30], [122, 138], [16, -45], [2, -3], [4, 1], [10, 68], [-11, 58], [49, 157], [-34, 187], [8, 7], [14, 12], [25, -8], [17, 28], [2, 6], [1, 33], [0, 10], [2, 9]], [[3949, 6772], [6, 19], [8, 37]], [[3963, 6828], [5, 10], [3, 11], [6, 11]], [[3977, 6860], [6, 6], [10, 3], [3, 2], [9, 10], [4, 3], [8, 2], [4, 2], [2, 6], [4, 13], [8, 5], [28, 2], [14, -22], [4, -2], [16, -8], [3, -3], [4, -2], [60, 20], [5, 8], [4, 11], [6, 11], [26, 19], [2, 4]], [[4207, 6950], [2, 9], [1, 4]], [[4210, 6963], [1, 2], [1, 0]], [[4212, 6965], [13, 2], [3, 0], [3, -2]], [[4231, 6965], [2, -15], [9, -15]], [[4242, 6935], [3, -17], [2, -7], [2, -30], [3, -21], [0, -7]], [[4252, 6853], [-2, -15], [-2, -8], [-5, -11], [-2, -6]], [[4241, 6813], [-12, -69], [-4, -30], [5, -80], [8, -40], [1, -9], [1, -7], [0, -8]], [[4240, 6570], [-1, -5], [-6, -45], [-4, -42], [2, -46]], [[4231, 6432], [2, -8]], [[4233, 6424], [2, 0], [1, 0]], [[8259, 3854], [16, -45], [-68, 128], [52, -83]], [[7551, 5480], [17, -176], [-48, -49], [-112, 112], [143, 113]], [[7681, 5955], [32, -32], [-26, -236], [-70, 228], [64, 40]], [[7660, 6052], [-98, -99], [14, 78], [84, 21]], [[8558, 3815], [-50, 92], [8, 99], [66, 11], [-67, 23], [-35, -73], [-43, 104], [-5, -97], [-41, 180], [-32, -68], [-32, 169], [-4, -83], [-28, 34], [-2, 279], [56, 71], [-14, 121], [-45, -123], [-11, -185], [-25, 26], [17, -107], [-42, -110], [9, -90], [-107, -149], [-55, 276], [46, 77], [-26, 174], [-32, -28], [-76, 243], [-78, 15], [-4, 90], [55, 67], [120, -90], [100, 240], [47, -60], [-1, -103], [16, 114], [0, -93], [6, 74], [38, -15], [8, -110], [8, 129], [23, -88], [-15, 135], [59, 30], [-31, 30], [19, 88], [-36, -36], [34, 96], [-67, -79], [-303, -6], [-81, 234], [10, 225], [-232, 84], [65, 181], [2, 187], [142, 79], [118, 209], [130, -58], [95, -177], [132, -2], [45, -90], [-31, -58], [55, -251], [-45, -209], [16, -406], [66, -348], [6, 206], [35, 15], [6, -208]], [[8520, 4722], [-103, -342], [234, -256], [-93, -309]], [[7657, 6527], [116, -178], [-83, -43], [-72, 174], [67, -179], [-48, -45], [-10, 93], [-32, -89], [-5, 110], [-68, 36], [135, 121]], [[706, 6218], [-46, -7], [34, 170], [12, -163]], [[722, 6361], [-4, -62], [-53, 226], [57, -164]], [[736, 6636], [48, -55], [-66, 4], [18, 51]], [[464, 7459], [123, -328], [-26, -260], [-164, 513], [67, 75]], [[1074, 6987], [-101, 79], [43, -232], [-75, 37], [-90, -189]], [[851, 6682], [-95, 799], [24, 71], [-156, 311]], [[624, 7863], [-49, 652], [28, 45], [-45, 249], [65, 310], [45, 21], [-20, -108], [18, 41], [320, -619], [49, -143], [6, -209], [10, 75], [15, -120], [17, 109], [24, -94]], [[1107, 8072], [-6, -383], [32, -184], [-82, -142], [34, -133], [-11, -243]], [[1846, 6323], [-63, 8], [20, 65], [43, -73]], [[1723, 6838], [6, 116], [19, -81], [-25, -35]], [[1608, 7127], [81, -91], [2, -84], [-135, 101], [21, 48], [-3, 107], [34, -81]], [[1692, 7156], [19, -128], [-108, 114], [28, 86], [61, -72]], [[1569, 7107], [-20, -17], [-28, 88], [-5, 196], [55, -101], [-2, -166]], [[1521, 7472], [54, -49], [4, -127], [-108, 204], [50, -28]], [[1410, 7765], [-2, -168], [-48, -22], [-16, 185], [66, 5]], [[1419, 5906], [-197, 430], [-25, 144], [21, 171], [-125, 151], [-19, 185]], [[1107, 8072], [25, -170], [110, -273], [-31, 232], [55, 48], [80, -351], [69, -30], [79, -167], [20, -217], [46, -132], [97, -47], [44, -127], [-107, -201], [-31, 36], [30, -49], [168, 227], [86, -178], [9, -148], [-115, -149], [48, 28], [-31, -94], [54, -41], [-49, -7], [15, -178]], [[1778, 6084], [-136, -28], [-57, -176], [-24, 15], [-8, 24], [-8, 6], [-1, 2], [0, 2], [-1, 5], [0, 6], [-3, 7], [-12, 32]], [[1528, 5979], [-1, 15], [-2, 8]], [[1525, 6002], [-2, 5], [-2, 2], [-9, 7], [-3, 0], [-44, -18], [-46, -92]], [[5964, 7088], [182, -58], [141, 221], [-10, 99], [111, 193], [41, -114], [-169, -629], [-218, -82]], [[6507, 8661], [0, -73], [-26, 40], [-15, 164], [41, -131]], [[6775, 9267], [11, -129], [-52, -172], [26, 135], [-16, 189], [31, -23]], [[6607, 5035], [-46, 230], [16, 73], [30, -303]], [[6466, 5444], [202, -19], [-200, -74], [-2, 93]], [[6273, 5543], [164, -60], [7, -91], [-198, -69], [-16, 106], [43, 114]], [[6993, 5654], [70, -146], [-169, 26], [10, 133], [46, 50], [43, -63]], [[6881, 6054], [-35, 6], [10, 89], [25, -95]], [[6950, 6276], [4, -179], [55, -37], [-32, -73], [-29, 84], [-36, -40], [-36, 208], [15, 92], [59, -55]], [[6858, 6377], [12, -130], [-32, -38], [20, 168]], [[7041, 7872], [-45, -210], [37, -80], [1, -253], [-84, -237], [53, -58], [67, 204], [-19, 62], [24, 82], [114, 112], [-4, -307], [-107, -183], [103, -133], [2, -129], [46, -75], [-218, 131], [16, -430], [101, -396], [-90, 131], [-79, 286], [10, 333], [-42, 151], [21, 165], [-50, 142], [40, 421], [103, 271]], [[7159, 8132], [22, -103], [-26, -196], [-66, -79], [-15, 178], [85, 200]], [[1141, 4679], [-1, -161], [-60, 326], [61, -165]], [[1083, 4864], [-40, -46], [-8, 211], [48, -165]], [[974, 5242], [33, -149], [-72, 138], [14, 80], [25, -69]], [[801, 5959], [72, -507], [-79, 58], [-64, 291], [16, 148], [55, 10]], [[1419, 5906], [3, -15], [0, -15], [0, -26]], [[1422, 5850], [12, -9], [0, -12], [-4, -26], [-6, -17], [-4, -9], [-17, -13], [-1, -2], [-2, -5], [-2, -30], [4, -36], [-3, -24], [0, -6]], [[1399, 5661], [1, -4], [1, -5]], [[1401, 5652], [0, -4], [-2, -19]], [[1399, 5629], [-3, -11], [-4, -15], [-18, -37], [-8, -21], [-10, -37], [-6, -10], [-10, 8], [-38, -15], [-12, 11], [-4, -2], [-8, 4], [2, -62], [5, -67]], [[1285, 5375], [25, -97], [9, -58], [8, -71]], [[1261, 5036], [-160, 1001], [-145, 542], [-105, 103]], [[3326, 1915], [13, -8], [4, -5], [2, -8], [1, -4], [0, -7], [1, -28], [1, -15], [1, -103], [1, -6], [1, -3], [6, 2], [2, -40], [-169, 182], [0, 15], [1, 5], [3, 12], [11, 44], [2, 10], [1, 11], [-1, 17], [3, 11], [4, 6], [18, -2], [3, -26], [9, 28], [23, 46], [5, 19], [1, -5], [7, -90]], [[3280, 1973], [4, -21], [3, -17]], [[3287, 1935], [7, -15]], [[3294, 1920], [8, -5], [24, 0]], [[6960, 1578], [64, -47], [-27, -56], [-37, 103]], [[7671, 1466], [23, 7], [-95, -129], [72, 122]], [[7385, 1705], [0, -149], [-41, 99], [41, 50]], [[6723, 1864], [23, -56], [-80, -120], [-89, 58], [-61, -69], [44, 208], [143, 47], [20, -68]], [[6868, 1862], [-3, 88], [24, -18], [-21, -70]], [[7808, 2057], [-9, -283], [-74, -239], [-44, 17], [32, 314], [95, 191]], [[7867, 2089], [10, -98], [-51, 79], [41, 19]], [[8479, 2442], [-16, -67], [-43, 114], [23, 45], [36, -92]], [[8439, 2431], [13, -123], [-74, -169], [-29, 101], [17, 193], [22, -34], [-21, 210], [72, -178]], [[8380, 2717], [26, -37], [-7, -51], [39, -91], [-58, 59], [0, 120]], [[8482, 3076], [38, -161], [-8, -188], [-30, 14], [38, -93], [-41, -172], [-70, 144], [2, 63], [18, 19], [-18, 69], [22, 77], [-40, 54], [89, 174]], [[8133, 2972], [-49, -214], [76, 438], [-27, -224]], [[7119, 4305], [0, 64], [28, -30], [-28, -34]], [[7095, 4341], [-19, -92], [-67, -22], [23, 106], [63, 8]], [[7170, 4359], [15, -50], [-37, 77], [22, -27]], [[6780, 4636], [83, -163], [-5, -144], [-110, -147], [-117, 144], [-41, 164], [19, 152], [171, -6]], [[7367, 4814], [231, -226], [62, -279], [-9, -182], [-209, 343], [-84, 22], [-6, -99], [-115, 73], [-18, 95], [-88, -157], [-68, 247], [-60, -277], [-11, 219], [57, 58], [16, 129], [194, 24], [27, -95], [81, 105]], [[4596, 1567], [-38, -298], [-152, 51], [52, 47], [-12, 172], [54, 121], [96, -93]], [[4767, 1569], [-14, 116], [38, 18], [-24, -134]], [[4856, 1730], [70, -163], [72, 45], [3, -154], [19, 131], [49, 8], [39, -247], [-151, -77], [-9, 167], [-56, -167], [-229, -129], [-64, 53], [17, 301], [75, 86], [90, -51], [38, -168], [100, 41], [-120, 249], [57, 75]], [[5703, 3484], [31, -58], [-8, -165], [-48, 126], [25, 97]], [[5887, 3563], [-40, -281], [-18, 80], [-50, -46], [24, 372], [71, 75], [13, -200]], [[5981, 3722], [0, -100], [-34, 64], [-24, -258], [56, -81], [-72, -91], [-15, -137], [-34, 8], [-18, 105], [54, 173], [23, 442], [38, 48], [26, -173]], [[5955, 4129], [36, -32], [-24, -112], [-40, 118], [28, 26]], [[5639, 4754], [159, -163]], [[5798, 4591], [8, -119], [-27, 37], [-10, -129], [96, -182], [-24, -46], [30, -103], [34, 48], [10, -200], [-49, 47], [19, -103], [-113, 15], [-40, -93], [8, -127], [-82, 5], [-48, 127], [33, 320], [-159, 356], [46, 349]], [[6066, 5568], [-17, -66], [8, 139], [9, -73]], [[5986, 5837], [7, -144], [38, 105], [31, -40], [-5, -89], [-52, 7], [-24, -120], [-7, 193], [-59, -170], [6, 241], [65, 17]], [[5697, 6290], [9, -64], [-55, -22], [46, 86]], [[5799, 6392], [10, -69], [-32, 88], [22, -19]], [[5190, 5764], [24, 71], [1, 11]], [[5215, 5846], [-2, 19], [-6, 54]], [[5207, 5919], [0, 116]], [[5207, 6035], [20, 81], [16, 37], [27, -120], [-13, 423], [-37, 64], [47, -27], [-13, 180], [55, 294], [50, 155], [62, -125], [73, 340], [116, -32], [29, -140], [130, -17], [-31, -54]], [[5738, 7094], [-12, -4], [-22, 21], [-3, 2], [-2, 0], [-2, 0], [-75, -77], [-2, -2], [-3, 0]], [[5617, 7034], [-13, 9], [-6, 2]], [[5598, 7045], [-4, -2], [-4, -2], [-3, -3], [-9, -15], [-8, -28], [-5, -26], [-1, -6], [-16, -24], [12, -34], [2, -11], [4, -10], [19, -11], [3, -47], [-1, -5], [-2, -15]], [[5585, 6806], [-1, 0], [-2, 2], [-7, 11], [-5, -2], [-33, -45], [-92, 75], [-65, -32], [-81, -409], [20, -268], [87, -189], [37, -250], [93, -8], [110, 361], [66, -93], [61, 114], [155, 1], [-42, 68], [70, 52], [77, -58], [-14, -230], [-55, 124], [-55, -40], [-102, -353], [-109, -105], [-37, -142], [-85, 56], [211, -645], [-2, -90], [42, -69], [-29, -51]], [[9441, 1034], [-83, 20], [58, 113], [25, -133]], [[9443, 1240], [-126, -219], [-171, 24], [97, 496], [94, 136], [96, 4], [60, -146], [-48, -202], [-2, -93]], [[8710, 5511], [328, -147], [-147, -66], [-181, 213]], [[8520, 4722], [12, -95], [29, 52], [-9, -149], [37, -126], [115, -26], [184, 501], [28, 210], [186, 73], [-12, 202], [168, 205], [456, -604], [90, 19], [140, -129], [-6, -90], [61, 19], [-38, -2505], [-35, -241], [27, -134], [-40, -1476], [-215, 660], [43, 195], [-45, -131], [-138, -41], [-37, 172], [-77, -210], [-14, 118], [20, 28], [1, 108], [46, 219], [-94, 255], [135, 7], [-93, 21], [-63, 159], [88, 35], [59, -95], [-115, 189], [34, 2], [-81, 211], [-41, 325], [34, 49], [-58, 47], [50, 56], [-69, -23], [3, 208], [-17, -43], [-162, 372], [-104, 15], [-200, 296], [-165, 45], [-80, 138]], [[8699, 6110], [103, -32], [117, -273], [-114, -35], [-28, 220], [-70, 32], [-8, 88]]], "transform": {"translate": [-4983, 787], "scale": [1.4983498349834985, 0.5346534653465346]}, "objects": {"features": {"type": "GeometryCollection", "geometries": [{"type": "MultiPolygon", "properties": {"labelrank": 6, "code_hasc": "ID.AC", "name": "Aceh", "admin": "Indonesia", "type_en": "Autonomous Province", "region": "", "woe_id": 2345710, "longitude": 96, "woe_name": "Aceh", "fips": "ID01", "woe_label": "Aceh, ID, Indonesia", "latitude": 4, "iso_a2": "ID", "postal": "AC", "type": "Propinsi", "id": "ID.AC"}, "arcs": [[[0]], [[1, 2]]]}, {"type": "MultiPolygon", "properties": {"labelrank": 2, "code_hasc": "ID.KI", "name": "Kalimantan Timur", "admin": "Indonesia", "type_en": "Province", "region": "", "woe_id": 2345723, "longitude": 116, "woe_name": "Kalimantan Timur", "fips": "ID14", "woe_label": "East Kalimantan, ID, Indonesia", "latitude": 1, "iso_a2": "ID", "postal": "KI", "type": "Propinsi", "id": "ID.KI"}, "arcs": [[[3]], [[4, 5, 6, 7, 8, 9]]]}, {"type": "Polygon", "properties": {"labelrank": 2, "code_hasc": "ID.JR", "name": "Jawa Barat", "admin": "Indonesia", "type_en": "Province", "region": "", "woe_id": 2345715, "longitude": 107, "woe_name": "Jawa Barat", "fips": "ID30", "woe_label": "West Java, ID, Indonesia", "latitude": -6, "iso_a2": "ID", "postal": "JR", "type": "Propinsi", "id": "ID.JR"}, "arcs": [[10, 11, 12, 13, 14, 15, 16, 17, 18, 19, 20]]}, {"type": "MultiPolygon", "properties": {"labelrank": 2, "code_hasc": "ID.JT", "name": "Jawa Tengah", "admin": "Indonesia", "type_en": "Province", "region": "", "woe_id": 2345716, "longitude": 109, "woe_name": "Jawa Tengah", "fips": "ID07", "woe_label": "Central Java, ID, Indonesia", "latitude": -7, "iso_a2": "ID", "postal": "JT", "type": "Propinsi", "id": "ID.JT"}, "arcs": [[[21]], [[22, 23, 24, 25, -16, 26, 27, 28, 29, 30]]]}, {"type": "MultiPolygon", "properties": {"labelrank": 7, "code_hasc": "ID.BE", "name": "Bengkulu", "admin": "Indonesia", "type_en": "Province", "region": "", "woe_id": 2345712, "longitude": 102, "woe_name": "Bengkulu", "fips": "ID03", "woe_label": "Bengkulu, ID, Indonesia", "latitude": -3, "iso_a2": "ID", "postal": "BE", "type": "Propinsi", "id": "ID.BE"}, "arcs": [[[31]], [[32, 33, 34, 35, 36, 37, 38, 39, 40, 41, 42, 43, 44, 45, 46, 47, 48, 49, 50, 51, 52, 53]]]}, {"type": "Polygon", "properties": {"labelrank": 2, "code_hasc": "ID.BT", "name": "Banten", "admin": "Indonesia", "type_en": "Province", "region": "", "woe_id": 28350158, "longitude": 106, "woe_name": "Banten", "fips": "ID33", "woe_label": "Banten, ID, Indonesia", "latitude": -6, "iso_a2": "ID", "postal": "BT", "type": "Propinsi", "id": "ID.BT"}, "arcs": [[54, 55, 56, 57, 58, 59, 60]]}, {"type": "Polygon", "properties": {"labelrank": 9, "code_hasc": "ID.JK", "name": "Jakarta Raya", "admin": "Indonesia", "type_en": "Special district", "region": "", "woe_id": 2345713, "longitude": 106, "woe_name": "Jakarta Raya", "fips": "ID04", "woe_label": "DKI Jakarta, ID, Indonesia", "latitude": -6, "iso_a2": "ID", "postal": "JK", "type": "Daerah Khusus Ibukota", "id": "ID.JK"}, "arcs": [[-55, 61, -11]]}, {"type": "MultiPolygon", "properties": {"labelrank": 2, "code_hasc": "ID.KB", "name": "Kalimantan Barat", "admin": "Indonesia", "type_en": "Province", "region": "", "woe_id": 2345720, "longitude": 111, "woe_name": "Kalimantan Barat", "fips": "ID11", "woe_label": "West Kalimantan, ID, Indonesia", "latitude": 0, "iso_a2": "ID", "postal": "KB", "type": "Propinsi", "id": "ID.KB"}, "arcs": [[[62]], [[63, 64, 65, 66, 67, 68, 69, 70, -8]]]}, {"type": "Polygon", "properties": {"labelrank": 2, "code_hasc": "ID.LA", "name": "Lampung", "admin": "Indonesia", "type_en": "Province", "region": "", "woe_id": 2345724, "longitude": 105, "woe_name": "Lampung", "fips": "ID15", "woe_label": "Lampung, ID, Indonesia", "latitude": -4, "iso_a2": "ID", "postal": "LA", "type": "Propinsi", "id": "ID.LA"}, "arcs": [[71, 72, 73, -33]]}, {"type": "Polygon", "properties": {"labelrank": 2, "code_hasc": "ID.SL", "name": "Sumatera Selatan", "admin": "Indonesia", "type_en": "Province", "region": "", "woe_id": 2345734, "longitude": 104, "woe_name": "Sumatera Selatan", "fips": "ID32", "woe_label": "South Sumatra, ID, Indonesia", "latitude": -3, "iso_a2": "ID", "postal": "SL", "type": "Propinsi", "id": "ID.SL"}, "arcs": [[74, 75, 76, 77, 78, 79, 80, 81, 82, 83, 84, 85, 86, 87, 88, 89, 90, 91, 92, 93, 94, 95, 96, 97, 98, 99]]}, {"type": "MultiPolygon", "properties": {"labelrank": 2, "code_hasc": "ID.BB", "name": "Bangka-Belitung", "admin": "Indonesia", "type_en": "Province", "region": "", "woe_id": 28350154, "longitude": 106, "woe_name": "Bangka-Belitung", "fips": "ID35", "woe_label": "Bangka-Belitung, ID, Indonesia", "latitude": -2, "iso_a2": "ID", "postal": "BB", "type": "Propinsi", "id": "ID.BB"}, "arcs": [[[100]], [[101]], [[102]]]}, {"type": "MultiPolygon", "properties": {"labelrank": 2, "code_hasc": "ID.BA", "name": "Bali", "admin": "Indonesia", "type_en": "Province", "region": "", "woe_id": 2345711, "longitude": 115, "woe_name": "Bali", "fips": "ID02", "woe_label": "Bali, ID, Indonesia", "latitude": -8, "iso_a2": "ID", "postal": "BA", "type": "Propinsi", "id": "ID.BA"}, "arcs": [[[103]], [[104]]]}, {"type": "MultiPolygon", "properties": {"labelrank": 2, "code_hasc": "ID.JI", "name": "Jawa Timur", "admin": "Indonesia", "type_en": "Province", "region": "", "woe_id": 2345717, "longitude": 112, "woe_name": "Jawa Timur", "fips": "ID08", "woe_label": "East Java, ID, Indonesia", "latitude": -7, "iso_a2": "ID", "postal": "JI", "type": "Propinsi", "id": "ID.JI"}, "arcs": [[[105]], [[106]], [[107, -30]]]}, {"type": "MultiPolygon", "properties": {"labelrank": 2, "code_hasc": "ID.KS", "name": "Kalimantan Selatan", "admin": "Indonesia", "type_en": "Province", "region": "", "woe_id": 2345721, "longitude": 115, "woe_name": "Kalimantan Selatan", "fips": "ID12", "woe_label": "South Kalimantan, ID, Indonesia", "latitude": -3, "iso_a2": "ID", "postal": "KS", "type": "Propinsi", "id": "ID.KS"}, "arcs": [[[108]], [[109, 110, 111, 112, 113, 114, -10]]]}, {"type": "MultiPolygon", "properties": {"labelrank": 2, "code_hasc": "ID.NT", "name": "Nusa Tenggara Timur", "admin": "Indonesia", "type_en": "Province", "region": "", "woe_id": 2345727, "longitude": 120, "woe_name": "Nusa Tenggara Timur", "fips": "ID18", "woe_label": "East Nusa Tenggara, ID, Indonesia", "latitude": -8, "iso_a2": "ID", "postal": "NT", "type": "Propinsi", "id": "ID.NT"}, "arcs": [[[115]], [[116]], [[117]], [[118]], [[119]], [[120]], [[121]], [[122]], [[123]], [[124]], [[125]]]}, {"type": "Polygon", "properties": {"labelrank": 2, "code_hasc": "ID.SE", "name": "Sulawesi Selatan", "admin": "Indonesia", "type_en": "Province", "region": "", "woe_id": 2345729, "longitude": 119, "woe_name": "Sulawesi Selatan", "fips": "ID38", "woe_label": "South Sulawesi, ID, Indonesia", "latitude": -3, "iso_a2": "ID", "postal": "SE", "type": "Propinsi", "id": "ID.SE"}, "arcs": [[126, 127, 128, 129, 130, 131, 132, 133]]}, {"type": "Polygon", "properties": {"labelrank": 2, "code_hasc": "ID.SR", "name": "Sulawesi Barat", "admin": "Indonesia", "type_en": "Province", "region": "", "woe_id": 28350155, "longitude": 119, "woe_name": "Sulawesi Barat", "fips": "ID41", "woe_label": "West Sulawesi, ID, Indonesia", "latitude": -2, "iso_a2": "ID", "postal": "SR", "type": "Propinsi", "id": "ID.SR"}, "arcs": [[134, 135, 136, 137, 138, 139, 140]]}, {"type": "MultiPolygon", "properties": {"labelrank": 2, "code_hasc": "ID.KR", "name": "Kepulauan Riau", "admin": "Indonesia", "type_en": "Province", "region": "", "woe_id": 55949082, "longitude": 104, "woe_name": "Kepulauan Riau", "fips": "ID40", "woe_label": "Kepulauan Riau, ID, Indonesia", "latitude": 0, "iso_a2": "ID", "postal": "KR", "type": "Propinsi", "id": "ID.KR"}, "arcs": [[[141]], [[142]], [[143]], [[144]], [[145]], [[146]], [[147]]]}, {"type": "Polygon", "properties": {"labelrank": 7, "code_hasc": "ID.GO", "name": "Gorontalo", "admin": "Indonesia", "type_en": "Province", "region": "", "woe_id": 2345732, "longitude": 122, "woe_name": "Gorontalo", "fips": "ID34", "woe_label": "Gorontalo, ID, Indonesia", "latitude": 0, "iso_a2": "ID", "postal": "GO", "type": "Propinsi", "id": "ID.GO"}, "arcs": [[148, 149, 150, 151, 152, 153, 154, 155]]}, {"type": "Polygon", "properties": {"labelrank": 6, "code_hasc": "ID.JA", "name": "Jambi", "admin": "Indonesia", "type_en": "Province", "region": "", "woe_id": 2345714, "longitude": 102, "woe_name": "Jambi", "fips": "ID05", "woe_label": "Jambi, ID, Indonesia", "latitude": -1, "iso_a2": "ID", "postal": "JA", "type": "Propinsi", "id": "ID.JA"}, "arcs": [[156, 157, 158, 159, 160, 161, 162, -100]]}, {"type": "Polygon", "properties": {"labelrank": 2, "code_hasc": "ID.KT", "name": "Kalimantan Tengah", "admin": "Indonesia", "type_en": "Province", "region": "", "woe_id": 2345722, "longitude": 113, "woe_name": "Kalimantan Tengah", "fips": "ID13", "woe_label": "Central Kalimantan, ID, Indonesia", "latitude": -1, "iso_a2": "ID", "postal": "KT", "type": "Propinsi", "id": "ID.KT"}, "arcs": [[163, 164, 165, 166, 167, 168, 169, 170, 171, 172, 173, 174, 175, 176, 177, 178, 179, 180, 181, 182, 183, 184, 185, 186, 187]]}, {"type": "MultiPolygon", "properties": {"labelrank": 2, "code_hasc": "ID.IB", "name": "Irian Jaya Barat", "admin": "Indonesia", "type_en": "Province", "region": "", "woe_id": 28350157, "longitude": 132, "woe_name": "Irian Jaya Barat", "fips": "ID39", "woe_label": "West Papua, ID, Indonesia", "latitude": -1, "iso_a2": "ID", "postal": "IB", "type": "Propinsi", "id": "ID.IB"}, "arcs": [[[188]], [[189]], [[190]], [[191]], [[192, 193]], [[194]]]}, {"type": "MultiPolygon", "properties": {"labelrank": 2, "code_hasc": "ID.SU", "name": "Sumatera Utara", "admin": "Indonesia", "type_en": "Province", "region": "", "woe_id": 2345735, "longitude": 99, "woe_name": "Sumatera Utara", "fips": "ID26", "woe_label": "North Sumatra, ID, Indonesia", "latitude": 2, "iso_a2": "ID", "postal": "SU", "type": "Propinsi", "id": "ID.SU"}, "arcs": [[[195]], [[196]], [[197]], [[198]], [[199, 200, 201, 202]]]}, {"type": "MultiPolygon", "properties": {"labelrank": 2, "code_hasc": "ID.RI", "name": "Riau", "admin": "Indonesia", "type_en": "Province", "region": "", "woe_id": 2345728, "longitude": 101, "woe_name": "Riau", "fips": "ID37", "woe_label": "Riau, ID, Indonesia", "latitude": 0, "iso_a2": "ID", "postal": "RI", "type": "Propinsi", "id": "ID.RI"}, "arcs": [[[203]], [[204]], [[205]], [[206]], [[207]], [[208]], [[209]], [[210, -203, 211, 212, 213, 214]]]}, {"type": "MultiPolygon", "properties": {"labelrank": 2, "code_hasc": "ID.SW", "name": "Sulawesi Utara", "admin": "Indonesia", "type_en": "Province", "region": "", "woe_id": 28350156, "longitude": 124, "woe_name": "Sulawesi Utara", "fips": "ID31", "woe_label": "North Sulawesi, ID, Indonesia", "latitude": 0, "iso_a2": "ID", "postal": "SW", "type": "Propinsi", "id": "ID.SW"}, "arcs": [[[-156, 215]], [[216]], [[217]]]}, {"type": "MultiPolygon", "properties": {"labelrank": 2, "code_hasc": "ID.LA", "name": "Maluku Utara", "admin": "Indonesia", "type_en": "Province", "region": "", "woe_id": 20069998, "longitude": 125, "woe_name": "Maluku Utara", "fips": "ID29", "woe_label": "North Maluku, ID, Indonesia", "latitude": -2, "iso_a2": "ID", "postal": "LA", "type": "Propinsi", "id": "ID.133"}, "arcs": [[[218]], [[219]], [[220]], [[221]], [[222]], [[223]], [[224]], [[225]], [[226]]]}, {"type": "MultiPolygon", "properties": {"labelrank": 2, "code_hasc": "ID.SB", "name": "Sumatera Barat", "admin": "Indonesia", "type_en": "Province", "region": "", "woe_id": 2345733, "longitude": 100, "woe_name": "Sumatera Barat", "fips": "ID24", "woe_label": "West Sumatra, ID, Indonesia", "latitude": 0, "iso_a2": "ID", "postal": "SB", "type": "Propinsi", "id": "ID.SB"}, "arcs": [[[227]], [[228]], [[229]], [[230]], [[-211, 231, 232, 233, 234, 235, 236, -35, 237, -200]]]}, {"type": "Polygon", "properties": {"labelrank": 7, "code_hasc": "ID.YO", "name": "Yogyakarta", "admin": "Indonesia", "type_en": "Special region", "region": "", "woe_id": 2345719, "longitude": 110, "woe_name": "Yogyakarta", "fips": "ID10", "woe_label": "Special Region of Yogyakarta, ID, Indonesia", "latitude": -7, "iso_a2": "ID", "postal": "YO", "type": "Daerah Istimewa", "id": "ID.YO"}, "arcs": [[238, 239, 240, 241]]}, {"type": "MultiPolygon", "properties": {"labelrank": 2, "code_hasc": "ID.MA", "name": "Maluku", "admin": "Indonesia", "type_en": "Province", "region": "", "woe_id": 20069997, "longitude": 128, "woe_name": "Maluku", "fips": "ID28", "woe_label": "Maluku, ID, Indonesia", "latitude": -8, "iso_a2": "ID", "postal": "MA", "type": "Propinsi", "id": "ID.MA"}, "arcs": [[[242]], [[243]], [[244]], [[245]], [[246]], [[247]], [[248]], [[249]], [[250]], [[251]], [[252]], [[253]], [[254]], [[255]], [[256]], [[257]], [[258]]]}, {"type": "MultiPolygon", "properties": {"labelrank": 2, "code_hasc": "ID.NB", "name": "Nusa Tenggara Barat", "admin": "Indonesia", "type_en": "Province", "region": "", "woe_id": 2345726, "longitude": 116, "woe_name": "Nusa Tenggara Barat", "fips": "ID17", "woe_label": "West Nusa Tenggara, ID, Indonesia", "latitude": -8, "iso_a2": "ID", "postal": "NB", "type": "Propinsi", "id": "ID.NB"}, "arcs": [[[259]], [[260]], [[261]]]}, {"type": "MultiPolygon", "properties": {"labelrank": 2, "code_hasc": "ID.SG", "name": "Sulawesi Tenggara", "admin": "Indonesia", "type_en": "Province", "region": "", "woe_id": 2345731, "longitude": 122, "woe_name": "Sulawesi Tenggara", "fips": "ID22", "woe_label": "South East Sulawesi, ID, Indonesia", "latitude": -4, "iso_a2": "ID", "postal": "SG", "type": "Propinsi", "id": "ID.SG"}, "arcs": [[[262]], [[263]], [[264]], [[265]], [[266, 267, -127]]]}, {"type": "MultiPolygon", "properties": {"labelrank": 2, "code_hasc": "ID.ST", "name": "Sulawesi Tengah", "admin": "Indonesia", "type_en": "Province", "region": "", "woe_id": 2345730, "longitude": 120, "woe_name": "Sulawesi Tengah", "fips": "ID21", "woe_label": "Central Sulawesi, ID, Indonesia", "latitude": -1, "iso_a2": "ID", "postal": "ST", "type": "Propinsi", "id": "ID.ST"}, "arcs": [[[268]], [[269]], [[270]], [[271]], [[-134, -141, 272, 273, 274, 275, 276, 277, 278, 279, -267]]]}, {"type": "MultiPolygon", "properties": {"labelrank": 2, "code_hasc": "ID.PA", "name": "Papua", "admin": "Indonesia", "type_en": "Province", "region": "", "woe_id": 2345718, "longitude": 138, "woe_name": "Papua", "fips": "ID36", "woe_label": "Papua, ID, Indonesia", "latitude": -4, "iso_a2": "ID", "postal": "PA", "type": "Propinsi", "id": "ID.PA"}, "arcs": [[[280]], [[281]], [[282]], [[283, -194]], [[284]]]}]}}, "bbox": [-4983, 787, 9999, 6133], "type": "Topology"}