{"crs": {"type": "name", "properties": {"name": "urn:ogc:def:crs:EPSG:4326"}}, "ac-tx": {"default": {"crs": null, "scale": 1}}, "arcs": [[[3866, 3434], [394, 69], [0, -482], [-423, -72], [29, 485]], [[8767, 8656], [-169, 445], [375, 351], [150, -478], [-356, -318]], [[6211, 3845], [-112, -121], [-599, -521], [-250, -494]], [[5250, 2709], [-258, 725], [-505, -375]], [[4487, 3059], [-47, 876]], [[4440, 3935], [768, 536], [445, 191], [128, 206]], [[5781, 4868], [430, -1023]], [[6492, 5335], [-354, -436], [-126, 341]], [[6012, 5240], [101, 163], [179, -83], [200, 15]], [[7576, 6257], [293, -689]], [[7869, 5568], [-373, -369]], [[7496, 5199], [-278, 590]], [[7218, 5789], [358, 468]], [[7576, 6257], [-325, 469], [-483, -275], [-346, -359], [-78, -429], [-199, 71], [-91, 311], [221, 764], [603, 619]], [[6878, 7428], [584, -68]], [[7462, 7360], [130, -606], [423, -221]], [[8015, 6533], [-439, -276]], [[3284, 2729], [325, -221], [-114, -165], [-358, 82]], [[3137, 2425], [147, 304]], [[3729, 2206], [678, 601], [80, 252]], [[5250, 2709], [-129, -256], [-813, -1075], [-211, -155]], [[4097, 1223], [-368, 983]], [[4487, 3059], [-227, -38]], [[4260, 3021], [0, 482], [-394, -69], [-29, -485]], [[3837, 2949], [-456, 276], [-360, 751], [131, 254], [1288, -295]], [[8015, 6533], [715, -386], [-861, -579]], [[6878, 7428], [373, 842], [666, 652], [887, 1077], [1195, -1454], [-326, -634], [-16, -634], [-195, 221], [-293, 386], [-561, 199], [-187, -309], [-260, 468], [-699, -882]], [[8598, 9101], [169, -445], [356, 318], [-150, 478], [-375, -351]], [[959, 1488], [-715, -219]], [[244, 1269], [-114, 412], [-130, 772], [392, -260], [-56, 509], [144, 683], [-220, 694], [309, -165], [146, 414], [195, -414], [260, -386], [-374, -469], [-117, -804], [-94, -243], [211, -248], [764, -138], [0, -221], [-601, 83]], [[1282, 4054], [-193, -130], [424, 862], [293, 402], [142, 382], [177, 238], [50, -47], [-82, -451], [-287, -388], [-5, -434], [-217, -52], [-167, -156], [-135, -226]], [[6492, 5335], [531, 40], [195, 414]], [[7496, 5199], [-408, -403], [-877, -951]], [[5781, 4868], [231, 372]], [[2971, 441], [-793, -441], [-634, 27], [-488, 28], [-650, 634], [-162, 580]], [[959, 1488], [-49, -469], [276, -551], [456, 0], [585, 359]], [[2227, 827], [512, 156], [232, -542]], [[4097, 1223], [-878, -645], [-248, -137]], [[2227, 827], [163, 496], [390, 55], [699, 606], [250, 222]], [[3137, 2425], [-390, -82], [-390, 55], [-114, 386], [130, 138], [358, -138], [228, 110], [146, 83], [179, -248]]], "transform": {"translate": [-64.88599398897043, 32.24807738159578], "scale": [2.3838712204205053e-05, 1.4059462286664265e-05]}, "objects": {"features": {"type": "GeometryCollection", "geometries": [{"type": "Polygon", "properties": {"labelrank": 20, "code_hasc": "BM.HC", "name": "City of Hamilton", "admin": "Bermuda", "type_en": "", "region": "", "woe_id": 20069918, "longitude": -64, "woe_name": "Hamilton", "fips": "", "woe_label": "", "latitude": 32, "iso_a2": "BM", "postal": "", "type": "", "id": "BM.HC"}, "arcs": [[0]]}, {"type": "Polygon", "properties": {"labelrank": 20, "code_hasc": "BM.SG", "name": "City of Saint George", "admin": "Bermuda", "type_en": "", "region": "", "woe_id": 20069917, "longitude": -64, "woe_name": "Saint George", "fips": "", "woe_label": "Saint George, BM, Bermuda", "latitude": 32, "iso_a2": "BM", "postal": "", "type": "", "id": "BM.SG"}, "arcs": [[1]]}, {"type": "Polygon", "properties": {"labelrank": 20, "code_hasc": "BM.DE", "name": "Devonshire", "admin": "Bermuda", "type_en": "", "region": "", "woe_id": 2344751, "longitude": -64, "woe_name": "Devonshire", "fips": "", "woe_label": "", "latitude": 32, "iso_a2": "BM", "postal": "", "type": "", "id": "BM.DE"}, "arcs": [[2, 3, 4, 5, 6]]}, {"type": "MultiPolygon", "properties": {"labelrank": 20, "code_hasc": "BM.HA", "name": "Hamilton", "admin": "Bermuda", "type_en": "", "region": "", "woe_id": -99, "longitude": -64, "woe_name": "", "fips": "", "woe_label": "", "latitude": 32, "iso_a2": "BM", "postal": "", "type": "", "id": "BM.HA"}, "arcs": [[[7, 8]], [[9, 10, 11, 12]], [[13, 14, 15, 16]]]}, {"type": "MultiPolygon", "properties": {"labelrank": 20, "code_hasc": "BM.PA", "name": "Paget", "admin": "Bermuda", "type_en": "", "region": "", "woe_id": 2344754, "longitude": -64, "woe_name": "Paget", "fips": "", "woe_label": "Paget, BM, Bermuda", "latitude": 32, "iso_a2": "BM", "postal": "", "type": "", "id": "BM.PA"}, "arcs": [[[17, 18]], [[19, -4, 20, 21]]]}, {"type": "Polygon", "properties": {"labelrank": 20, "code_hasc": "BM.PE", "name": "Pembroke", "admin": "Bermuda", "type_en": "", "region": "", "woe_id": 2344753, "longitude": -64, "woe_name": "Pembroke", "fips": "", "woe_label": "Pembroke, BM, Bermuda", "latitude": 32, "iso_a2": "BM", "postal": "", "type": "", "id": "BM.PE"}, "arcs": [[22, 23, 24, -5]]}, {"type": "MultiPolygon", "properties": {"labelrank": 20, "code_hasc": "BM.SC", "name": "Saint George's", "admin": "Bermuda", "type_en": "", "region": "", "woe_id": 2344755, "longitude": -64, "woe_name": "Saint George's", "fips": "", "woe_label": "Saint George's, BM, Bermuda", "latitude": 32, "iso_a2": "BM", "postal": "", "type": "", "id": "BM.SC"}, "arcs": [[[-17, 25, -10]], [[26, -15], [27]]]}, {"type": "MultiPolygon", "properties": {"labelrank": 20, "code_hasc": "BM.SA", "name": "Sandys", "admin": "Bermuda", "type_en": "", "region": "", "woe_id": 2344756, "longitude": -64, "woe_name": "Sandys", "fips": "", "woe_label": "Sandys, BM, Bermuda", "latitude": 32, "iso_a2": "BM", "postal": "", "type": "", "id": "BM.SA"}, "arcs": [[[28, 29]], [[30]]]}, {"type": "Polygon", "properties": {"labelrank": 20, "code_hasc": "BM.SM", "name": "Smith's", "admin": "Bermuda", "type_en": "", "region": "", "woe_id": 2344757, "longitude": -64, "woe_name": "Smith's", "fips": "", "woe_label": "Smith's, BM, Bermuda", "latitude": 32, "iso_a2": "BM", "postal": "", "type": "", "id": "BM.SM"}, "arcs": [[-8, 31, -12, 32, -7, 33]]}, {"type": "Polygon", "properties": {"labelrank": 20, "code_hasc": "BM.SO", "name": "Southampton", "admin": "Bermuda", "type_en": "", "region": "", "woe_id": 2344758, "longitude": -64, "woe_name": "Southampton", "fips": "", "woe_label": "Southampton, BM, Bermuda", "latitude": 32, "iso_a2": "BM", "postal": "", "type": "", "id": "BM.SO"}, "arcs": [[34, -29, 35, 36]]}, {"type": "MultiPolygon", "properties": {"labelrank": 20, "code_hasc": "BM.WA", "name": "Warwick", "admin": "Bermuda", "type_en": "", "region": "", "woe_id": 2344759, "longitude": -64, "woe_name": "Warwick", "fips": "", "woe_label": "Warwick, BM, Bermuda", "latitude": 32, "iso_a2": "BM", "postal": "", "type": "", "id": "BM.WA"}, "arcs": [[[37, -37, 38, -22]], [[39, -19]]]}]}}, "bbox": [-64.88599398897043, 32.24807738159578, -64.64763070564058, 32.38865794500013], "type": "Topology"}