{"crs": {"type": "name", "properties": {"name": "urn:ogc:def:crs:EPSG:4326"}}, "ac-tx": {"default": {"crs": null, "scale": 1}}, "arcs": [[[5177, 2146], [-62, -9], [-53, 14], [-4, 58], [38, 0], [23, 22], [42, -4], [16, -81]], [[4954, 2253], [-80, -31], [-69, 5], [-54, 49], [-49, 31], [42, 9], [73, -18], [38, -9], [99, -36]], [[3831, 2635], [-318, -232], [-188, 76], [-23, 133], [180, 112], [159, -84], [190, -5]], [[104, 9970], [-88, -166], [-16, 195], [104, -29]], [[7302, 688], [-758, -525], [-57, 98], [-134, 108], [-94, 111]], [[6259, 480], [0, 162], [221, 0], [16, 101], [285, 9], [127, 120], [170, 123]], [[7078, 995], [10, -217], [133, 71], [82, 154]], [[7303, 1003], [-1, -315]], [[8625, 1513], [8, 216], [-151, 0], [111, 193], [24, 93]], [[8617, 2015], [-158, 110], [-206, 0], [0, 255]], [[8253, 2380], [122, 24]], [[8375, 2404], [-3, -131], [150, 0], [108, 174]], [[8630, 2447], [210, 36], [225, -13], [-5, -153], [-398, -749], [-37, -55]], [[9568, 2574], [-186, -139], [-66, 77], [78, 111], [-42, 160], [150, 63], [60, 119], [275, -63], [162, -112], [-126, -55], [-258, -84], [-47, -77]], [[7078, 995], [225, 163]], [[7303, 1158], [0, -155]], [[8372, 2273], [3, 131], [255, 43], [-108, -174], [-150, 0]], [[7303, 1158], [-158, 9], [-130, -76]], [[7015, 1091], [6, 98], [-48, 126]], [[6973, 1315], [103, 125]], [[7076, 1440], [512, -107]], [[7588, 1333], [-285, -175]], [[7565, 1535], [-259, 239]], [[7306, 1774], [121, 198], [335, 310], [304, 60]], [[8066, 2342], [13, -180], [-71, -221], [-262, -9], [-181, -397]], [[7015, 1091], [-60, -35], [-366, -53]], [[6589, 1003], [227, 122], [157, 190]], [[7841, 1360], [98, 168]], [[7939, 1528], [124, 367], [237, -19], [317, 139]], [[8625, 1513], [-115, -165], [-218, -160], [-375, -126]], [[7917, 1062], [-20, 225], [-56, 73]], [[6259, 480], [-174, -145]], [[6085, 335], [-4, 566]], [[6081, 901], [508, 102]], [[7939, 1528], [-267, -6], [-27, -61]], [[7645, 1461], [-80, 74]], [[8066, 2342], [187, 38]], [[7917, 1062], [-144, -48], [-471, -326]], [[7588, 1333], [253, 27]], [[7588, 1333], [57, 128]], [[7076, 1440], [99, 119], [131, 215]], [[6085, 335], [-283, -236], [-271, -99], [-345, 5], [512, 667], [154, 137], [229, 92]]], "transform": {"translate": [-63.42882239499994, 18.169094143000024], "scale": [5.0319025230339354e-05, 4.3221281728176505e-05]}, "objects": {"features": {"type": "GeometryCollection", "geometries": [{"type": "MultiPolygon", "properties": {"labelrank": 20, "code_hasc": "-99", "name": "", "admin": "Anguilla", "type_en": "", "region": "", "woe_id": -99, "longitude": -63, "woe_name": "", "fips": "", "woe_label": "", "latitude": 18, "iso_a2": "AI", "postal": "", "type": "", "id": "AI.3618"}, "arcs": [[[0]], [[1]], [[2]], [[3]]]}, {"type": "Polygon", "properties": {"labelrank": 20, "code_hasc": "AI.BP", "name": "Blowing Point", "admin": "Anguilla", "type_en": "District", "region": "", "woe_id": 24549648, "longitude": -63, "woe_name": "Blowing Point", "fips": "", "woe_label": "", "latitude": 18, "iso_a2": "AI", "postal": "", "type": "District", "id": "AI.BP"}, "arcs": [[4, 5, 6, 7]]}, {"type": "MultiPolygon", "properties": {"labelrank": 20, "code_hasc": "AI.EE", "name": "East End", "admin": "Anguilla", "type_en": "District", "region": "", "woe_id": 24549654, "longitude": -62, "woe_name": "East End", "fips": "", "woe_label": "", "latitude": 18, "iso_a2": "AI", "postal": "", "type": "District", "id": "AI.EE"}, "arcs": [[[8, 9, 10, 11, 12]], [[13]]]}, {"type": "Polygon", "properties": {"labelrank": 20, "code_hasc": "AI.GH", "name": "George Hill", "admin": "Anguilla", "type_en": "District", "region": "", "woe_id": 24549657, "longitude": -63, "woe_name": "George Hill", "fips": "", "woe_label": "", "latitude": 18, "iso_a2": "AI", "postal": "", "type": "District", "id": "AI.GH"}, "arcs": [[-7, 14, 15]]}, {"type": "Polygon", "properties": {"labelrank": 20, "code_hasc": "AI.IH", "name": "Island Harbour", "admin": "Anguilla", "type_en": "District", "region": "", "woe_id": 24549653, "longitude": -63, "woe_name": "Island Harbour", "fips": "", "woe_label": "", "latitude": 18, "iso_a2": "AI", "postal": "", "type": "District", "id": "AI.IH"}, "arcs": [[16]]}, {"type": "Polygon", "properties": {"labelrank": 20, "code_hasc": "AI.NH", "name": "North Hill", "admin": "Anguilla", "type_en": "District", "region": "", "woe_id": 24549651, "longitude": -63, "woe_name": "North Hill", "fips": "", "woe_label": "", "latitude": 18, "iso_a2": "AI", "postal": "", "type": "District", "id": "AI.NH"}, "arcs": [[17, 18, 19, 20, 21]]}, {"type": "Polygon", "properties": {"labelrank": 20, "code_hasc": "AI.NS", "name": "North Side", "admin": "Anguilla", "type_en": "District", "region": "", "woe_id": 24549652, "longitude": -63, "woe_name": "North Side", "fips": "", "woe_label": "", "latitude": 18, "iso_a2": "AI", "postal": "", "type": "District", "id": "AI.NS"}, "arcs": [[22, 23, 24]]}, {"type": "Polygon", "properties": {"labelrank": 20, "code_hasc": "AI.SG", "name": "Sandy Ground", "admin": "Anguilla", "type_en": "District", "region": "", "woe_id": 24549650, "longitude": -63, "woe_name": "Sandy Ground", "fips": "", "woe_label": "", "latitude": 18, "iso_a2": "AI", "postal": "", "type": "District", "id": "AI.SG"}, "arcs": [[25, 26, -19]]}, {"type": "Polygon", "properties": {"labelrank": 20, "code_hasc": "AI.SH", "name": "Sandy Hill", "admin": "Anguilla", "type_en": "District", "region": "", "woe_id": 24549655, "longitude": -63, "woe_name": "Sandy Hill", "fips": "", "woe_label": "", "latitude": 18, "iso_a2": "AI", "postal": "", "type": "District", "id": "AI.SH"}, "arcs": [[27, 28, -9, 29, 30]]}, {"type": "Polygon", "properties": {"labelrank": 20, "code_hasc": "AI.SO", "name": "South Hill", "admin": "Anguilla", "type_en": "District", "region": "", "woe_id": 24549649, "longitude": -63, "woe_name": "South Hill", "fips": "", "woe_label": "", "latitude": 18, "iso_a2": "AI", "postal": "", "type": "District", "id": "AI.SO"}, "arcs": [[-6, 31, 32, 33, -26, -18, -15]]}, {"type": "Polygon", "properties": {"labelrank": 20, "code_hasc": "AI.ST", "name": "Stoney Ground", "admin": "Anguilla", "type_en": "District", "region": "", "woe_id": 24549656, "longitude": -63, "woe_name": "Stoney Ground", "fips": "", "woe_label": "", "latitude": 18, "iso_a2": "AI", "postal": "", "type": "District", "id": "AI.ST"}, "arcs": [[-29, 34, 35, -25, 36, -10]]}, {"type": "Polygon", "properties": {"labelrank": 20, "code_hasc": "AI.TF", "name": "The Farrington", "admin": "Anguilla", "type_en": "District", "region": "", "woe_id": 24549658, "longitude": -63, "woe_name": "The Farrington", "fips": "", "woe_label": "", "latitude": 18, "iso_a2": "AI", "postal": "", "type": "District", "id": "AI.TF"}, "arcs": [[37, -8, -16, -22, 38, -31]]}, {"type": "Polygon", "properties": {"labelrank": 20, "code_hasc": "AI.TQ", "name": "The Quarter", "admin": "Anguilla", "type_en": "District", "region": "", "woe_id": 24549660, "longitude": -63, "woe_name": "The Quarter", "fips": "", "woe_label": "", "latitude": 18, "iso_a2": "AI", "postal": "", "type": "District", "id": "AI.TQ"}, "arcs": [[39, -35, -28, -39]]}, {"type": "Polygon", "properties": {"labelrank": 20, "code_hasc": "AI.TV", "name": "The Valley", "admin": "Anguilla", "type_en": "District", "region": "", "woe_id": 24549659, "longitude": -63, "woe_name": "The Valley", "fips": "", "woe_label": "", "latitude": 18, "iso_a2": "AI", "postal": "", "type": "District", "id": "AI.TV"}, "arcs": [[-40, -21, 40, -23, -36]]}, {"type": "Polygon", "properties": {"labelrank": 20, "code_hasc": "AI.WE", "name": "West End", "admin": "Anguilla", "type_en": "District", "region": "", "woe_id": 24549647, "longitude": -63, "woe_name": "West End", "fips": "", "woe_label": "", "latitude": 18, "iso_a2": "AI", "postal": "", "type": "District", "id": "AI.WE"}, "arcs": [[41, -33]]}]}}, "bbox": [-63.42882239499994, 18.169094143000024, -62.92568246172178, 18.60126373900006], "type": "Topology"}