{"crs": {"type": "name", "properties": {"name": "urn:ogc:def:crs:EPSG:32638"}}, "ac-tx": {"default": {"crs": "+proj=utm +zone=38 +datum=WGS84 +units=m +no_defs", "scale": 1}}, "arcs": [[[8584, 4426], [-21, -59], [-60, 46], [-45, 25], [31, 26], [57, -22], [38, -16]], [[9984, 8665], [15, -35], [-34, 12], [-11, 34], [30, -11]], [[8507, 2645], [-1585, -2302], [-92, 31], [-60, -48], [-60, -68], [-88, -30], [-77, 13], [-146, 41], [-245, 25], [-132, 28], [-100, 81], [-146, 309], [-114, 41], [-141, 6], [-419, 97], [-45, -3]], [[5057, 866], [1, 2], [2, 13], [32, 569], [77, 154], [479, 256]], [[5648, 1860], [754, 409], [185, 137], [287, 487], [865, 157], [186, -71], [582, -334]], [[6811, 3653], [826, 5], [126, 23], [118, -4], [127, -72], [117, 25], [62, 77], [46, 75], [63, 18], [35, -60], [83, -331], [5, -6], [0, -1]], [[8419, 3402], [-23, -4], [-702, -119], [-218, 0], [-339, 36], [-319, 324], [-7, 14]], [[4633, 3462], [2, -135], [32, -117], [194, -72], [117, -103], [72, -27], [83, 14], [94, 81], [67, 19], [51, -14], [55, -24], [57, -11], [54, 26], [36, 72], [-40, 43], [-61, 30], [-30, 32], [53, 93], [119, 77], [271, 97], [400, 41], [128, 32], [62, 42], [48, 46], [49, 17], [66, -47], [48, -22], [151, 1]], [[8419, 3402], [63, -85], [66, -47], [184, -94], [85, -80], [-310, -451]], [[5648, 1860], [-1225, 213], [-478, 677], [-146, 449], [-128, 638], [-20, 237]], [[3651, 4074], [206, -243], [90, -68], [686, -301]], [[5057, 866], [-227, -15], [-535, -148], [-395, -241], [-128, -56], [-90, 5], [-91, 30], [-134, 22], [-194, -60], [-51, -4], [-106, 4], [-51, -5], [-212, -87], [-80, -18], [-112, 2], [-304, 68], [-327, -30], [-159, -48], [-186, -174], [-164, -38], [-336, -10], [-40, -15], [-28, -28], [-31, -20], [-51, 7], [-36, 28], [-15, 34], [-19, 29], [-699, 141], [-147, 54], [-43, 54], [-30, 38], [108, 160], [40, 242], [27, 1088], [-66, 616], [-145, 652], [0, 309], [181, 511], [86, 429], [96, 178], [88, 55], [233, 94], [59, 72], [34, 80], [51, 33], [67, 18], [83, 36], [82, 59], [66, 62], [230, 300]], [[1356, 5379], [96, -19], [955, -225], [245, -94], [999, -967]], [[5642, 8164], [187, 47], [81, 108], [50, 51], [177, 30], [74, 36], [35, 152], [-53, 178], [-19, 169], [258, 226], [140, 305], [99, 81], [53, -7], [72, -55], [60, 5], [1284, 509], [95, -62], [54, -100], [45, -112], [62, -97], [572, -622], [137, -209], [83, -83], [92, -25], [97, 62], [-2, -199], [11, -95], [28, -95], [46, -78], [54, -62], [42, -69], [17, -101], [6, -215], [18, -115], [36, -79], [218, -291], [17, -95], [-20, -329], [41, -427], [-33, -180], [-87, -168], [-128, -139], [-158, -95], [-47, -12], [-159, -25], [-162, -76], [-117, -20], [-254, -4], [-111, -28], [-193, -128], [-458, -508], [-30, -18], [-36, -14]], [[7916, 5086], [-139, 134], [-49, 71], [-164, 339], [-68, 102], [-1208, 1282], [-150, 40], [-61, 24], [-54, 33], [-291, 239], [-43, 47], [-31, 41], [-136, 267], [-13, 44], [-1, 44], [10, 42], [18, 34], [22, 29], [79, 61], [19, 113], [-14, 92]], [[7916, 5086], [-58, -23], [-41, -25], [-27, -38], [-23, -79], [-32, -33], [-83, -28], [-323, -12], [-85, -29], [-89, -58], [-88, -37], [-160, 56], [-112, -16], [-552, -180], [-155, -88], [-138, -136], [-419, -708], [-40, -48], [-56, -29], [-184, -49], [-55, -3], [-141, 26], [-156, -4], [-49, 5], [-33, 22], [-55, 75], [-32, 20], [-129, -7], [-69, -46], [-2, -39], [78, 16], [25, -123], [0, -6]], [[1356, 5379], [495, 648], [244, 415], [66, 67], [139, 63], [48, 70], [92, 205], [797, 1003], [184, 368], [359, 447], [307, 305], [104, 16], [159, -41], [269, -116], [916, -778], [79, 105], [28, 8]]], "transform": {"translate": [145343.5406953697, 1209917.805475325], "scale": [18.45980933911331, 19.567574124119737]}, "objects": {"features": {"type": "GeometryCollection", "geometries": [{"type": "MultiPolygon", "properties": {"labelrank": 20, "code_hasc": "-99", "name": "", "admin": "Djibouti", "type_en": "", "region": "", "woe_id": -99, "longitude": 43, "woe_name": "", "fips": "", "woe_label": "", "latitude": 11, "iso_a2": "DJ", "postal": "", "type": "", "id": "DJ.5766"}, "arcs": [[[0]], [[1]]]}, {"type": "Polygon", "properties": {"labelrank": 8, "code_hasc": "DJ.AS", "name": "Ali Sabieh", "admin": "Djibouti", "type_en": "Region", "region": "", "woe_id": 2345156, "longitude": 42, "woe_name": "Ali Sabieh", "fips": "DJ01", "woe_label": "'Ali Sabini, DJ, Djibouti", "latitude": 11, "iso_a2": "DJ", "postal": "AS", "type": "Region", "id": "DJ.AS"}, "arcs": [[2, 3, 4]]}, {"type": "Polygon", "properties": {"labelrank": 9, "code_hasc": "DJ.DB", "name": "Djibouti", "admin": "Djibouti", "type_en": "City", "region": "", "woe_id": 2345158, "longitude": 43, "woe_name": "Djibouti", "fips": "DJ07", "woe_label": "Djibouti, DJ, Djibouti", "latitude": 11, "iso_a2": "DJ", "postal": "DB", "type": "City", "id": "DJ.DB"}, "arcs": [[5, 6]]}, {"type": "Polygon", "properties": {"labelrank": 8, "code_hasc": "DJ.", "name": "Arta", "admin": "Djibouti", "type_en": "Region", "region": "", "woe_id": 1310928, "longitude": 42, "woe_name": "Arta", "fips": "", "woe_label": "", "latitude": 11, "iso_a2": "DJ", "postal": "", "type": "Region", "id": "DJ.1166"}, "arcs": [[7, -7, 8, -5, 9, 10]]}, {"type": "Polygon", "properties": {"labelrank": 7, "code_hasc": "DJ.DK", "name": "Dikhil", "admin": "Djibouti", "type_en": "Region", "region": "", "woe_id": 2345157, "longitude": 42, "woe_name": "Dikhil", "fips": "DJ06", "woe_label": "Dikhil, DJ, Djibouti", "latitude": 11, "iso_a2": "DJ", "postal": "DK", "type": "Region", "id": "DJ.DK"}, "arcs": [[-10, -4, 11, 12]]}, {"type": "Polygon", "properties": {"labelrank": 7, "code_hasc": "DJ.OB", "name": "Obock", "admin": "Djibouti", "type_en": "Region", "region": "", "woe_id": 2345159, "longitude": 43, "woe_name": "Obock", "fips": "DJ04", "woe_label": "Obock, DJ, Djibouti", "latitude": 12, "iso_a2": "DJ", "postal": "OB", "type": "Region", "id": "DJ.OB"}, "arcs": [[13, 14]]}, {"type": "Polygon", "properties": {"labelrank": 8, "code_hasc": "DJ.TA", "name": "Tadjourah", "admin": "Djibouti", "type_en": "Region", "region": "", "woe_id": 2345160, "longitude": 42, "woe_name": "Tadjourah", "fips": "DJ05", "woe_label": "Tadjoura, DJ, Djibouti", "latitude": 11, "iso_a2": "DJ", "postal": "TA", "type": "Region", "id": "DJ.TA"}, "arcs": [[15, -11, -13, 16, -15]]}]}}, "bbox": [145343.5406953697, 1209917.805475325, 329923.1742771637, 1405573.9791423983], "type": "Topology"}