{"crs": {"type": "name", "properties": {"name": "urn:ogc:def:crs:EPSG:4326"}}, "ac-tx": {"default": {"crs": "wsg84", "scale": 90.0260924138934, "xoffset": 0, "yoffset": 0}}, "arcs": [[[3273, 2429], [1031, -1187], [493, 622]], [[4797, 1864], [90, -848]], [[4887, 1016], [-224, -791], [-673, -225], [-1928, 903], [-717, 57]], [[1345, 960], [358, 452], [1211, 452], [359, 565]], [[1345, 7004], [986, 1017], [538, 961], [762, -226]], [[3631, 8756], [269, -113], [225, -1130], [627, -226]], [[4752, 7287], [-134, -904]], [[4618, 6383], [-224, -1186]], [[4394, 5197], [-852, 1186], [-1704, 113]], [[1838, 6496], [-493, 508]], [[6098, 9547], [986, 452], [717, -226]], [[7801, 9773], [673, -1074], [-717, -1525]], [[7757, 7174], [-1032, 678]], [[6725, 7852], [-627, 1695]], [[4394, 5197], [-628, -735]], [[3766, 4462], [-717, -395]], [[3049, 4067], [-225, 0]], [[2824, 4067], [-448, 678], [-538, 1751]], [[3273, 2429], [1210, 565], [45, 508]], [[4528, 3502], [224, -169]], [[4752, 3333], [269, -565], [-224, -904]], [[2824, 4067], [-672, -339]], [[2152, 3728], [-493, 847], [-225, 848], [-1031, 282], [-179, 396]], [[224, 6101], [1121, 903]], [[4752, 7287], [494, 1017], [-180, 1017]], [[5066, 9321], [1032, 226]], [[6725, 7852], [-493, -678]], [[6232, 7174], [-1076, -847]], [[5156, 6327], [-538, 56]], [[7757, 7174], [134, -452]], [[7891, 6722], [-852, -621], [-448, -622]], [[6591, 5479], [-359, 1695]], [[2152, 3728], [-224, -395], [-1032, -452], [-627, 0]], [[269, 2881], [-269, 1977], [224, 1243]], [[3049, 4067], [224, -1638]], [[1345, 960], [-897, 565], [-179, 1356]], [[3631, 8756], [359, 621], [1076, -56]], [[4752, 3333], [180, -396], [762, 57]], [[5694, 2994], [90, -509], [762, -282]], [[6546, 2203], [-807, -1130], [-852, -57]], [[7891, 6722], [718, -452]], [[8609, 6270], [-494, -1525]], [[8115, 4745], [-269, 113], [-1166, -622], [-358, 113]], [[6322, 4349], [-180, 678]], [[6142, 5027], [449, 452]], [[5156, 6327], [-224, -509], [1210, -791]], [[6322, 4349], [-449, -621], [-179, -734]], [[4528, 3502], [-762, 960]], [[8115, 4745], [-179, -1582], [-269, -621], [-1121, -339]], [[7801, 9773], [852, 0], [942, -283], [404, -1977], [-583, -339], [-807, -904]]], "transform": {"translate": [9776, 1634], "scale": [0.0223022302230223, 0.0177017701770177]}, "objects": {"features": {"type": "GeometryCollection", "geometries": [{"type": "Polygon", "properties": {"name": "Sanya City", "admin_leve": "5", "wikidata": "Q319804", "localname": "三亚市 / Sanya", "boundary": "administrative", "id": "CN.hainan.2128284"}, "arcs": [[0, 1, 2, 3]]}, {"type": "Polygon", "properties": {"admin_leve": "5", "localname": "儋州市 / Danzhou", "boundary": "administrative", "id": "CN.hainan.2784610", "name": "Danzhou City"}, "arcs": [[4, 5, 6, 7, 8, 9]]}, {"type": "Polygon", "properties": {"admin_leve": "5", "localname": "海口市 - Haikou", "boundary": "administrative", "id": "CN.hainan.2784613", "name": "Haikou City"}, "arcs": [[10, 11, 12, 13]]}, {"type": "Polygon", "properties": {"admin_leve": "6", "localname": "白沙黎族自治县 - Baisha Li Autonomous County", "boundary": "administrative", "id": "CN.hainan.2784606", "name": "Baisha Li Autonomous County"}, "arcs": [[-9, 14, 15, 16, 17]]}, {"type": "Polygon", "properties": {"admin_leve": "6", "localname": "保亭黎族苗族自治县 / Baoting", "boundary": "administrative", "id": "CN.hainan.2784607", "name": "Baoting Li and Miao Autonomous County"}, "arcs": [[18, 19, 20, -1]]}, {"type": "Polygon", "properties": {"admin_leve": "6", "localname": "昌江黎族自治县 / Changjiang", "boundary": "administrative", "id": "CN.hainan.2784608", "name": "Changjiang Li Autonomous County"}, "arcs": [[-10, -18, 21, 22, 23]]}, {"type": "Polygon", "properties": {"admin_leve": "6", "localname": "澄迈县 / Chengmai", "boundary": "administrative", "id": "CN.hainan.2784609", "name": "Chengmai County"}, "arcs": [[24, 25, -14, 26, 27, 28, -7]]}, {"type": "Polygon", "properties": {"admin_leve": "6", "localname": "定安县 / Ding'an", "boundary": "administrative", "id": "CN.hainan.2784611", "name": "Ding'an County"}, "arcs": [[29, 30, 31, -27, -13]]}, {"type": "Polygon", "properties": {"admin_leve": "6", "localname": "东方市 / Dongfang", "boundary": "administrative", "id": "CN.hainan.2784612", "name": "Dongfang City"}, "arcs": [[32, 33, -23]]}, {"type": "Polygon", "properties": {"admin_leve": "6", "localname": "乐东黎族自治县 / Ledong", "boundary": "administrative", "id": "CN.hainan.2784614", "name": "Ledong Li Autonomous County"}, "arcs": [[-22, -17, 34, -4, 35, -33]]}, {"type": "Polygon", "properties": {"admin_leve": "6", "localname": "临高县 / Lingao", "boundary": "administrative", "id": "CN.hainan.2784615", "name": "Lingao County"}, "arcs": [[36, -25, -6]]}, {"type": "Polygon", "properties": {"admin_leve": "6", "localname": "陵水黎族自治县 / Lingshui", "boundary": "administrative", "id": "CN.hainan.2784616", "name": "Lingshui Li Autonomous County"}, "arcs": [[37, 38, 39, -2, -21]]}, {"type": "Polygon", "properties": {"admin_leve": "6", "localname": "琼海市 / Qionghai", "boundary": "administrative", "id": "CN.hainan.2784617", "name": "Qionghai City"}, "arcs": [[-31, 40, 41, 42, 43, 44]]}, {"type": "Polygon", "properties": {"admin_leve": "6", "localname": "琼中黎族苗族自治县 / Qiongzhong", "boundary": "administrative", "id": "CN.hainan.2784618", "name": "Qiongzhong Li and Miao Autonomous County"}, "arcs": [[-8, -29, 45, -44, 46, -38, -20, 47, -15]]}, {"type": "Polygon", "properties": {"admin_leve": "6", "localname": "屯昌县 / Tunchang", "boundary": "administrative", "id": "CN.hainan.2784619", "name": "Tunchang County"}, "arcs": [[-32, -45, -46, -28]]}, {"type": "Polygon", "properties": {"admin_leve": "6", "localname": "万宁市 / Wanning", "boundary": "administrative", "id": "CN.hainan.2784620", "name": "Wanning City"}, "arcs": [[-47, -43, 48, -39]]}, {"type": "Polygon", "properties": {"admin_leve": "6", "localname": "文昌市 / Wenchang", "boundary": "administrative", "id": "CN.hainan.2784621", "name": "Wenchang City"}, "arcs": [[-12, 49, -41, -30]]}, {"type": "Polygon", "properties": {"admin_leve": "6", "localname": "五指山市 / Wuzhishan", "boundary": "administrative", "id": "CN.hainan.2784622", "name": "Wuzhishan City"}, "arcs": [[-48, -19, -35, -16]]}]}}, "bbox": [9776, 1634, 9999, 1811], "type": "Topology"}