{"crs": {"type": "name", "properties": {"name": "urn:ogc:def:crs:EPSG:4326"}}, "ac-tx": {"default": {"crs": "wsg84", "scale": 87.52041715268076, "xoffset": 0, "yoffset": 0}}, "arcs": [[[2762, 7691], [984, 256]], [[3746, 7947], [364, -512], [-471, -641]], [[3639, 6794], [-214, -235], [236, -470], [278, 21]], [[3939, 6110], [-471, -449], [193, -256]], [[3661, 5405], [-364, -107], [-64, -449], [-835, -448], [-236, -641], [-407, -257], [300, -470], [-86, -363]], [[1969, 2670], [-257, -534], [-599, 171], [-193, 983], [-171, 235], [450, 555], [-279, 385], [-728, -128], [-192, 235], [984, 662], [-42, 278]], [[942, 5512], [642, 577], [514, -214], [364, 598], [-107, 663], [407, 555]], [[942, 5512], [-150, 107], [-129, 1047], [64, 769], [-128, 235], [193, 940], [299, 427], [386, 21]], [[1477, 9058], [235, -448], [536, -150], [514, -769]], [[7815, 5939], [513, -171], [686, 64]], [[9014, 5832], [-236, -491], [21, -513], [536, -790], [21, -577], [364, -86], [-300, -726]], [[9420, 2649], [-621, 171], [-85, 555], [-578, 470]], [[8136, 3845], [-493, 1154]], [[7643, 4999], [172, 940]], [[3939, 6110], [514, 342], [364, -321], [771, -42]], [[5588, 6089], [193, -214]], [[5781, 5875], [192, -491], [407, 42], [385, -448]], [[6765, 4978], [-813, -406]], [[5952, 4572], [-942, 683], [-685, -106], [-664, 256]], [[5952, 4572], [-22, -364], [-663, 86], [-343, -427]], [[4924, 3867], [-407, 0], [-64, -641], [-535, -257]], [[3918, 2969], [-621, -85], [-557, -385], [-578, -107], [-193, 278]], [[6209, 2521], [428, 128], [450, -107], [621, 85], [363, 556], [65, 662]], [[9420, 2649], [193, -214], [-235, -684], [42, -512], [-685, -235], [-792, 342], [-321, -449], [21, -620], [-407, -42], [-235, 448], [-557, 107]], [[6444, 790], [193, 363], [-428, 1368]], [[4924, 3867], [600, -64], [513, -342], [172, -940]], [[6444, 790], [-321, -21], [-21, -492], [-257, -277], [-643, 21], [-1113, 940], [428, 406], [-235, 855], [171, 491], [-535, 256]], [[1477, 9058], [150, 278], [621, 43], [471, -278], [492, 235]], [[3211, 9336], [771, -171], [535, -277], [-171, -449], [-600, -492]], [[6765, 4978], [493, -150], [385, 171]], [[3211, 9336], [-193, 556], [407, 107], [942, -150], [536, -256], [813, -129], [600, -619]], [[6316, 8845], [-193, -684], [171, -769], [-257, -128], [-1092, -43], [-1306, -427]], [[7065, 7029], [-321, 235], [771, 683], [-1135, 941], [321, 213], [1263, -320], [600, 641], [492, -663], [-278, -384], [642, -363], [386, -428], [-129, -513]], [[9677, 7071], [-706, -235], [-600, 428], [-385, -278], [-921, 43]], [[6316, 8845], [64, 43]], [[6380, 8888], [1135, -941], [-771, -683], [321, -235]], [[7065, 7029], [-257, -385], [-1135, -235], [-85, -320]], [[5781, 5875], [727, 107], [1307, -43]], [[9677, 7071], [322, -427], [-985, -812]]], "transform": {"translate": [9532, 2168], "scale": [0.046704670467046704, 0.046804680468046804]}, "objects": {"features": {"type": "GeometryCollection", "geometries": [{"type": "Polygon", "properties": {"admin_leve": "5", "localname": "怀化市 / Huaihua", "boundary": "administrative", "id": "CN.hunan.2773826", "name": "Huaihua City"}, "arcs": [[0, 1, 2, 3, 4, 5, 6]]}, {"type": "Polygon", "properties": {"admin_leve": "5", "localname": "湘西州 / Xiangxi", "boundary": "administrative", "id": "CN.hunan.2972168", "name": "Xiangxi Tujia and Miao Autonomous Prefecture"}, "arcs": [[-7, 7, 8]]}, {"type": "Polygon", "properties": {"admin_leve": "5", "localname": "株洲市 / Zhuzhou", "boundary": "administrative", "id": "CN.hunan.2972720", "name": "Zhuzhou City"}, "arcs": [[9, 10, 11, 12, 13]]}, {"type": "Polygon", "properties": {"admin_leve": "5", "localname": "娄底市 / Loudi", "boundary": "administrative", "id": "CN.hunan.3070610", "name": "Loudi City"}, "arcs": [[14, 15, 16, 17, 18, -4]]}, {"type": "Polygon", "properties": {"name": "Shaoyang City", "admin_leve": "5", "wikipedia": "en:Shaoyang", "localname": "邵阳市 / Shaoyang", "boundary": "administrative", "id": "CN.hunan.3075378"}, "arcs": [[-19, 19, 20, 21, -5]]}, {"type": "Polygon", "properties": {"admin_leve": "5", "localname": "郴州市 (Chenzhou)", "boundary": "administrative", "id": "CN.hunan.3123920", "name": "Chenzhou City"}, "arcs": [[22, -12, 23, 24]]}, {"type": "Polygon", "properties": {"admin_leve": "5", "localname": "永州市 / Yongzhou", "boundary": "administrative", "id": "CN.hunan.3149752", "name": "Yongzhou City"}, "arcs": [[25, -25, 26, -21]]}, {"type": "Polygon", "properties": {"admin_leve": "5", "localname": "张家界市 / Zhangjiajie", "boundary": "administrative", "id": "CN.hunan.3152588", "name": "Zhangjiajie City"}, "arcs": [[-1, -9, 27, 28]]}, {"type": "Polygon", "properties": {"admin_leve": "5", "localname": "衡阳市 / Hengyang", "boundary": "administrative", "id": "CN.hunan.3156043", "name": "Hengyang City"}, "arcs": [[29, -13, -23, -26, -20, -18]]}, {"type": "Polygon", "properties": {"admin_leve": "5", "localname": "常德市 / Changde", "boundary": "administrative", "id": "CN.hunan.3161246", "name": "Changde City"}, "arcs": [[-2, -29, 30, 31]]}, {"type": "Polygon", "properties": {"name": "Yueyang City", "admin_leve": "5", "wikipedia": "en:Yueyang", "localname": "岳阳市 / Yueyang", "boundary": "administrative", "id": "CN.hunan.3202467"}, "arcs": [[32, 33]]}, {"type": "Polygon", "properties": {"admin_leve": "5", "localname": "益阳市 / Yiyang", "boundary": "administrative", "id": "CN.hunan.3202593", "name": "Yiyang City"}, "arcs": [[-32, 34, 35, 36, -15, -3]]}, {"type": "Polygon", "properties": {"admin_leve": "5", "localname": "湘潭市 / Xiangtan", "boundary": "administrative", "id": "CN.hunan.3202624", "name": "Xiangtan City"}, "arcs": [[37, -14, -30, -17]]}, {"type": "Polygon", "properties": {"admin_leve": "5", "localname": "长沙市 / Changsha", "boundary": "administrative", "id": "CN.hunan.3202711", "name": "Changsha City"}, "arcs": [[-37, -34, 38, -10, -38, -16]]}]}}, "bbox": [9532, 2168, 9999, 2636], "type": "Topology"}