{"crs": {"type": "name", "properties": {"name": "urn:ogc:def:crs:EPSG:4326"}}, "ac-tx": {"default": {"crs": "wsg84", "scale": 85.72422716735016, "xoffset": 0, "yoffset": 0}}, "arcs": [[[1428, 4785], [-390, -500]], [[1038, 4285], [-278, 238], [-631, 1166], [-129, 548], [204, 190], [519, 24], [835, 429], [371, 24], [148, 285], [483, 167]], [[2560, 7356], [-130, -286], [130, -547], [-1206, -429], [0, -547], [241, -167], [-167, -595]], [[7253, 9356], [315, 333], [408, -167], [-55, -642], [297, -167], [-483, -667], [-334, -119]], [[7401, 7927], [-92, 72]], [[7309, 7999], [-112, 762], [56, 595]], [[1428, 4785], [612, -167], [464, -309], [482, 309]], [[2986, 4618], [854, -309], [1001, -477], [-37, -380]], [[4804, 3452], [-334, -215], [130, -928], [390, -48], [241, 286], [260, -214]], [[5491, 2333], [-149, -358]], [[5342, 1975], [-464, -309], [-333, 309], [-761, -142], [-946, 47], [-798, 524], [-185, -24], [-557, 1000], [-297, 286], [37, 619]], [[5491, 2333], [1168, -643], [668, 762], [371, -119]], [[7698, 2333], [798, -215], [315, -214], [74, -452], [-92, -691], [-631, -333], [-186, -357], [-371, 238], [-482, -309], [-853, 595], [-520, 0], [-389, 690], [-19, 690]], [[7791, 6904], [241, -24], [204, -524], [872, 71], [204, -476], [464, -166], [223, -643], [-334, -357], [-446, -191], [-278, 405], [-519, 309]], [[8422, 5308], [-854, -190], [0, 500], [-334, 143]], [[7234, 5761], [19, 976], [538, 167]], [[4841, 8261], [353, 238], [55, 428]], [[5249, 8927], [538, -262]], [[5787, 8665], [112, -285], [556, -167]], [[6455, 8213], [-37, -429], [891, 215]], [[7401, 7927], [-259, -357], [-19, -357]], [[7123, 7213], [-167, -214], [-853, 95]], [[6103, 7094], [-575, -119], [-427, 167]], [[5101, 7142], [56, 333], [-316, 786]], [[3506, 7118], [315, 524]], [[3821, 7642], [1020, 619]], [[5101, 7142], [-1280, -286]], [[3821, 6856], [-315, 262]], [[2671, 7308], [575, -262], [260, 72]], [[3821, 6856], [241, -690], [-241, -286]], [[3821, 5880], [-352, -905], [-483, -357]], [[2560, 7356], [111, -48]], [[4804, 3452], [408, 23], [75, 500]], [[5287, 3975], [964, 143]], [[6251, 4118], [241, -24], [724, -785]], [[7216, 3309], [-19, -215], [501, -309], [0, -452]], [[3821, 5880], [501, -167]], [[4322, 5713], [816, -1119], [-204, -571], [353, -48]], [[6103, 7094], [-149, -809], [-352, -429]], [[5602, 5856], [-353, -119], [-408, 167], [-519, -191]], [[5602, 5856], [631, -190]], [[6233, 5666], [74, -834], [-260, -71]], [[6047, 4761], [-185, 381], [-297, -95], [-427, -453], [-816, 1119]], [[7123, 7213], [408, 24], [260, -333]], [[7234, 5761], [-296, -119], [-705, 24]], [[6047, 4761], [204, -643]], [[5287, 3975], [-353, 48], [204, 571], [427, 453], [297, 95], [185, -381]], [[8422, 5308], [-93, -809], [-445, -476], [-37, -595], [-631, -119]], [[6455, 8213], [483, 452], [-705, 548], [-390, -72], [-56, -476]], [[5249, 8927], [0, 667], [130, 405], [353, -24], [1521, -619]], [[2671, 7308], [56, 381], [1094, -47]]], "transform": {"translate": [9460, 2697], "scale": [0.05390539053905391, 0.04200420042004201]}, "objects": {"features": {"type": "GeometryCollection", "geometries": [{"type": "Polygon", "properties": {"name": "Sanmenxia City", "admin_leve": "5", "wikipedia": "zh:三门峡市", "localname": "三门峡 / Sanmenxia", "boundary": "administrative", "id": "CN.henan.2992284"}, "arcs": [[0, 1, 2]]}, {"type": "Polygon", "properties": {"admin_leve": "5", "localname": "濮阳市 / Puyang", "boundary": "administrative", "id": "CN.henan.3060567", "name": "Puyang City"}, "arcs": [[3, 4, 5]]}, {"type": "Polygon", "properties": {"admin_leve": "5", "localname": "南阳市 / Nanyang", "boundary": "administrative", "id": "CN.henan.3206852", "name": "Nanyang City"}, "arcs": [[6, 7, 8, 9, 10, -1]]}, {"type": "Polygon", "properties": {"name": "Xinyang City", "admin_leve": "5", "wikipedia": "en:Xinyang", "localname": "信阳市 / Xinyang", "boundary": "administrative", "id": "CN.henan.3218104"}, "arcs": [[11, 12, -10]]}, {"type": "Polygon", "properties": {"name": "Shangqiu City", "admin_leve": "5", "wikipedia": "en:Shangqiu", "localname": "商丘市 / Shangqiu", "boundary": "administrative", "id": "CN.henan.3218285"}, "arcs": [[13, 14, 15]]}, {"type": "Polygon", "properties": {"name": "Xinxiang City", "admin_leve": "5", "wikipedia": "en:Xinxiang", "localname": "新乡市 / Xinxiang", "boundary": "administrative", "id": "CN.henan.3237011"}, "arcs": [[16, 17, 18, 19, -5, 20, 21, 22, 23]]}, {"type": "Polygon", "properties": {"name": "Jiaozuo City", "admin_leve": "5", "wikipedia": "en:Jiaozuo", "localname": "焦作市 / Jiaozuo", "boundary": "administrative", "id": "CN.henan.3237564"}, "arcs": [[24, 25, -24, 26, 27]]}, {"type": "Polygon", "properties": {"name": "Luoyang City", "admin_leve": "5", "wikipedia": "en:Luoyang", "localname": "洛阳市 / Luoyang", "boundary": "administrative", "id": "CN.henan.3246491"}, "arcs": [[28, -28, 29, 30, -7, -3, 31]]}, {"type": "Polygon", "properties": {"name": "Zhumadian City", "admin_leve": "5", "wikipedia": "en:Zhumadian", "localname": "驻马店 / Zhumadian", "boundary": "administrative", "id": "CN.henan.3259366"}, "arcs": [[32, 33, 34, 35, -12, -9]]}, {"type": "Polygon", "properties": {"name": "Pingdingshan City", "admin_leve": "5", "wikipedia": "en:Pingdingshan", "localname": "平顶山市 / Pingdingshan", "boundary": "administrative", "id": "CN.henan.3259379"}, "arcs": [[-31, 36, 37, -33, -8]]}, {"type": "Polygon", "properties": {"name": "Zhengzhou City", "admin_leve": "5", "wikipedia": "en:Zhengzhou", "localname": "郑州市 / Zhengzhou", "boundary": "administrative", "id": "CN.henan.3283765"}, "arcs": [[-23, 38, 39, -37, -30, -27]]}, {"type": "Polygon", "properties": {"name": "Xuchang City", "admin_leve": "5", "wikipedia": "en:Xuchang", "localname": "许昌市 / Xuchang", "boundary": "administrative", "id": "CN.henan.3283887"}, "arcs": [[-40, 40, 41, 42]]}, {"type": "Polygon", "properties": {"name": "Kaifeng City", "admin_leve": "5", "wikipedia": "en:Kaifeng", "localname": "开封市 / Kaifeng", "boundary": "administrative", "id": "CN.henan.3283913"}, "arcs": [[-22, 43, -16, 44, -41, -39]]}, {"type": "Polygon", "properties": {"name": "Luohe City", "admin_leve": "5", "wikipedia": "en:Luohe", "localname": "漯河市 / Luohe", "boundary": "administrative", "id": "CN.henan.3284027"}, "arcs": [[45, -34, 46]]}, {"type": "Polygon", "properties": {"name": "Zhoukou City", "admin_leve": "5", "wikipedia": "en:Zhoukou", "localname": "周口市 / Zhoukou", "boundary": "administrative", "id": "CN.henan.3284144"}, "arcs": [[-42, -45, -15, 47, -35, -46]]}, {"type": "Polygon", "properties": {"name": "Anyang City", "admin_leve": "5", "wikipedia": "en:Anyang", "localname": "安阳市 / Anyang", "boundary": "administrative", "id": "CN.henan.4433277"}, "arcs": [[-20, 48, -18, 49, -6]]}, {"type": "Polygon", "properties": {"name": "Hebi City", "admin_leve": "5", "wikipedia": "en:Hebi", "localname": "鹤壁市 / Hebi", "boundary": "administrative", "id": "CN.henan.4433278"}, "arcs": [[-49, -19]]}, {"type": "Polygon", "properties": {"admin_leve": "6", "localname": "济源市 (Jiyuan)", "boundary": "administrative", "id": "CN.henan.3010773", "name": "Jiyuan City"}, "arcs": [[50, -25, -29]]}]}}, "bbox": [9460, 2697, 9999, 3117], "type": "Topology"}