{"crs": {"type": "name", "properties": {"name": "urn:ogc:def:crs:EPSG:4326"}}, "ac-tx": {"default": {"crs": "wsg84", "scale": 90.89359043933062, "xoffset": 0, "yoffset": 0}}, "arcs": [[[4630, 3549], [-13, 10], [-12, 0], [-13, -20], [0, -10], [-26, -10], [-12, 0], [-13, -20], [-13, -10], [0, -10], [-12, -10], [0, -10], [0, -20], [-13, 0], [-13, 0], [-13, -10], [0, -10], [0, -10], [13, -10], [13, 0], [-13, -10], [0, -10], [26, -10], [-13, -10], [-13, -10], [13, -10], [-13, 0], [0, -10], [13, 0], [0, -10], [-13, 0], [13, -10], [-26, -20], [0, -10], [-12, 10], [-13, 0], [13, -10], [0, -10], [-13, -10], [13, -10], [0, -10], [-26, 0], [-38, -20], [-51, -20], [-13, -10], [0, -10], [-12, 0], [-38, -10], [-13, -10], [13, 0], [-13, -10], [-13, 0], [-13, -10], [0, -10], [-12, -10], [0, -20], [0, -10], [-13, 0], [-25, 0], [-26, -20], [0, -10], [-13, -10], [-12, -10], [-26, -20], [-25, -10], [0, -20], [0, -10], [-38, -10], [-13, -10], [-13, 0], [0, -20], [-13, -10], [-25, 0], [-13, -10], [-12, 0], [-13, 0], [-13, 0], [-13, -10], [-12, 0], [25, -20], [-13, -20], [-12, 0], [-13, 0], [-25, -30], [-13, 0], [-13, 0]], [[3854, 2839], [0, 30], [-13, -10], [-25, 0], [-178, 0], [0, 140], [-77, 30], [-38, 20], [-25, 0], [-153, 0], [-12, 10], [-26, 0], [-13, 0], [-12, -10], [-26, 0], [-25, -10], [-26, 0], [-25, 0], [-38, 0], [-64, 10], [-51, -10], [-25, 0], [-26, 10], [-12, 10], [-13, 10], [-38, 10], [-13, 0], [-51, 10], [-38, 20], [-13, 10], [-25, 10], [-26, 10], [-25, 10], [-38, 20], [-26, 0], [-25, 10], [-13, 10], [-51, 10], [-13, 0], [-25, 10], [-13, 20], [-25, 10], [-26, 0]], [[2467, 3239], [0, 90], [-25, 0], [0, 40], [0, 50], [0, 150], [178, 0], [0, 80], [-25, 0], [0, 20], [0, 80], [0, 30], [0, 30]], [[2595, 3809], [241, 0], [39, 0], [12, 0], [306, 0], [190, 0], [242, 0], [0, -80], [127, 0], [38, 0], [13, 80], [229, 0], [89, 0]], [[4121, 3809], [0, -80], [26, 0], [178, 0], [12, 10], [26, 20], [13, 20], [12, 10], [26, 0], [51, 10], [12, 10], [26, 0], [13, 10], [38, 0], [38, 0], [13, 0], [0, -10], [12, -10], [-12, -10], [12, -10], [13, -10], [0, -30], [0, -30], [0, -70], [0, -10], [0, -50], [0, -30]], [[7823, 1269], [0, -30], [0, -60], [0, -20], [0, -50], [13, 0], [0, -80], [0, -80], [-318, 0], [-140, 0], [-229, 0], [-127, 0], [-89, 0], [-229, 0], [-26, 0], [-241, 0], [-153, 0], [-64, 0]], [[6220, 949], [13, 80], [-13, 70], [13, 10], [0, 30], [0, 180]], [[6233, 1319], [102, 10], [0, -20], [51, 0], [0, -40], [203, 0], [204, 0], [101, 0], [128, 0], [76, 0], [89, 0], [102, 0], [76, 0], [51, 0], [242, 0], [165, 0]], [[6755, 3329], [0, -40], [0, -10], [12, -10], [13, 10], [-13, 10], [13, 0], [0, -20], [-25, 0], [0, -100], [0, -160], [25, 0], [0, -40], [0, -60], [0, -110], [0, -70], [-13, -10], [0, -20], [26, 0], [0, -50], [0, -30]], [[6793, 2619], [-166, 0], [-241, 0]], [[6386, 2619], [-217, 0], [-51, 0], [-178, 0], [-127, 0], [0, 20], [0, 60], [-25, 0], [0, 20], [0, 30], [0, 50], [0, 60], [-51, -10], [-204, 10], [-318, 0], [-229, 0], [-165, 0], [-178, 0], [-178, 0], [-204, 0], [-242, 0], [-12, -10], [-26, -10], [-12, 0], [12, -10], [-127, 0]], [[3854, 2829], [0, 10]], [[4630, 3549], [26, 10], [12, -10], [38, 10], [13, -10], [13, 0], [13, 0], [12, 0], [38, 10], [26, 10], [13, 0], [12, -10], [13, 10], [293, 0], [25, 0], [51, 0], [242, 0], [63, 0], [0, 40], [166, 0], [0, -10], [12, -50], [-12, -30], [12, -70], [13, 0], [13, -40], [-13, -80], [153, 0], [76, 0], [305, 0], [153, 0], [38, 0], [115, 0], [191, 0]], [[9871, 1339], [-12, -20], [12, -140], [-12, -50], [38, 0], [0, -60], [0, -90], [0, -70], [0, -10], [0, -60], [0, -40], [38, 0], [0, -40], [0, -40], [0, -80], [0, -120], [0, -40], [25, 0], [0, -70], [0, -60], [0, -30], [0, -160], [39, 0], [0, -30], [0, -110], [0, -19], [-229, 0], [-179, 0], [-343, 0], [-254, 0], [-319, 0], [-279, 0], [-293, 0], [-242, 0], [-305, 0], [-305, 0], [-306, 0], [-343, 0], [-229, 0], [-178, 0], [-191, 0], [-293, 0], [-165, 0], [-305, 0], [-153, 0]], [[5088, 0], [0, 149], [0, 10], [-38, 0], [0, 80], [153, 0], [0, 70], [89, 0], [76, 0], [0, 40], [-26, 20], [-12, 10], [-26, 10], [-12, 10], [-26, 0], [-13, 10], [-38, 0], [-38, 0], [-13, 10], [-38, -10], [-25, 10], [-26, 0], [-25, 10], [0, 40], [-26, 0], [0, 60], [0, 10], [0, 70], [0, 20], [0, 80]], [[5024, 709], [102, 0], [51, 0], [64, 0], [241, 0], [13, 0], [191, 0], [280, 0], [0, 30], [0, 50], [-26, 0], [0, 160], [102, 0], [178, 0]], [[7823, 1269], [0, 20], [0, 20], [0, 80]], [[7823, 1389], [13, 0], [13, 0], [25, 0], [13, -10], [12, 10], [13, -10], [13, 10], [25, 0], [13, 0], [13, 10], [25, 0], [0, 10], [13, 0], [25, 10], [26, 20], [38, 10], [13, 0], [12, 10], [39, 10], [12, 10], [26, 0], [0, 10], [25, 0], [26, 0], [25, 0], [26, 0], [25, -10], [13, 0], [-13, -10], [13, -10], [12, 0], [0, -10], [13, 0], [38, 10], [13, 0], [13, 0], [25, 0], [26, -10], [0, -10], [12, 0], [13, 0], [13, 0], [13, -20], [25, 0], [25, 0], [0, -10], [26, 0], [13, 0], [12, -10], [-12, 0], [12, -10], [13, 10], [13, -10], [12, 0], [26, 0], [13, 0], [12, 0], [26, 0], [13, 10], [12, 0], [38, 0], [26, 0], [38, -10], [25, -10], [13, 0], [13, -10], [25, 0], [0, -10], [26, 0], [38, 10], [13, 0], [12, 0], [39, 20], [12, 0], [13, 10], [25, 0], [26, 10], [25, 0], [13, 0], [38, 0], [13, -10], [13, 0], [12, 0], [0, -10], [13, 10], [13, -10], [13, -10], [12, 0], [13, 0], [13, 0], [25, 10], [26, 0], [12, 0], [13, 0], [25, 0], [26, -10], [0, -10], [0, -10], [0, -10], [13, -10], [12, 0], [26, 0], [13, 0], [0, 10], [12, 0], [38, 20], [13, 10], [13, 0], [38, 0], [25, 0], [13, 0], [0, -10], [38, 0], [0, -10], [26, -10], [25, 0], [13, 0], [38, 0], [26, 0], [12, -10]], [[8078, 3569], [-255, 0], [-203, 0], [-242, 0], [-140, 0], [0, -10], [0, -40], [0, -60], [0, -130], [-165, 0], [-140, 0], [-178, 0]], [[4121, 3809], [0, 20], [0, 70], [0, 70], [115, 0], [241, 0], [0, -10], [89, 0], [90, 0], [-13, 50], [13, 30], [76, 0], [0, -10], [38, 0], [0, 10], [140, 0], [0, 30], [0, 20], [0, 90], [0, 30], [165, 0], [255, 0], [203, 0], [140, 0], [0, -140], [0, -50], [0, -50], [26, 0], [0, -100], [0, -10], [25, 0], [0, -10], [26, 0], [12, 0], [26, 0], [12, 0], [-12, -10], [12, -10], [13, 10], [0, 10], [13, 0], [13, -10], [12, -10], [0, -10], [-12, -10], [12, -10], [13, -10], [25, 0], [13, 0], [13, -10], [25, -10], [13, -10], [13, 0], [0, 20], [13, 0], [0, -10], [12, 0], [0, 10], [-12, 0], [12, 10], [13, 0], [38, 0], [0, 10], [0, 10], [0, 10], [26, 0], [12, 10], [13, 0], [13, 0], [12, 0], [13, 10], [13, 0], [13, -10], [12, 0], [26, 10], [25, 10], [13, 0], [38, 0], [13, -10], [13, 10], [12, 10], [26, 0], [12, 0], [26, -10], [13, 0], [25, 10], [0, 10], [13, -10], [13, 10], [12, 10], [13, 0], [13, 10], [12, 0], [26, 0], [13, 10], [38, 0], [25, 0], [13, -10], [51, 0], [13, 20], [12, 0], [26, -10], [25, 0], [13, 10], [25, 0], [13, 0], [13, 10], [38, -10], [13, 0], [0, -10], [25, 10], [0, 10], [13, 10], [12, -10], [13, 0], [-13, 10], [0, 10], [13, 10], [0, 20], [26, 10], [0, 20], [12, 0], [26, 0], [13, 0], [0, 10], [0, 20], [12, 0], [26, 10], [0, 10], [-13, 10], [13, 0], [25, 0], [38, 0], [13, 0], [38, 10], [64, 20], [13, 10], [12, 10], [13, 10], [25, 0], [26, 0], [25, 0], [13, 10], [0, 10], [-25, 20], [0, 10], [0, 10], [12, 10], [38, 10], [26, 0], [64, 10], [63, 0], [26, 0], [25, 0], [51, 10], [13, 0], [25, 10], [0, 20], [13, 10], [12, 0], [64, 0], [13, 10], [13, 10], [12, 0], [26, 10], [25, -10], [13, 0], [25, 20], [26, -10], [25, 0], [64, 10], [25, 10], [13, 20], [25, 10], [13, 10], [13, -10], [0, -20], [0, -40], [0, -100], [0, -140], [0, -70], [13, 0], [0, -60], [0, -10], [12, 0], [13, -20], [25, -10], [-12, 0], [25, -30], [13, 0], [25, -20], [26, -10], [-77, 0], [-50, 0], [0, -100], [0, -60], [0, -80]], [[3472, 2379], [-12, -10], [-13, -10], [-25, 0], [-13, -20], [-13, -10], [0, -10], [0, -10], [0, -10], [0, -30], [-13, -30], [-12, -10], [0, -10], [12, -10], [0, -10], [39, 0], [25, -10], [25, 0], [0, -10], [13, -10], [13, -20], [0, -20], [13, -10], [12, -10], [26, 0], [12, -10], [26, -10], [13, -10], [12, 0], [26, -10], [13, -20], [12, -20], [13, -20], [25, -20], [26, -20], [38, -20], [13, -10], [25, -10], [51, -10], [26, 0], [25, -10], [0, -10], [51, 0], [51, 0], [140, 0]], [[4147, 1899], [0, -80], [0, -70], [0, -10], [0, -100], [0, -20], [0, -60], [0, -30], [0, -40], [0, -20], [0, -40], [89, 0], [127, 0], [51, 0], [216, 0]], [[4630, 1429], [0, -50], [0, -70], [0, -110], [0, -10], [0, -60], [0, -90], [0, -130], [0, -10], [0, -110], [0, -80], [26, 0], [101, 0], [204, 0], [63, 0]], [[5088, 0], [-140, 0], [-318, 0], [-305, 0], [-318, 0], [-280, 0], [-318, 0], [-229, 0], [-280, 0], [-280, 0], [-305, 0], [-293, 0], [-203, 0], [-153, 0], [-267, 0], [-229, 0], [-293, 0], [-203, 0], [-217, 0], [-178, 0], [-279, 0], [0, 99], [0, 130], [0, 130], [0, 170], [0, 100], [0, 160], [0, 80], [0, 80], [0, 160], [0, 20], [0, 30], [0, 70], [0, 60], [0, 30], [0, 90], [0, 150], [0, 50], [0, 50], [0, 80], [0, 40], [0, 120], [0, 160], [0, 80]], [[0, 2139], [89, 0], [229, 0], [63, 0], [38, 0], [140, 0], [64, 0], [267, 0], [89, 0], [153, 0], [114, 0], [102, 0], [293, 0], [63, 0]], [[1704, 2139], [51, 0], [178, 0], [280, 0], [115, 0], [165, 0], [191, 0], [0, 50], [0, 60], [0, 20], [-13, 90], [13, 20], [127, 0], [153, 0], [267, 0], [89, 0], [152, 0]], [[2595, 3809], [0, 40], [0, 90], [0, 30], [-13, 0], [0, 20], [0, 40], [-305, 0], [-204, 0], [-25, 0], [0, 10], [12, 10], [13, 10], [13, 0], [0, 10], [38, 20], [-25, 0], [-13, -10], [-26, 0], [0, 10], [-12, 10], [0, 10], [25, 20], [13, 10], [0, 10], [38, 30], [13, 0], [0, 20], [-242, 0], [-165, 0], [0, 80], [-204, 0], [0, 80], [-254, 0], [-255, 0], [-178, 0], [-369, 0], [-242, 0], [-228, 0]], [[0, 4359], [0, 180], [0, 140], [0, 80], [0, 30], [0, 50], [0, 160], [0, 110], [0, 110], [0, 190], [0, 110], [12, 100], [0, 130], [0, 100], [0, 160], [0, 120], [0, 110], [0, 120], [0, 80], [0, 130], [0, 120], [0, 120], [0, 170], [0, 140], [0, 80], [0, 170], [0, 130], [0, 170], [0, 110], [0, 170], [0, 180], [0, 90], [0, 150], [0, 140], [0, 130], [0, 90], [0, 130], [0, 100], [0, 130], [0, 220], [0, 130], [0, 80], [0, 110], [0, 150], [0, 100], [0, 120], [280, 0], [293, 0], [292, 0], [293, 0], [280, 0], [292, 0], [293, 0], [280, 0], [292, 0], [293, 0], [293, 0], [279, 0], [293, 0], [293, 0], [292, 0], [280, 0], [293, 0], [292, 0], [280, 0], [293, 0], [292, 0], [293, 0], [280, 0], [292, 0], [293, 0], [293, 0], [279, 0], [293, 0], [293, 0], [279, 0], [293, 0], [293, 0], [0, -210], [0, -190], [0, -90], [0, -140], [0, -150], [0, -140], [0, -120], [0, -100], [0, -120], [0, -130], [0, -100], [0, -100], [0, -110], [0, -160], [0, -80], [0, -180], [0, -130], [0, -180], [0, -140], [0, -180], [0, -90], [0, -130], [0, -140], [0, -120], [0, -110], [0, -90], [0, -120], [0, -140], [0, -120], [51, 0], [0, -170], [0, -150], [50, 0], [0, -130], [-12, -40], [0, -150], [51, 0], [0, -160], [0, -120], [-13, -30], [51, 0], [0, -20], [0, -80], [0, -160], [-13, -60], [51, 0], [0, -90], [0, -100], [0, -130], [51, 0], [0, -80], [0, -140], [0, -100], [25, 0], [13, -100], [0, -90], [0, -130], [38, 0], [0, -100], [0, -90], [0, -130], [38, 0], [0, -70]], [[9642, 3569], [-369, 0], [-127, 0], [-229, 0], [-191, 0], [-89, 0], [-229, 0], [-330, 0]], [[6386, 2619], [-13, -20], [-13, -20], [-13, -10], [-12, 0], [0, -10], [-26, 0], [13, -10], [13, 0], [0, -20], [-13, 0], [-25, 0], [0, -70], [0, -30], [0, -50]], [[6297, 2379], [-77, 0], [-191, 0], [-114, 0], [-76, 0], [-268, 0], [-63, 0], [-318, 0], [-77, 0], [-38, 0], [-190, 0], [-26, 0], [0, -130], [0, -30], [0, -80], [-216, 0], [-13, 0], [-267, 0], [-216, 0], [0, -10], [0, -70], [0, -160]], [[3472, 2379], [26, 20], [13, 20], [12, 0], [26, 10], [25, 0], [38, 10], [39, 10], [25, 0], [25, 10], [13, 10], [0, 10], [0, 20], [26, 10], [0, 10], [12, 10], [26, 20], [12, 20], [0, 20], [-25, 20], [0, 20], [0, 10], [-25, 10], [25, 10], [0, 10], [-25, 0], [-26, 10], [-13, 10], [26, 10], [13, 0], [12, 10], [0, 10], [13, 0], [25, -10], [13, 0], [13, 20], [0, 10], [-13, 20], [-13, 20], [0, 10], [0, 10], [51, 20], [13, 10]], [[4630, 1429], [26, 0], [318, 0], [165, 0], [51, 0], [152, 0], [217, 0], [165, 0], [178, 0], [13, 0], [0, -140], [293, 20]], [[6208, 1309], [25, 10]], [[9642, 3569], [0, -70], [0, -20], [0, -110], [0, -40], [38, 0], [0, -90], [0, -60], [0, -150], [0, -20], [26, 0], [0, -50], [13, -30], [-13, -20], [0, -10], [0, -90], [0, -110], [38, 0], [0, -40], [0, -20], [0, -80], [0, -100], [0, -50], [13, 0], [0, -80], [0, -80], [0, -70], [0, -50], [0, -40], [38, 0], [0, -70], [0, -30], [0, -80], [0, -90], [0, -10], [0, -40], [38, 0], [0, -80], [0, -120], [-13, -120], [51, 0], [0, -70], [0, -40]], [[7823, 1389], [0, 40], [-13, 0], [0, 10], [-12, 0], [0, 20], [0, 60], [0, 80], [0, 60], [0, 30], [-26, 0], [0, 20], [0, 60], [13, 0], [0, 30], [0, 60], [0, 150], [0, 80], [0, 80], [-254, 0], [-191, 0], [-51, 0], [0, 90], [0, 70], [0, 50], [0, 30], [0, 40], [0, 20], [0, 70], [0, 30], [-13, 0], [0, 10], [0, 20], [13, 0], [0, 20], [-13, 0], [-203, 0], [-280, 0]], [[1704, 2139], [0, 130], [0, 80], [0, 30], [-25, 0], [0, 160], [0, 50], [0, 30], [165, 0], [0, 80], [-25, 0], [0, 20], [0, 120], [0, 10], [51, 0], [12, 10], [26, -10], [0, 10], [25, -10], [13, 0], [25, 0], [13, 0], [25, 0], [-12, -10], [38, 0], [25, 0], [13, 0], [13, 0], [13, 0], [0, -10], [25, 0], [13, -10], [12, 0], [0, 80], [0, 110], [-12, 0], [0, 80], [0, 20], [114, 0], [0, 60], [51, 0], [0, 80], [38, -10], [13, 0], [0, 10], [25, 0], [39, -10], [50, 0]], [[6297, 2379], [25, 0], [0, -80], [0, -110], [0, -130], [25, 0], [0, -20], [0, -90], [0, -20], [0, -30], [0, -50], [0, -30], [0, -80], [26, 0], [0, -50], [0, -70], [25, 0], [0, -30], [-25, 0], [0, -110], [0, -50], [-140, 0], [0, -60], [-25, 0], [0, -40], [0, -20]], [[0, 2139], [0, 80], [0, 20], [0, 60], [0, 80], [0, 20], [0, 60], [0, 80], [0, 20], [0, 60], [0, 160], [0, 130], [0, 60], [0, 60], [0, 90], [0, 80], [0, 70], [0, 60], [0, 100], [0, 30], [0, 50], [0, 20], [0, 90], [0, 40], [0, 30], [0, 140], [0, 80], [0, 160], [0, 50], [0, 70], [0, 10], [0, 90], [0, 70]]], "transform": {"translate": [-9999, 4454], "scale": [0.0786078607860786, 0.1000100010001]}, "objects": {"features": {"type": "GeometryCollection", "geometries": [{"type": "Polygon", "properties": {"feduid": "47011", "name": "Saskatoon - Wanuskewin", "prname": "Saskatchewan", "fedfname": "Saskatoon - Wanuskewin", "pruid": "47", "fedename": "Saskatoon - Wanuskewin", "id": "CA.SK.47011", "fedname": "Saskatoon - Wanuskewin"}, "arcs": [[0, 1, 2, 3, 4]]}, {"type": "Polygon", "properties": {"feduid": "47013", "name": "Wascana", "prname": "Saskatchewan", "fedfname": "Wascana", "pruid": "47", "fedename": "Wascana", "id": "CA.SK.47013", "fedname": "Wascana"}, "arcs": [[5, 6, 7]]}, {"type": "Polygon", "properties": {"feduid": "47009", "name": "Saskatoon - Humboldt", "prname": "Saskatchewan", "fedfname": "Saskatoon - Humboldt", "pruid": "47", "fedename": "Saskatoon - Humboldt", "id": "CA.SK.47009", "fedname": "Saskatoon - Humboldt"}, "arcs": [[8, 9, 10, 11, -1, 12]]}, {"type": "Polygon", "properties": {"feduid": "47012", "name": "Souris - Moose Mountain", "prname": "Saskatchewan", "fedfname": "Souris - Moose Mountain", "pruid": "47", "fedename": "Souris - Moose Mountain", "id": "CA.SK.47012", "fedname": "Souris - Moose Mountain"}, "arcs": [[13, 14, 15, -6, 16, 17]]}, {"type": "Polygon", "properties": {"feduid": "47006", "name": "Prince Albert", "prname": "Saskatchewan", "fedfname": "Prince Albert", "pruid": "47", "fedename": "Prince Albert", "id": "CA.SK.47006", "fedname": "Prince Albert"}, "arcs": [[18, -13, -5, 19]]}, {"type": "Polygon", "properties": {"feduid": "47004", "name": "Cypress Hills - Grasslands", "prname": "Saskatchewan", "fedfname": "Cypress Hills - Grasslands", "pruid": "47", "fedename": "Cypress Hills - Grasslands", "id": "CA.SK.47004", "fedname": "Cypress Hills - Grasslands"}, "arcs": [[20, 21, 22, -15, 23, 24, 25]]}, {"type": "Polygon", "properties": {"feduid": "47003", "name": "Desneth - Missinippi - Churchill River / Desneth - Missinippi - Rivire Churchill", "prname": "Saskatchewan", "fedfname": "Desneth - Missinippi - Rivire Churchill", "pruid": "47", "fedename": "Desneth - Missinippi - Churchill River", "id": "CA.SK.47003", "fedname": "Desneth - Missinippi - Churchill River / Desneth - Missinippi - Rivire Churchill"}, "arcs": [[-20, -4, 26, 27, 28]]}, {"type": "Polygon", "properties": {"feduid": "47002", "name": "Blackstrap", "prname": "Saskatchewan", "fedfname": "Blackstrap", "pruid": "47", "fedename": "Blackstrap", "id": "CA.SK.47002", "fedname": "Blackstrap"}, "arcs": [[29, 30, -21, 31, -11]]}, {"type": "Polygon", "properties": {"feduid": "47005", "name": "Palliser", "prname": "Saskatchewan", "fedfname": "Palliser", "pruid": "47", "fedename": "Palliser", "id": "CA.SK.47005", "fedname": "Palliser"}, "arcs": [[-7, -16, -23, 32, 33]]}, {"type": "Polygon", "properties": {"feduid": "47014", "name": "Yorkton - Melville", "prname": "Saskatchewan", "fedfname": "Yorkton - Melville", "pruid": "47", "fedename": "Yorkton - Melville", "id": "CA.SK.47014", "fedname": "Yorkton - Melville"}, "arcs": [[34, -18, 35, -9, -19, -29]]}, {"type": "Polygon", "properties": {"feduid": "47010", "name": "Saskatoon - Rosetown - Biggar", "prname": "Saskatchewan", "fedfname": "Saskatoon - Rosetown - Biggar", "pruid": "47", "fedename": "Saskatoon - Rosetown - Biggar", "id": "CA.SK.47010", "fedname": "Saskatoon - Rosetown - Biggar"}, "arcs": [[-2, -12, -32, -26, 36]]}, {"type": "Polygon", "properties": {"feduid": "47007", "name": "Regina - Lumsden - Lake Centre", "prname": "Saskatchewan", "fedfname": "Regina - Lumsden - Lake Centre", "pruid": "47", "fedename": "Regina - Lumsden - Lake Centre", "id": "CA.SK.47007", "fedname": "Regina - Lumsden - Lake Centre"}, "arcs": [[37, -33, -22, -31]]}, {"type": "Polygon", "properties": {"feduid": "47008", "name": "Regina - Qu'Appelle", "prname": "Saskatchewan", "fedfname": "Regina - Qu'Appelle", "pruid": "47", "fedename": "Regina - Qu'Appelle", "id": "CA.SK.47008", "fedname": "Regina - Qu'Appelle"}, "arcs": [[-36, -17, -8, -34, -38, -30, -10]]}, {"type": "Polygon", "properties": {"feduid": "47001", "name": "Battlefords - Lloydminster", "prname": "Saskatchewan", "fedfname": "Battlefords - Lloydminster", "pruid": "47", "fedename": "Battlefords - Lloydminster", "id": "CA.SK.47001", "fedname": "Battlefords - Lloydminster"}, "arcs": [[-3, -37, -25, 38, -27]]}]}}, "bbox": [-9999, 4454, -9213, 5454], "type": "Topology"}