{"crs": {"type": "name", "properties": {"name": "urn:ogc:def:crs:EPSG:4326"}}, "ac-tx": {"default": {"crs": "wsg84", "scale": 155.23641931927403, "xoffset": 0, "yoffset": 0}}, "arcs": [[[5487, 2790], [-132, 349], [-105, -117], [-185, 59], [-79, -175], [79, -232], [132, -233]], [[5197, 2441], [0, -174], [53, -175], [-106, -174], [-185, -116], [-105, 0], [0, -175], [-132, -58], [-211, 175], [-26, 0], [-185, 174], [-158, 0], [-132, 174], [-79, 0], [-159, 233], [-158, -116], [-238, 58], [-105, 116], [-106, 58], [-158, 175], [-105, 58], [-27, 232], [-53, 0], [-105, 233], [-106, 58], [-79, 116], [53, 291], [132, -58], [105, 58], [-131, 116], [-53, 116], [105, 117]], [[2743, 3953], [79, 0], [0, 174], [-105, 0], [0, 233]], [[2717, 4360], [79, -59], [106, 233], [0, 116], [-185, 175], [0, 58], [211, 290], [-106, 117], [27, 116], [237, -116], [-53, 232], [212, -58], [263, -174], [159, -58], [105, -117], [53, -349], [79, -174], [185, 349], [316, -58], [106, -58], [79, -407], [106, -175], [105, -58], [317, 116], [26, -174], [79, 0], [79, 116], [185, -58]], [[5487, 4185], [53, -523], [132, -640], [-185, -232]], [[2268, 6278], [211, -233], [212, -232], [-132, -116], [-27, 174], [-264, 407]], [[2743, 3953], [-211, -59], [-53, 59], [-131, 0], [-106, 58], [-106, -58], [-52, 116], [-159, 116], [-52, -232], [-211, -59], [-185, 59], [-343, 58], [-26, 290], [131, 233], [27, 116], [-53, 465], [79, 175], [159, 290], [-80, 175], [-26, 349], [-106, -291], [-79, -116], [-105, 58], [-158, 290], [-106, 59], [-185, -59], [-158, 59], [-79, -117], [-211, 0], [-53, -58], [-105, 407], [0, 465], [158, 349], [369, 523], [79, 233], [106, 290], [53, 291], [237, 465], [185, 174], [132, 175], [184, 174], [106, 175], [105, 349], [27, -175], [-27, -698], [0, -290], [80, -233], [0, -232], [-132, -233], [-80, -232], [-26, -233], [-158, -116], [-53, -175], [26, -174], [80, -58], [105, -174], [106, 58], [79, -58], [26, -117], [211, -290], [79, -233], [132, -174], [0, -291], [106, -291], [-53, -232], [0, -233], [-79, -58], [53, -116], [105, 0], [53, 116], [105, -174], [-26, -291], [-79, 0], [158, -174], [132, 0], [53, -58]], [[5487, 4185], [106, -58], [79, -116], [105, -58], [-26, -117], [79, -174], [79, 465], [264, 174], [264, 0], [-27, -232], [106, 58], [-53, 174], [370, 117], [79, -117], [158, -58], [158, 58], [-132, 117], [-52, 116], [263, 58], [53, 0], [317, 58], [264, 58], [237, -116], [633, 116], [211, 58], [264, 0], [317, -116], [316, -58], [80, -116], [-159, -175], [-53, -58], [-343, -407], [-105, -116], [-106, 0], [-105, -174], [-369, -58], [-80, -59], [-105, 117], [-79, -58], [-132, -233], [-27, -116], [0, -291], [-26, -116], [-158, 58], [0, -349], [52, -116], [-263, -58], [-79, 58], [-80, -58], [-26, -117], [79, -174], [-79, 0], [-132, 116], [-53, -58], [159, -174], [-80, -116], [106, -233], [211, 0], [79, -174], [-26, -175], [-79, -290], [-264, -117], [53, -174], [79, -58], [105, 58], [106, -58], [-27, -117], [-184, -232], [-238, -58], [-237, -58], [-185, 0], [-237, 0], [-159, -58], [-263, 58], [-106, 116], [-53, 116], [-105, 116], [0, 175], [-264, 291], [-290, 0], [53, 174], [79, -58], [105, 116], [132, 116], [79, 0], [132, 175], [0, 232], [-132, 0], [-53, -116], [-131, 0], [0, 233], [79, 232], [0, 116], [-185, 58], [-26, -174], [-106, 0], [-26, 174], [-106, -58], [-132, 117], [-132, -59], [-52, 233]], [[5250, 2383], [105, 174], [132, 233]], [[5250, 2383], [-53, 58]]], "transform": {"translate": [-9999, 7134], "scale": [0.037903790379037905, 0.017201720172017203]}, "objects": {"features": {"type": "GeometryCollection", "geometries": [{"type": "Polygon", "properties": {"feduid": "11004", "name": "Malpeque", "prname": "Prince Edward Island / le-du-Prince-douard", "fedfname": "Malpeque", "pruid": "11", "fedename": "Malpeque", "id": "CA.PE.11004", "fedname": "Malpeque"}, "arcs": [[0, 1, 2, 3, 4]]}, {"type": "MultiPolygon", "properties": {"feduid": "11003", "name": "Egmont", "prname": "Prince Edward Island / le-du-Prince-douard", "fedfname": "Egmont", "pruid": "11", "fedename": "Egmont", "id": "CA.PE.11003", "fedname": "Egmont"}, "arcs": [[[5]], [[6, -3]]]}, {"type": "Polygon", "properties": {"feduid": "11001", "name": "Cardigan", "prname": "Prince Edward Island / le-du-Prince-douard", "fedfname": "Cardigan", "pruid": "11", "fedename": "Cardigan", "id": "CA.PE.11001", "fedname": "Cardigan"}, "arcs": [[-5, 7, 8]]}, {"type": "Polygon", "properties": {"feduid": "11002", "name": "Charlottetown", "prname": "Prince Edward Island / le-du-Prince-douard", "fedfname": "Charlottetown", "pruid": "11", "fedename": "Charlottetown", "id": "CA.PE.11002", "fedname": "Charlottetown"}, "arcs": [[-9, 9, -1]]}]}}, "bbox": [-9999, 7134, -9620, 7306], "type": "Topology"}