{"crs": {"type": "name", "properties": {"name": "urn:ogc:def:crs:EPSG:4326"}}, "ac-tx": {"default": {"crs": "wsg84", "scale": 71.90824686803603, "xoffset": 0, "yoffset": 0}}, "arcs": [[[6295, 952], [0, -12], [-11, -36], [-6, -24], [-28, 0], [-5, 24], [22, 24], [11, 12], [17, 12]], [[6267, 1047], [22, -36], [6, -35], [-17, -12], [-11, 23], [-11, 0], [-11, -11], [-11, 11], [5, 24], [0, 12], [11, 12], [17, 12]], [[6295, 1059], [5, -24], [-11, 0], [0, 12], [6, 12]], [[6011, 1261], [6, -12], [-23, -23], [6, -24], [-11, -24], [-6, -36], [-16, 12], [-11, 0], [-17, 24], [0, 24], [11, 0], [11, 35], [22, 0], [0, 12], [28, 12]], [[5778, 1273], [5, -12], [11, -24], [11, 0], [17, -23], [28, 0], [28, -24], [11, -24], [28, -48], [33, -59], [11, -12], [6, -36], [-6, 0], [-11, 12], [-11, 12], [-11, 0], [-11, 24], [-12, 0], [-5, 12], [-56, 47], [0, 12], [-11, 24], [-5, 12], [-12, 0], [-5, 12], [-39, 24], [-11, 24], [11, 23], [-6, 0], [12, 24]], [[5755, 1309], [-5, 12], [5, 24], [11, -12], [-11, -24]], [[5644, 1440], [22, 0], [-11, -24], [-16, 12], [5, 12]], [[6083, 2059], [23, 0], [16, 0], [6, -24], [-11, -48], [0, -35], [5, -12], [0, -36], [-11, -12], [-11, 12], [-17, -12], [-33, 12], [-22, -24], [-11, -12], [5, -23], [11, 0], [12, -12], [-6, -24], [11, -24], [0, -12], [22, -71], [6, 0], [5, -12], [12, 0], [16, -24], [6, -12], [22, -12], [-11, -24], [11, -12], [6, 12], [16, 12], [11, 24], [28, 24], [17, 0], [17, 24], [0, 12], [5, 23], [11, 0], [-11, 24], [11, 12], [6, 36], [28, -48], [22, -24], [-11, 0], [5, -35], [0, -24], [11, -24], [12, -12], [22, 0], [5, -24], [17, 12], [6, -24], [22, 0], [0, -11], [-6, -12], [0, -24], [11, -24], [17, 12], [0, 36], [33, 0], [0, -24], [23, 0], [0, -83], [-6, 0], [17, -24], [11, 0], [6, 24], [22, -12], [5, 0], [17, 0], [0, -12], [0, -24], [-17, -24], [-16, 0], [0, -12]], [[6512, 1392], [-11, 0], [0, -12], [-23, 0], [-16, -23], [-12, 11], [-5, 0], [-11, -11], [-11, -36], [11, -12], [16, -12], [17, -12], [-5, -12], [16, -36], [0, -11], [17, -24], [0, -12], [-17, -24], [6, -12], [11, -36], [-11, -11], [11, -24]], [[6495, 1083], [-56, 0], [11, -24]], [[6450, 1059], [-72, 0], [0, -60], [-5, 0], [5, -35], [-11, -24], [0, -24], [6, -12], [0, -36], [5, -11]], [[6378, 857], [-5, 0], [-17, 11], [-17, 12], [-16, 0], [-12, 12], [-5, 12], [5, 12], [17, 36], [-11, 71], [-6, 12], [12, 36], [11, 59], [-6, 12], [17, 12], [11, 12], [-11, 12], [-28, -12], [0, -12], [0, -24], [-6, -35], [-16, -12], [-17, -12], [0, -12], [-22, 0], [-28, -24], [-6, -12], [6, -12], [-6, -12], [12, -23], [-6, -36], [-11, -12], [-11, -12], [-22, 12], [-39, 36], [-17, 0], [-6, 23], [-39, 0], [-11, 0], [-16, 12], [-6, 24], [-11, 0], [-6, 0], [0, 24], [-5, 0], [-11, 24], [-6, 36], [0, 11], [-22, 24], [5, 36], [12, 36], [0, 12], [22, 23], [17, -12], [16, -23], [0, -24], [11, -24], [0, -12], [11, -36], [12, -23], [0, -24], [5, -12], [0, -24], [11, -24], [11, 12], [-16, 12], [5, 24], [-5, 12], [0, 36], [16, 11], [11, 12], [17, 0], [-5, 12], [-34, 0], [-16, -12], [-6, 0], [-6, 24], [17, 24], [-17, 0], [-11, 36], [-11, 12], [-16, 23], [5, 24], [11, 12], [11, 24], [0, 36], [-5, 23], [-22, 12], [-12, 12], [-5, 24], [0, 12], [11, 12], [17, 12], [16, 12], [17, 12], [17, 11], [0, 12], [16, 24], [-22, 24], [0, 12], [-22, 24], [-56, 35], [11, -12], [17, -23], [17, -12], [11, -12], [5, -24], [17, -12], [-22, -36], [-33, -23], [-12, 0], [-16, -24], [0, -24], [16, -48], [23, -23], [-11, -36], [-12, -12], [0, -24], [-16, 12], [5, 24], [-11, 24], [-5, 0], [5, 35], [-5, 0], [-17, -35], [11, -24], [-17, 0], [-5, -36], [-11, -12], [-28, -12], [-6, 12], [-28, -12], [12, -23], [-6, 0], [-11, 11], [-22, 12], [-17, 0], [-22, 0], [-11, 24], [-17, 0], [-6, 36], [-11, 24], [-5, 12], [-23, 23], [-50, 48], [-16, 36], [-17, 35], [11, 12], [22, -35], [17, 12], [0, 11], [11, 12], [-11, 12], [-5, -24], [-12, -11], [-11, 23], [17, 24], [17, 12], [-11, 24], [22, 12], [16, 12], [12, 23], [-6, 36], [11, 12], [-11, 12], [-6, 24], [-33, 36], [17, 47], [16, 12], [34, 0], [11, 0], [5, 12], [34, 24], [17, 12], [5, 35], [-11, 0], [-6, -23], [-33, -24], [-17, 0], [-5, -12], [-11, 0]], [[5789, 1809], [0, 36], [11, 11], [11, 12], [0, 24], [-11, 12], [-11, 36], [-6, 12], [6, 12], [-11, 23], [5, 24], [22, 12], [17, 24], [6, 0], [22, 12], [17, 0], [11, 24], [-11, 23], [11, 12], [-6, 12], [17, 12], [0, 36], [11, 12], [17, -24], [0, -12], [22, -12], [5, -12], [34, -12], [11, 48], [17, -12], [0, -12], [22, -12], [11, -24], [6, 0], [5, -23], [22, -24], [11, 0]], [[6295, 261], [16, -12], [-16, 0], [0, 12]], [[6273, 119], [-12, 23], [6, 36], [-6, 24], [-16, 0], [-11, 12]], [[6234, 214], [-6, 0], [6, 24], [-6, 11], [6, 24], [-6, 12], [11, 12], [-5, 0], [-6, 36], [17, 0], [16, -24], [0, -24], [-5, -12], [5, -35], [6, 0], [6, -48], [0, -12], [11, -24], [11, 0], [5, -12]], [[6300, 142], [-16, -12], [0, -11], [-11, 0]], [[6295, 357], [5, -12], [-5, -12], [-11, 12], [11, 12]], [[6317, 392], [28, -12], [-11, -23], [-11, 23], [-6, 12]], [[6350, 428], [28, -24], [6, -12], [-28, 0], [-17, 0], [-5, 24], [11, 12], [5, 0]], [[6317, 392], [-6, -12], [-16, 12], [0, 48], [5, -12], [17, -24], [6, -12], [-12, 0], [6, 0]], [[6256, 464], [22, -24], [-5, -12], [-17, 24], [0, 12]], [[6306, 476], [11, -12], [6, -24], [-23, 0], [-11, 0], [11, 24], [6, 12]], [[6195, 404], [16, 12], [-22, 24], [0, 24], [11, 12], [-16, 23], [0, 24], [-6, 24], [28, -36], [11, -12], [22, -35], [0, -12], [-17, 12], [-5, 0], [33, -36], [11, -12], [12, -24], [-12, -12], [-16, 0], [5, -23], [-16, -12], [-12, 0], [-22, 24], [-5, 23], [0, 12]], [[6189, 595], [22, -36], [11, -12], [17, -12], [28, -24], [11, 0], [11, -23], [-11, -24], [-17, 12], [0, 23], [-11, 12], [-39, 36], [-16, 24], [-11, 24], [5, 0]], [[6412, 761], [22, -23], [22, 11]], [[6456, 749], [-6, -11]], [[6450, 738], [-11, -12], [11, -36], [12, -24]], [[6462, 666], [-23, -12], [-22, -12], [-17, -12], [-5, -23], [11, -12], [-22, 0], [-6, 23], [-22, 24], [-11, 36], [-6, 24]], [[6339, 702], [22, 0], [12, 12], [0, 35], [-6, 12]], [[6367, 761], [22, 0], [23, 0]], [[6478, 714], [0, -24], [11, -12], [0, -12]], [[6489, 666], [-11, -12]], [[6478, 654], [-16, 12]], [[6450, 738], [12, 0], [16, -24]], [[6495, 773], [6, -12], [0, -35], [-23, 0], [0, -12]], [[6456, 749], [0, 12]], [[6456, 761], [11, 12], [28, 0]], [[8047, 2892], [11, -24], [33, -35], [0, -24], [-6, -12], [0, -36], [28, -12], [6, 0], [22, -12], [-11, -12], [17, -35], [16, 12], [11, -24], [-5, -24], [17, -24], [-6, -12], [-11, -12], [11, -35], [17, -12], [0, -24], [-11, -24], [16, -24], [-11, -23], [11, -12], [17, 0], [11, 0], [-11, -24], [11, -24], [-6, -12], [12, -24], [11, 0], [0, -59], [11, -12], [17, 12], [0, -36], [11, -12], [11, -59], [16, 0], [-11, -12], [11, -24], [-5, -12], [11, -59], [17, -12], [0, -36], [-6, -24], [22, -12], [-16, 0], [5, -24], [11, -23], [-5, -24], [0, -24], [-17, -12], [11, -12], [-5, -12], [11, -12], [-11, -23], [0, -24], [-23, 0], [-5, -36], [-22, -36], [11, -12], [11, 0], [5, -23], [-5, -36], [5, -36], [12, -12], [0, -12], [-12, -23], [6, 0], [-11, -12], [-6, -24], [0, -36], [-16, 12], [-28, -24], [0, -35], [-17, -12], [6, -12], [-17, -12], [0, -12], [11, 0], [11, -12], [-5, -12], [5, -36], [17, 0], [6, -11], [-6, -36], [0, -24], [17, 0], [5, 0]], [[8291, 1297], [6, -12], [-161, 0], [-140, 0]], [[7996, 1285], [12, 36], [22, 24], [0, 12], [17, 11], [16, 24], [11, 0], [6, 12], [17, 0], [0, 24], [-6, 12], [6, 24], [-12, 12], [-11, 0], [-5, 11], [-28, 12], [-6, -12], [-16, 0], [-28, -11], [-17, 11], [-28, 0], [6, 36], [11, 24], [-5, 24], [-128, 0]], [[7830, 1571], [5, 71], [-5, 0], [-78, 0], [-39, 0], [5, 24], [23, 0], [5, 0], [-5, 24], [5, 12], [-16, 12], [22, 12], [0, 23], [11, 12], [-6, 24]], [[7757, 1785], [0, 143], [-5, 24], [-34, 119], [-22, 24], [0, 190], [106, 0], [0, 24], [5, 24], [6, 23], [-6, 36], [6, 12], [0, 24], [11, 24], [17, 0], [0, 35], [22, 24], [6, 12], [33, -12], [22, 24], [6, 0], [0, 36], [11, 0], [0, 35], [17, 0], [16, 12], [6, 24], [16, 0], [12, 24], [11, 0], [16, 24], [-5, 35], [11, 12], [-17, 24], [6, 36], [0, 12], [5, 12], [-11, 23], [6, 12], [-17, 36], [28, 12], [6, -12]], [[6367, 785], [39, 0], [6, -12]], [[6412, 773], [0, -12]], [[6367, 761], [-6, 0]], [[6361, 761], [6, 24]], [[7563, 3904], [-11, 24], [0, 23], [-12, 0], [-11, -11], [-16, 11], [-17, -11], [-11, 11], [-17, 36], [-17, 0], [-5, 0], [-11, 24], [-11, 48], [5, 12], [17, 0], [5, 23], [-16, 24], [-6, 24], [-39, 36], [-11, 0], [-11, 23], [-28, 36], [-5, 0], [-34, 0], [-5, 24], [-17, -12], [-17, 24], [-11, 0], [-11, -24], [-11, 0], [0, 36], [-17, 12], [6, 47], [0, 36], [-11, 0], [-11, -24], [-6, -12], [-28, 12], [-5, -12], [-28, 0], [-17, 12], [-11, 36], [-106, 0], [-5, 12], [-95, 0], [-50, 0], [-94, 0], [0, 24], [-11, 0], [5, 35], [-11, 0], [-17, 0], [-5, 0], [-22, 12], [-6, 0], [-11, -12], [-6, 12], [-5, 24], [0, 24], [-111, 0], [-6, 12], [6, 24], [-12, 11], [-11, 24], [11, 12], [-5, 12], [0, 36], [0, 24], [-11, 23], [5, 12], [-11, 12], [6, 24], [-11, 12], [11, 24], [0, 12], [-17, -12], [0, 24], [-39, 35], [-22, 0], [-11, -24], [11, -11], [-11, -24], [-17, -24], [-17, 0], [-11, -24], [-5, 12], [-6, 24], [-11, 12], [-11, 0], [-17, 12], [-16, 0], [-6, 12], [0, 11], [6, 12], [-6, 24], [-6, 0], [-16, -12], [-22, 0], [-23, 0], [-28, 24], [-16, -12], [-22, 36], [0, 24], [5, 12], [17, 0], [16, 0], [0, 11], [-27, 24], [16, 36]], [[6211, 4999], [0, 83], [-11, 12], [6, 24], [-11, 12], [-34, 24], [-39, -12], [-16, 12], [-17, 0], [-11, 35], [-22, 0], [-11, 0], [-23, 48], [17, 12], [0, 12], [28, 24], [11, 23], [-6, 12], [17, 12], [0, 36], [11, 0], [6, 12], [0, 24], [0, 24], [-6, 35], [-17, 0], [-16, 24], [0, 12], [-11, 12], [-17, 12], [11, 35], [0, 24], [11, 12], [-11, 12], [-39, 0], [11, 24], [-16, 12], [-6, 24], [0, 12], [11, 11], [6, 24], [11, 24], [11, 0], [17, 0], [5, 24], [11, 0], [23, 0], [0, -36], [5, 0], [28, -36], [17, -35], [11, 0], [16, 35], [12, -11], [16, 11], [11, 48], [28, 0], [11, 12], [6, 24], [0, 24], [5, 11], [-11, 24], [0, 24], [11, 12], [-5, 24], [0, 35], [-11, 0], [-11, 24], [0, 24], [-12, 24], [-16, 12], [-17, -24], [-28, 0], [-39, -12], [-11, 0], [-11, 24], [-22, 12], [-11, 59], [-11, 24], [5, 24], [-5, 24], [11, 12], [-17, 47], [-28, -12], [-11, -12], [-11, 12], [-17, 24], [-11, 60], [-16, 12], [-12, 23], [-33, 0], [-17, 24], [-5, 36], [-11, 36], [0, 23], [5, 12], [-16, 36], [0, 36], [-6, 24], [-17, 11], [0, 36], [-22, 36], [0, 24], [6, 35], [0, 12], [-73, -12], [-22, 12], [-22, 36], [-11, 24], [-17, 24], [-22, 12], [-11, 0], [-23, -12], [0, -12], [-27, -12], [-6, 12], [6, 12], [-6, 35], [-11, 12], [-11, 24], [-28, -12], [-17, -24], [-5, -12], [-34, -11], [-33, 11], [-17, -11], [-50, -60], [-11, -12], [-11, 0], [-11, 12], [5, 48], [-5, 0], [-33, -24], [-23, -24], [-28, -24], [-27, 0], [-6, 0], [-5, 24], [-6, 36], [0, 35], [-28, 0], [-28, 12], [-27, 60], [-6, 12], [39, 35], [0, 24], [-33, 36], [0, 12], [16, 48], [-5, 23], [5, 12], [-11, 36], [-22, 24], [-28, 24], [-11, 11], [-22, -11], [-11, -12], [-34, 12], [-72, 83], [-17, 0], [-39, -72], [-16, 0], [-17, 12], [-11, -12], [0, -11], [-28, -36], [-17, -12], [-27, 0], [-12, 12], [-22, 59], [-11, 36], [-22, 0], [-34, -48], [-22, 0], [-16, 12], [-34, 36], [11, 12], [-5, 12], [-17, 36], [-6, 11], [-11, 12], [0, 12], [17, 12], [-17, 24], [6, 12], [17, 24], [5, 35], [-11, 0], [-44, 0], [-12, 12], [-11, 24], [0, 36], [0, 47], [6, 12], [11, 12], [33, 12], [34, 12], [16, 24], [6, 12], [-11, 83], [5, 24], [28, 36], [17, 35], [11, 0], [17, 24], [-11, 24], [16, 24], [-16, 0], [-6, 35], [17, 24], [5, 0], [6, 24], [11, 0], [28, 0], [11, -24], [5, -12], [-5, -23], [22, 0], [17, -24], [28, 24], [44, 11], [28, 12], [5, 12], [-22, 36], [-11, 24], [11, 24], [-5, 12], [-23, 11], [-11, 12], [-5, 24], [-11, 12], [0, 24], [11, 12], [5, 0], [28, -12], [6, 12], [-11, 24], [0, 35], [-34, 60], [-5, 24], [11, 23], [33, 12], [39, 0], [28, 24], [17, -36], [22, -23], [33, -24], [33, 0], [6, -12], [17, 0], [5, 0], [23, -48], [16, -12], [17, 72], [17, 12], [16, -24], [28, -12], [11, 24], [-5, 12], [5, 12], [28, 0], [28, 11], [11, 0], [17, 0], [16, -11], [6, -36], [5, -12], [0, -12], [12, -24], [16, 0], [11, 24], [6, 24], [17, 12], [11, -12], [11, 0], [28, 12], [0, 12], [16, 23], [28, 12], [50, 12], [22, 12], [23, 0], [22, 0], [22, -12], [22, -24], [23, 12], [-17, 12], [6, 24], [11, 0], [0, 24], [0, 12], [16, 24], [6, 23], [-6, 24], [11, 24], [12, 24], [-12, 12], [-11, 0], [-5, 12], [-11, 12], [-11, -24], [-34, 12], [-11, 0], [-39, 0], [-17, 0], [-33, 47], [-17, -12], [-22, 12], [-5, 12], [-17, 24], [-11, 0], [-6, -24], [-16, 0], [-12, 12], [-39, -12], [-27, 0], [-11, 12], [-12, 0], [-5, 24], [-17, 0], [0, 12], [-11, 35], [-17, 0], [-11, -11], [-33, 11], [-22, 12], [-6, 24], [-22, 12], [-28, 24], [-33, 48], [-6, 23], [0, 24], [-11, 12], [-28, -12], [-33, 0], [-28, -24], [-22, 12], [-39, 48], [-17, 24], [-39, -12], [-11, -24], [-17, 12], [0, 12], [28, 47], [6, 12], [-28, 48], [-22, 24], [-6, 0], [-22, 0], [-17, 35], [28, 48], [22, 60], [-5, 35], [-11, 24], [5, 24], [0, 24], [-11, 12], [-11, 11], [-17, 0], [-16, -11], [-28, 23], [-6, 12], [0, 24], [-11, 24], [-5, 24], [-17, 35], [-6, 24], [-16, 36], [-6, 24], [-33, 59], [-6, 36], [-22, 36], [-17, 0], [-5, 23], [-12, 12], [-5, 24], [-33, 12], [-23, 12], [-5, 36], [-23, 24], [0, 23], [-5, 24], [11, 12], [-6, 12], [17, 12], [-5, 24], [16, 12], [28, 11], [6, 24], [-11, 12], [-23, 0], [0, 84], [6, 0]], [[4532, 9999], [189, 0], [100, 0], [200, 0], [200, 0], [201, 0], [194, 0], [200, 0], [101, 0], [200, 0], [100, 0], [200, 0], [200, 0], [100, 0], [201, 0], [100, 0], [200, 0], [200, 0], [200, 0], [0, -203], [0, -357], [0, -286], [0, -214], [0, -214], [0, -214], [0, -298], [0, -333], [0, -262], [0, -179], [0, -297], [0, -191], [0, -250], [0, -155], [0, -238], [0, -214], [0, -274], [0, -273], [0, -262], [0, -191], [0, -274], [0, -119], [23, -23], [22, 0], [0, -24], [-6, -12], [0, -24], [22, 12], [6, -24], [17, 12], [16, -36], [6, 0], [0, -23], [11, -24], [-17, -12], [-11, 0], [-5, 0], [-23, 12], [-22, 12], [-5, -24], [11, -12], [11, -12], [0, -12], [-17, -24], [0, -12], [22, -11], [6, 11], [6, -11], [16, 0], [-5, -12], [11, -48], [17, -36], [11, 0], [11, -12], [28, -12], [-6, 24], [22, -12], [17, 0], [22, -12], [22, 12], [12, -23]], [[7869, 4309], [-62, -286], [-55, -262], [-17, -24], [-17, 0], [-5, -12], [-22, 12], [-12, 12], [-11, -12], [-5, 24], [-11, 12], [-11, -12], [-12, 24], [-22, 24], [-11, 59], [-22, 12], [0, 12], [-11, 12]], [[6156, 571], [5, 0], [6, -36], [-11, 12], [0, 24]], [[6145, 607], [11, -24], [-11, -12], [-6, 24], [6, 12]], [[6139, 690], [11, -12], [0, -12], [17, -24], [11, -24], [0, -23], [-22, 47], [0, 12], [-17, 24], [0, 12]], [[6089, 761], [0, -12], [28, -23], [16, 0], [12, -12], [-6, -12], [-28, 0], [-5, 12], [-34, 12], [0, 35], [17, 0]], [[6033, 749], [17, -23], [6, -24], [5, 12], [28, -12], [6, 0], [5, -36], [17, -36], [5, 0], [-16, -23], [5, -12], [0, -24], [-22, 24], [11, -24], [17, -12], [5, -24], [28, -36], [11, -23], [23, -12], [0, -24], [-6, -24], [17, 0], [0, -12]], [[6195, 404], [-17, -24], [-11, 12], [-6, -23], [23, -12], [11, -12], [11, -24], [0, -12], [-6, -24], [11, -24], [0, -12], [0, -23], [-11, -12], [-5, -24]], [[6195, 190], [-6, 0], [-5, -12], [-17, 12], [-6, 24], [0, 35], [-16, 0], [-6, 12], [-17, 0], [0, -12], [-22, -11], [6, -12], [-17, 0], [0, 23], [-11, 0], [0, 36], [-33, 0], [-6, 0], [-28, 0], [-39, 0], [-11, -12], [-11, 24], [-11, 0], [-34, 48], [0, -24], [-27, 0], [-11, -24], [-12, 0], [0, -24], [-33, 0], [0, -35], [-6, -36]], [[5816, 202], [-55, 24], [-28, 12], [-17, 23], [-5, 12], [-11, 12], [-6, 12], [-17, 12]], [[5677, 309], [0, 12], [23, 12], [11, 24], [11, 12], [11, 35], [6, 12], [5, 24], [17, 12], [-6, 12], [17, 24], [28, 11], [5, 36], [-44, 72], [17, -12], [0, 23], [-12, 12], [0, 24], [0, 12], [23, 12], [0, 36], [11, 0], [5, -24], [0, -36], [6, -24], [11, 12], [6, -35], [27, 0], [12, -36], [0, 12], [33, 0], [22, 12], [45, 0], [11, -12], [5, 24], [0, 154], [17, 0], [28, -23], [5, 11]], [[6545, 690], [0, -95]], [[6545, 595], [-28, 0], [-28, 12], [-16, 0], [-11, 35], [11, 0], [5, 12]], [[6489, 666], [17, 0], [0, 36], [17, 0], [22, -12]], [[6495, 773], [6, 48], [-17, 12]], [[6484, 833], [-11, 12], [-23, 0], [-5, 0], [17, 35], [0, 12]], [[6462, 892], [11, 24], [5, 48], [-11, 23]], [[6467, 987], [-5, 48], [-12, 24]], [[6495, 1083], [44, 0], [6, -24], [11, -12], [17, 0], [11, -36], [22, -24], [0, -11], [-11, -36], [0, -12], [-11, -36], [-11, 0], [-22, -35], [0, -24], [-12, 0], [-11, -24], [-16, -24], [5, -12]], [[6517, 773], [-22, 0]], [[5594, 547], [0, -24], [-11, -24], [-11, 0], [5, 24], [17, 24]], [[5216, 773], [22, -12], [0, -12], [-11, -35], [-22, 35], [0, 12], [11, 12]], [[5271, 797], [39, -12], [0, -24], [-11, 0], [0, -23], [0, -24], [-5, -12], [-17, 0], [-6, 47], [-11, -11], [-11, 23], [0, 24], [22, 12]], [[5171, 928], [17, -24], [0, -36], [0, -11], [0, -24], [11, -12], [-22, -12], [-17, 12], [-11, 0], [-5, -12], [-12, 24], [-5, 24], [-6, 11], [6, 24], [0, 36], [11, 0], [6, -24], [16, 24], [11, 0]], [[5194, 940], [-11, -12], [-6, 12], [6, 12], [11, -12]], [[5878, 1035], [5, -12], [17, 0], [11, -12], [11, 12], [11, -24], [17, -12], [0, -11], [0, -12], [-11, 12], [-28, 11], [-22, 0], [-17, 12], [6, 12], [-11, 12], [11, 12]], [[5716, 976], [17, 11], [11, -11], [22, -36], [23, -24], [33, -12], [11, -12], [17, 0], [22, 0], [22, -24], [11, 0], [6, 0], [6, -23], [16, 0], [11, 12], [12, -24], [11, 0], [0, -12], [-17, 0], [0, -12], [22, 0], [45, -12], [11, 0], [11, -12], [-6, -24], [0, -12]], [[5677, 309], [-22, 12], [-16, 12], [-12, 0], [-16, 12], [-23, 12], [-11, -12], [-11, 24], [0, 23], [6, 12], [-6, 12], [-11, -24], [-11, 24], [33, 60], [11, 12], [17, 0], [11, 11], [0, 24], [-11, 12], [6, 0], [11, 0], [5, 24], [12, 12], [16, 0], [6, 12], [16, 12], [6, 35], [0, 24], [11, 12], [0, 24], [6, 12], [0, 24], [-6, 23], [0, 12], [-5, 12], [0, -35], [5, -24], [0, -24], [-5, -24], [-17, -24], [0, -24], [0, -23], [-17, -24], [-11, 0], [-28, 12], [-5, -12], [-11, 12], [-17, -12], [-6, 0], [-16, 36], [5, 23], [-16, 0], [5, -23], [-17, -12], [6, -24], [-6, -12], [-16, -12], [-22, 24], [0, 12], [-12, 12], [-11, 23], [-5, -35], [-23, -24], [-11, -24], [-11, -12], [-11, 0], [-17, 24], [-11, -12], [-16, 36], [0, 12], [-12, 12], [-11, -12], [0, 24], [-5, 11], [-22, 24], [-34, 0], [-22, 24], [-11, 48], [5, 0], [6, -12], [17, -12], [11, 0], [28, -24], [11, 24], [-6, 0], [33, 36], [6, 35], [11, 0], [0, 12], [-22, -12], [0, -23], [-11, 11], [-11, -23], [-6, -12], [-17, 0], [0, 12], [12, 23], [-6, 12], [0, 48], [-11, -12], [-11, 12], [5, 36], [-5, 12], [-11, -24], [0, -24], [-17, 24], [-17, -12], [-16, -36], [-17, 12], [-6, 12], [6, 36], [11, 0], [11, 0], [6, 59], [0, 24], [-11, -48], [-17, -12], [-11, 0], [-11, 12], [0, 12], [-6, 36], [6, 12]], [[5194, 940], [-6, 24], [-17, -12], [-22, -24], [-22, 12], [-6, 36], [-5, -12], [0, -12], [0, -36], [0, -24], [-17, 12], [-17, 12], [-5, 12], [-17, 12], [0, 12], [-17, 24], [12, 11], [-6, 12], [-28, -35], [11, -24], [-5, -24], [-22, 0], [-12, 24], [6, 24], [-11, 35], [5, 24], [0, 24]], [[4993, 1047], [23, 0], [11, 36], [16, 0], [23, -12], [11, 12], [5, 24], [12, 0], [11, -24], [11, 0], [5, -24], [17, 0], [11, 12], [11, 12], [11, -12], [12, 0], [11, -12], [16, 24], [6, 0], [17, 12], [5, -12], [22, -12], [6, -12], [39, -12], [11, -24], [11, 12], [11, -12], [28, 0], [0, -12], [33, 0], [23, -12], [0, 12], [11, 24], [5, 12], [11, 12], [6, 0], [11, 0], [-5, 36], [-12, 35], [0, 12], [78, -131], [23, 0], [0, 12], [27, 12], [17, -36], [17, 12], [5, -24], [11, -11], [6, -12], [22, -12], [22, 12], [0, -12], [12, 0], [0, -12], [39, 0], [0, 24], [-12, 12]], [[6456, 761], [-11, 12], [17, 24]], [[6462, 797], [0, 36]], [[6462, 833], [22, 0]], [[6462, 797], [-28, -12], [-22, 0]], [[6412, 785], [0, 24]], [[6412, 809], [0, 36]], [[6412, 845], [11, 0], [11, -12], [28, 0]], [[6339, 702], [0, 36], [-5, 11], [5, 24], [-16, 12], [-6, 12]], [[6317, 797], [11, -12], [28, -12], [5, -12]], [[6195, 190], [22, 12], [5, 24], [12, -12]], [[6273, 119], [-12, -12]], [[6261, 107], [0, -12], [-16, 0], [-6, 24], [-17, -48], [-11, -12], [-11, -24], [0, -24], [-5, -11], [-11, 0], [0, 11], [-17, 12], [-6, -23], [-28, 35], [6, 24], [17, -12], [11, 0], [0, 12], [-11, 12], [-23, -12], [-11, -24], [-11, 12], [-22, -12], [-6, 12], [-22, 12], [-11, 0], [-11, 12], [-11, 0], [-6, 12], [-22, 12], [-11, 0], [-11, 12], [-39, 12], [-34, 23], [-5, 24], [-28, 0], [-39, 24], [11, 12], [11, 12], [0, 12], [-27, -12], [-12, -12]], [[7996, 1285], [-5, -12], [-17, -12], [-16, 12], [0, -36], [-23, 0], [-11, -23], [-11, 12], [-6, -12], [-22, -24], [-16, -24]], [[7869, 1166], [-12, 12], [-11, -12], [-11, 24], [0, 24], [-11, 12], [-11, -12], [0, 23], [-17, 0], [-55, 0], [0, 12], [50, 24], [16, 24], [6, 24], [0, 47], [11, 24], [11, 48], [-5, 47], [0, 84]], [[7757, 1785], [-11, -12], [-16, 0], [0, -12], [-28, 0], [0, -12], [-61, 0], [-62, 0], [0, 12], [-50, 0], [0, 12], [-83, 0], [0, 12], [-56, 0], [0, 12], [-22, 0], [-5, 12], [-34, 0], [0, 12], [-22, 0], [-6, 12], [-27, 0], [0, 23], [22, 0], [11, 0], [0, 24], [-56, 0], [-5, 12], [-11, -12], [0, 36], [-23, 0]], [[7212, 1916], [0, 24], [-22, 24], [11, 23], [0, 24], [11, 12], [45, -12], [0, 72], [-17, 12], [-17, 35], [-11, 36], [-11, 0], [0, 71], [-144, 0], [0, 12], [-17, 0], [0, -12], [-72, 0], [0, 60], [-62, 0], [-55, 0], [0, -12], [-100, 12], [11, 0], [-6, 24], [-16, 0], [-45, 24], [-22, 23], [-6, 24], [-33, 12], [-6, 0], [0, 36], [-22, 35]], [[6606, 2475], [-17, 36], [-22, 0], [-16, 24], [-6, 24], [11, 12], [11, 35], [6, 12], [-11, 24], [5, 12], [28, 24], [0, 36], [33, 0], [12, 23], [11, 0], [33, 12], [22, -12], [134, 0], [0, 48], [0, 59], [-6, 84], [-5, 0], [0, 119], [55, 0], [-5, 36], [5, 11], [0, 48], [0, 12], [111, 0], [0, 71], [62, 0], [77, -12], [0, -59], [128, 0], [0, 119], [201, 0], [-6, 12], [6, 24], [0, 24], [-12, 0], [-27, 71], [5, 12], [-16, 24], [-6, 0], [6, 47], [22, 36], [-34, 36], [12, 23], [27, 12], [17, 24], [17, -12], [11, 36], [5, 0], [12, 12], [0, 24], [11, 0], [11, 12], [0, 12], [-22, 23], [16, 12], [-16, 24], [0, 12], [5, 24], [-11, 24], [-11, 11], [11, 24], [-11, 12], [11, 24], [11, 12], [6, -12], [22, 12], [11, -12], [17, 12]], [[7869, 4309], [11, -12], [-6, -12], [11, -24], [-5, 0], [22, -48], [22, -47], [6, 12], [16, -12], [12, 12], [11, -24], [16, 0], [17, -12], [-6, -24], [23, 24], [-11, 12], [11, 24], [0, 12], [-11, 23], [22, 12], [11, -12], [11, -23], [17, 0], [5, -12], [28, -24], [6, -24], [16, -12], [-11, -47], [-5, -24], [5, 0], [17, 12], [6, -12], [22, 0], [5, -36], [-11, -12], [0, -12], [22, -24], [-5, -23], [5, -24], [12, 0], [16, 24], [6, -12], [11, 0], [22, -12], [-5, -12], [5, -12], [17, -12], [0, -12], [-11, -47], [33, -36], [0, -24], [22, -24], [-5, -24], [-22, -11], [0, -24], [11, 0], [0, -24], [22, -12], [-6, -24], [23, -47], [16, 0], [-28, -24], [12, -24], [-6, -12], [11, -12], [0, -12]], [[8330, 3487], [-5, -12], [-6, -23], [-17, 0], [-11, 23], [-16, 0], [-17, -35], [-11, 0], [-6, 0], [-22, -12], [0, -36], [-17, 0], [-11, -12], [6, -24], [-11, -35], [-17, -12], [-6, -12], [-33, 0], [-11, 24], [-22, -12], [-12, -12], [0, -12], [-11, -36], [0, -12], [-5, -12], [11, -23], [-6, 0], [-33, -24], [0, -12], [-11, -24], [22, -12], [11, -12], [-11, -24], [-28, 0], [6, -35], [-6, -24], [11, -12], [0, -24], [28, -36], [-5, -11], [5, -24], [-11, -12], [-5, -24]], [[6551, 761], [-6, -12], [0, -59]], [[6517, 773], [34, -12]], [[6367, 785], [0, 24]], [[6367, 809], [11, 0]], [[6378, 809], [34, 0]], [[6412, 785], [0, -12]], [[7869, 1166], [0, -12], [11, -24], [-6, -12], [11, -35], [0, -12], [6, -24], [5, -12], [0, -119], [17, 0], [6, -12], [-6, -12], [11, -12], [11, 0], [-5, -12], [0, -23], [-6, -36], [-28, -12], [-16, 12], [-11, -12], [-50, 12], [-23, 12], [0, 12], [-22, 0], [0, 12], [-72, 0], [0, 12], [-39, 0], [-6, 142], [0, 12], [-16, 36], [-23, -24], [-11, 12], [0, 24], [-5, 24], [5, 12], [-28, 47], [17, 12], [11, 12], [22, 0], [-5, 36], [0, 47], [0, 12], [5, 24], [-5, 12], [-22, 24], [-6, 0], [-11, -12], [-6, 0], [-11, 0], [-16, 24], [-6, -12], [-11, 0], [0, 24], [-6, 12], [-16, -12], [-28, 23], [-11, 0], [0, -11], [-11, -24], [0, -12], [-12, -36], [-11, 0], [-16, -36], [-45, 0], [0, -23], [-67, 0], [0, 11], [-27, 0], [-45, 0], [-5, -11], [0, -24], [0, -36]], [[7235, 1166], [-12, 0], [-5, -12], [-6, -24], [-16, 0], [-17, -12], [-11, -11], [-11, 11], [-6, 24], [17, 24], [-11, 36], [-11, 12], [-12, 47], [12, 12], [0, 24], [22, 0], [5, 12], [6, 12], [0, 12], [-17, -12], [-11, 0], [0, 24], [-22, 12], [0, -12], [-22, -12], [-17, 12], [0, 12], [11, 23], [0, 24], [11, 12], [-5, 24], [-6, 12], [-17, 24], [12, 23], [-6, 12], [6, 24], [-6, 24], [11, 0], [6, 24], [11, -12], [11, 35], [11, 0], [22, 12], [0, 24], [67, 0], [11, 24], [-5, 12], [5, 12], [0, 24], [11, 0], [11, 47], [-5, 24], [-11, 12], [-11, 0], [0, -24], [-45, 0], [0, 36], [-28, 12], [0, 47], [11, 0], [-5, 24], [-6, 12], [-39, 0], [0, 12], [-22, 0], [6, 12], [27, 0], [0, 12], [45, 0], [0, -12], [17, 0], [0, -24], [11, 0], [5, 12]], [[6300, 142], [11, -23], [-11, 0], [-5, -24], [5, -12], [-22, 0], [-11, 0], [0, 24], [-6, 0]], [[7235, 1166], [0, -24], [-17, -47], [-17, 0], [0, -36], [0, -12], [-16, -24], [11, -36], [-11, 0], [-6, -23], [0, -72], [6, -24], [16, 0], [6, -11], [11, 0], [0, -24], [5, -12], [23, 0], [11, 24], [17, 0], [16, 0], [6, -12], [-6, -36], [-11, 0], [0, -24], [-5, -12], [-12, 0], [-5, -23], [17, -36], [-12, -12], [-11, 0], [-16, -24], [27, -12], [12, -24], [11, 0], [5, -23], [-11, -12]], [[7279, 595], [-161, 0], [-100, 0], [-200, 0], [-45, 0]], [[6773, 595], [6, 12], [0, 11], [5, 24], [0, 36], [-5, 36], [-23, 0], [-16, -12], [-23, 12]], [[6717, 714], [6, 0], [-6, 24], [23, 0], [0, 23], [27, 0], [6, 12], [17, 24], [5, 12], [17, 12], [0, 12], [-28, 35], [-17, 12], [0, -23], [-11, 11], [-5, 12], [5, 24], [-11, 24], [17, 48], [5, 35], [0, 12], [6, 24], [11, 0], [6, 36], [-11, 24], [-12, 0], [-16, 0], [-11, -12], [-17, 0], [-6, 12], [-16, 0], [5, 35], [-5, 12], [-23, 0], [0, -36], [-16, 12], [-6, 12], [-16, -12], [-12, 48], [17, 36], [-22, 35], [-39, 12], [-22, -12], [0, 12], [0, 12], [-11, 24], [5, 12], [17, 0], [0, 12], [-11, 12], [-11, 0], [-23, 24], [-5, 0], [-11, 35]], [[6083, 2059], [6, 0], [-17, 24], [11, 23], [17, 24], [-11, 36], [11, -12], [28, 12], [5, 24], [-16, 12]], [[6117, 2202], [5, 0], [34, 0], [0, 12], [11, 0], [11, 0], [11, 23], [11, 0], [11, 24], [28, 24], [17, 0], [11, 24], [6, -12], [50, 0], [-6, 24], [6, 24], [22, 23], [16, 36], [12, 12], [11, 0], [16, 12], [-5, 24], [-6, 35], [17, -12], [50, -11], [33, -36], [12, 0], [5, -12], [17, 24], [11, -12], [0, -24], [17, -24], [16, -12], [22, 24], [-5, 12], [-6, 24], [6, 24], [11, 12], [11, 11]], [[8330, 3487], [6, -12], [28, 36], [38, -12], [6, 36], [-11, 12], [28, 35], [5, -23], [34, -36], [50, -12], [22, -36], [-6, -12], [-11, -35], [-11, 0], [-11, -24], [-17, -12], [11, -36], [28, -23], [0, -12], [34, 0], [11, -12], [11, -24], [33, 12], [11, -12], [45, -12], [22, 12], [0, 36], [6, 0], [5, -84], [0, -12], [11, -23], [34, -60], [22, -12], [11, -12], [6, -12], [27, -47], [-5, -24], [11, -24], [11, 0], [0, -12], [6, -24], [0, -12], [-6, -11], [22, -48], [17, 0], [11, 0], [17, 0], [5, 12], [-5, 12], [17, 35], [11, 24], [11, 0], [16, 12], [12, -12], [0, -12], [0, -23], [5, -24], [17, -12], [5, -24], [-5, -24], [11, -12], [28, -23], [11, -12], [0, -24], [5, -12], [28, -12], [-5, -36], [16, -35], [28, 0], [0, -48], [-11, -24], [17, -24], [-6, -12], [6, -23], [22, -24], [11, 12], [11, 0], [0, -24], [22, -12], [17, -12], [6, -12], [16, -12], [6, -23], [-17, -12], [6, -12], [5, -36], [23, 0], [11, -36], [22, 12], [17, -12], [5, 0], [11, 0], [6, -35], [17, -12], [11, 0], [11, -24], [11, 0], [11, -36], [11, -12], [-5, -12], [11, -12], [5, -11], [-11, 0], [-22, -24], [0, -24], [28, 0], [11, -36], [11, -12], [11, 0], [6, -23], [16, 0], [12, -24], [0, -12], [5, -12], [17, 12], [16, 12], [6, -36], [6, -24], [0, -24], [-12, 0], [6, -23], [22, -12], [6, -36], [16, -12], [0, 12], [6, 12], [17, 12], [5, -12], [11, 24], [17, -12], [17, -12], [39, -95], [16, -24], [6, -24], [11, 0], [6, -24], [16, -12], [-11, -23], [6, -24], [11, 0], [0, -24], [-6, -24], [17, -48], [0, -11], [0, -24], [0, -24], [6, -12], [11, -24], [11, -24], [0, -47], [0, -24], [-11, 0], [0, -24], [0, -35], [16, -60], [0, -12], [6, -24], [-11, -12], [11, -35], [0, -12], [-17, -12], [0, -24], [6, -24], [-17, -12], [-17, -12], [6, -35], [17, -24], [11, 0], [16, 0], [12, 12], [5, 0], [0, -36], [-5, -12], [-6, -36], [0, -47], [17, -24], [11, 0], [5, -24], [12, -12], [5, -23], [11, -24], [0, -12], [22, -12], [0, -12], [0, -24], [23, -24], [11, 0], [22, -11], [17, 11], [0, -11], [16, -12], [12, -12], [-6, -12], [6, -12], [-6, -12], [22, -36], [11, 0], [12, -35], [-12, -12], [-172, 0], [-100, 0], [-195, 0], [-228, 0], [-83, 0], [-189, 0], [-167, 0]], [[8853, 595], [11, 23], [0, 12], [-17, 12], [-27, -12], [-12, 0], [-11, 24], [0, 12], [0, 24], [11, 12], [-5, 24], [-6, 35], [11, 36], [6, 12], [-17, 24], [-5, 35], [5, 36], [-5, 12], [-17, 0], [6, 36], [-12, 12], [6, 23], [17, 0], [105, 12], [-5, 60], [-6, 36], [-16, 23], [-12, 12], [-5, 0], [11, 48], [0, 24], [0, 83], [0, 48], [78, 0], [5, 12], [12, 0], [11, 23], [16, 12], [0, 24], [11, 12], [17, 12], [17, -12], [5, 0], [6, 24], [-11, 12], [0, 24], [-11, 11], [0, 36], [5, 24], [11, 12], [0, 24], [-11, 0], [-5, 35], [-23, 12], [0, 36], [0, 24], [-27, 0], [-11, -12], [-28, 0], [-11, -12], [-50, -24], [-12, 0], [-11, -24], [-11, 0], [-11, -12], [-33, 0], [-28, -23], [-11, 0], [-28, -12], [11, 35], [-17, 0], [-11, 12], [6, 36], [11, -12], [6, 24], [-6, 12], [0, 24], [-17, -12], [-27, -24], [-12, 12], [6, 48], [-17, 23], [-11, 0], [-11, -12], [-6, -59], [-11, -12], [-5, 24], [-17, 0], [-11, -24], [-22, 0], [-17, -24], [6, -12], [5, -24], [-11, -11], [0, -24], [11, -12], [22, -12], [-5, -36], [0, -24], [17, -23], [0, -12], [-12, -12], [0, -36], [-11, 0], [-5, -24], [-11, -12], [-12, 12], [-5, -12], [0, -11], [-6, -24], [-11, 0], [0, -36], [-5, -12], [-17, 0], [0, 12], [-28, 12], [-5, -24], [0, -12], [-17, 0], [-6, -24], [-22, -71], [-39, 12], [-22, 24], [-17, 0], [0, -12], [-16, 0], [0, 35], [-12, 0], [0, 36], [-11, 12], [-11, 12]], [[6467, 987], [0, -35], [-5, -24], [5, -12], [-5, -24]], [[6462, 892], [-23, -24], [-5, -23], [-11, 12], [-11, -12]], [[6412, 845], [-12, 0], [-22, 12]], [[4382, 2892], [0, -24], [55, -12], [17, -35], [6, -36], [-6, -36], [11, -24], [6, -35], [-17, -24], [-11, 0], [-6, 24], [-22, 24], [-11, -12], [-17, 12], [-16, 83], [-12, 24], [0, 35], [23, 36]], [[4415, 2928], [6, 0], [5, -36], [6, -24], [-6, -12], [-39, 12], [0, 24], [17, 24], [11, 12]], [[4387, 2975], [0, -35], [-16, -12], [-6, 12], [6, 23], [16, 12]], [[4415, 2987], [6, -12], [-6, -23], [-17, -12], [0, 23], [17, 24]], [[4315, 3035], [11, -24], [-17, 12], [6, 12]], [[4543, 3154], [-11, -24], [-11, 0], [-28, -12], [-11, -12], [-11, -12], [-6, 24], [6, 12], [-11, 12], [0, 12]], [[4460, 3154], [83, 0]], [[4248, 3166], [6, -12], [-6, -48], [-16, -12], [-6, 24], [11, 12], [6, 24], [5, 12]], [[4421, 3225], [16, -12], [0, -35], [6, -24], [-11, -71], [-11, -12], [-6, -48], [-17, -12], [0, -24], [-11, -12]], [[4387, 2975], [-11, 0], [6, 24], [-6, 12], [0, 48], [6, 12], [5, 23], [-5, 0], [0, -23], [-17, -24], [-28, -12], [-11, 0], [-5, 24], [11, 12], [11, 12], [0, 11], [-6, 36], [17, 24], [0, 24], [5, 12], [17, 23], [6, -11], [16, 11], [12, 0], [11, 12]], [[4287, 3261], [-11, -36], [-6, 24], [12, 12], [5, 0]], [[3180, 3285], [23, 0], [0, -24], [22, -12], [6, 0], [16, -12], [-11, -24], [-11, -11], [-11, 11], [-11, -11], [-11, 11], [16, -59], [6, -12], [-11, -12], [-11, 0], [-6, 12], [-6, 24], [6, 0], [0, 24], [-6, 0], [-5, 12], [0, 35], [-6, 0], [6, 48], [5, 0]], [[4421, 3225], [-17, 0], [-28, 12], [-5, 12], [-6, 36], [11, 12], [11, -12], [17, 12], [11, 0], [33, 0], [17, 24], [0, -48], [-11, -12], [-11, -36], [-22, 0]], [[4348, 3344], [17, -23], [-6, -12], [6, -36], [-6, -12], [6, -36], [-11, -12], [-11, -11], [5, -12], [-5, -24], [-11, 0], [-11, 12], [0, 24], [0, 35], [-12, 0], [12, 36], [-6, 12], [6, 24], [16, 12], [11, 0], [0, 23]], [[4298, 3333], [23, 11], [16, -11], [-16, -12], [-23, -48], [-11, 24], [11, 36]], [[4298, 3333], [-11, -24], [-17, -24], [-5, 12], [5, 36], [-5, 0], [5, 23]], [[4270, 3356], [23, 0], [16, 0], [0, -12], [-11, -11]], [[4270, 3356], [-11, -23], [6, -24], [-6, -12], [-11, -12], [-28, 24], [12, 24], [16, 23], [22, 0]], [[4432, 3416], [11, -12], [11, -36], [0, -35], [6, -12], [-6, -24], [-22, 0], [-6, 12], [-22, 0], [-17, 12], [-5, 12], [11, 23], [17, 0], [16, 60], [6, 0]], [[4404, 3416], [11, 0], [6, -12], [-17, -12], [-17, -36], [-16, -12], [-12, 24], [6, 12], [11, 12], [6, 24], [22, 0]], [[4560, 3154], [5, 12], [-5, 12], [5, 35], [11, 24], [0, 24], [17, 0], [11, 12], [6, 12], [11, 12], [11, -36], [0, -24], [-11, 0], [-22, 12], [-12, -12], [-11, -24], [11, 0], [12, 24], [16, -12], [23, 0], [5, 12], [0, 36], [-5, 24], [-6, 24], [17, 0], [11, 12], [0, 11], [22, 12], [17, 0], [33, 36], [6, 12], [22, 24], [11, 0], [17, -12], [16, 12], [11, -12], [23, -36], [5, -36], [6, -23], [33, -36], [17, -36], [17, -24], [11, -23], [11, -24], [0, -12]], [[4938, 3166], [-150, 0], [-167, 0], [-61, -12]], [[4265, 3463], [-6, -35], [-11, 0], [-5, 0], [-6, 24], [28, 11]], [[4387, 3511], [11, -83], [-11, 0], [-16, -12], [0, -12], [-17, -12], [-17, 0], [0, 24], [11, 24], [11, 35], [12, 24], [5, 36], [11, -24]], [[4460, 3154], [5, 48], [17, 0], [-17, 23], [22, 24], [-11, 12], [0, 12], [6, 24], [28, 47], [5, 24], [17, 0], [22, 12], [17, 0], [33, 36], [17, 12], [17, 12], [5, 35], [22, 12], [11, 12], [23, 12], [11, 24], [17, -24], [-6, -24], [6, -12], [16, -12], [-28, -59], [-11, 0], [-11, -24], [-11, 0], [-11, -12], [-17, 0], [-11, 0], [-5, -24], [-17, 0], [-6, -11], [-5, -24], [-17, 12], [-6, -24], [6, -12], [-28, -12], [-11, -36], [-5, -24], [-6, -23], [0, -36]], [[3108, 3535], [17, 0], [-6, -24], [-22, -24], [0, -24], [22, 12], [-11, -23], [-11, 0], [-11, -12], [-6, 23], [-5, 24], [-6, 24], [23, 24], [16, 0]], [[4304, 3571], [0, -48], [-6, -12], [-11, 0], [-5, -24], [-12, -24], [-27, 0], [-17, 36], [22, 0], [6, 36], [5, 12], [28, 12], [6, 0], [11, 12]], [[4148, 3571], [22, -24], [0, -12], [-5, -24], [5, -48], [0, -23], [-5, -24], [-22, -12], [-6, 12], [-11, 12], [0, 35], [-11, 12], [5, 24], [-11, 12], [0, 24], [6, 24], [11, 0], [22, 12]], [[4276, 3606], [22, 0], [11, -12], [-5, -23]], [[4304, 3571], [-22, 0], [-28, -12], [-11, 59], [33, -12]], [[3069, 3654], [11, -12], [0, -12], [-11, -12], [-22, 12], [22, 24]], [[4198, 3737], [17, -83], [0, -12], [17, -71], [-6, -36], [-11, -12], [-17, 12], [-33, 24], [-17, 23], [-11, 0], [-22, -11], [-17, 11], [0, 12], [-11, 12], [11, 24], [22, -36], [17, 24], [-6, 24], [-11, 0], [0, 24], [34, 12], [33, -12], [0, 24], [6, 35], [5, 12]], [[3025, 3785], [16, -12], [0, -24], [-5, -12], [0, -24], [0, -23], [-22, 0], [-23, 23], [-5, -23], [17, -24], [-17, -12], [-11, 0], [-23, 48], [6, 23], [-28, 24], [0, 12], [11, 24], [28, -12], [-5, -12], [33, 0], [11, 12], [17, 12]], [[2914, 3809], [16, -36], [-5, -12], [-11, 24], [0, 24]], [[2964, 3821], [11, -12], [0, -12], [-34, 0], [-5, 0], [-17, 12], [22, 12], [23, 0]], [[4293, 3773], [11, -36], [-6, -35], [6, -12], [0, -48], [0, -24], [0, -12], [-28, 0]], [[4276, 3606], [-33, 24], [-6, 72], [11, 47], [6, 48], [-11, -12], [-6, 12], [28, 47], [11, -12], [6, -47], [11, -12]], [[3909, 3868], [22, -24], [28, -35], [17, -12], [28, -60], [11, -12], [5, -12], [22, -23], [6, -12], [-6, -36], [0, -12], [0, -48], [-5, -23], [-11, -12], [-6, 12], [0, 12], [-11, 35], [-11, -12], [-11, 12], [0, 12], [-22, 12], [-6, 36], [-22, 24], [-11, 23], [0, 36], [-17, 12], [0, 24], [-11, 24], [0, 12], [11, 11], [-6, 24], [6, 12]], [[4293, 3773], [-6, 12], [0, 24], [6, 12], [11, 11], [22, -11], [22, 47], [11, 12], [0, -36], [-5, -35], [-22, -84], [-11, -59], [-17, 0], [0, 36], [5, 35], [-16, 36]], [[3881, 3892], [11, -24], [0, -24], [-11, 0], [-11, 12], [11, 36]], [[2919, 3892], [22, -12], [17, 0], [-17, -24], [-16, -12], [-39, 12], [-6, 24], [17, 0], [22, 12]], [[4220, 3904], [12, -24], [0, -12], [5, -24], [0, -12], [-11, -23], [6, -48], [-12, -24], [-5, -35], [-6, 11], [-5, 36], [-6, 0], [6, 72], [5, 11], [6, 48], [5, 24]], [[2736, 4011], [5, -24], [-39, 0], [-22, 12], [-6, 24], [12, 0], [50, -12]], [[3764, 4035], [23, -24], [5, -12], [11, -12], [0, -12], [-16, 12], [-17, -24], [-11, 36], [-11, 12], [16, 24]], [[2847, 3999], [0, 24], [11, 12], [11, 12], [17, 0], [22, -12], [11, -12], [33, -12], [23, -24], [0, -12], [-11, -12], [5, -12], [-11, -23], [0, -12], [-17, -12], [-33, 12], [-11, -12], [-17, 12], [-16, 35], [-6, 36], [-11, 12]], [[3787, 4059], [16, -24], [0, -12], [-11, -12], [-11, 36], [6, 12]], [[3742, 4071], [11, -12], [17, -12], [11, -12], [-11, 0], [-11, 12], [-17, 12], [0, 12]], [[3742, 4130], [11, -12], [28, -36], [0, -11], [-11, -12], [-11, 12], [-34, 11], [-5, 36], [0, 12], [22, 0]], [[2585, 4142], [39, -24], [34, 0], [0, -12], [-56, 0], [-17, 12], [0, 24]], [[3826, 4178], [11, -36], [16, -24], [6, -24], [33, -35], [6, -24], [0, -36], [-6, -24], [-22, 12], [-5, 24], [-17, 12], [0, 24], [-28, 47], [6, 0], [-23, 36], [-5, 0], [0, 24], [16, 24], [12, 0]], [[2802, 4201], [6, -11], [-17, -12], [-16, 0], [-6, 0], [33, 23]], [[2847, 3999], [11, -24], [0, -35], [-11, -12], [17, -12], [16, -12], [-11, -36], [11, 0], [6, -24], [11, 0], [11, 0], [6, -12], [-12, -11], [-5, -24], [-6, -24], [11, 0], [23, -36], [5, -12], [11, -23], [6, -48], [17, -24], [-6, -12], [22, -12], [11, 12], [12, -12], [5, -12], [22, 0], [0, -35], [17, 0], [6, -12], [-6, -24], [17, -24], [0, -24], [11, 0], [11, -59], [17, -12], [16, -24], [11, 0], [-16, 24], [5, 12], [28, 12], [17, 0], [5, -36], [11, 12], [6, -36], [-28, 0], [11, -24], [17, 0], [28, 12], [5, -12], [-5, -35], [-11, -12], [-23, 0], [-16, 0], [-6, -36], [-16, 0], [-12, 36], [0, 12], [-11, 12], [6, -24], [-17, -24], [-11, 24], [-17, 36], [-16, -12], [-17, 35], [-6, 24], [-11, 12], [-11, 12], [0, 24], [-22, 12], [11, 12], [-11, 0], [-17, 35], [6, 12], [5, 12], [0, 12], [-16, -12], [-6, 24], [-11, 12], [0, 12], [-22, 12], [-28, 23], [-11, 12], [-11, 36], [-6, 0], [-22, 12], [0, 24], [-11, 12], [-6, 23], [-11, 0], [-28, 24], [-27, 48], [33, 24], [11, -24], [6, 12], [-17, 24], [5, 11], [23, -35], [5, 24], [-11, 11], [-22, 12], [-17, 36], [-5, 0], [11, -24], [0, -24], [-17, 0], [0, -23], [-5, -12], [-17, 0], [-11, 35], [-23, 12], [-11, 36], [11, 12], [-16, 12], [-17, 12], [0, 12], [-17, 23], [0, 12], [34, 12], [22, 0], [28, 24], [-6, 12], [-16, 0]], [[2736, 4011], [-23, 24], [-22, 0], [-39, 0], [-5, 12], [-28, -12], [-11, 12], [0, 24], [-11, 0], [-6, 23], [39, 0], [5, 0], [28, 12], [0, 12], [17, 12], [17, 12], [27, -12], [45, 24], [11, -12], [22, 12], [11, 24], [12, 12], [27, 23], [45, 0], [5, -12], [6, -23], [0, -24], [28, -12], [0, -24], [11, -12], [17, 0], [0, -24], [5, -11], [0, -24], [-28, 0], [-27, 12], [-17, 12], [-17, -12], [-16, 12], [-12, -12], [-16, 0], [-23, 0], [-5, -12], [28, 0], [0, -24], [11, -24]], [[3887, 4261], [-11, -48], [-11, 24], [5, 12], [17, 12]], [[4009, 4273], [22, -12], [17, 0], [17, -12], [28, -36], [27, -35], [23, -24], [22, -12], [11, -24], [11, -24], [6, -35], [11, -24], [5, -72], [0, -47], [-5, -12], [0, -60], [-6, -12], [-5, -47], [-11, 0], [11, -36], [-6, -24], [-5, -35], [0, -12], [-17, 0], [-50, 0], [11, 59], [-6, 24], [-5, 12], [0, 36], [11, 23], [0, 24], [11, 36], [22, 36], [0, 23], [-5, 36], [-6, 0], [0, -47], [-17, -12], [0, -36], [-22, -48], [-5, -59], [11, -24], [0, -36], [-22, 24], [-34, -36], [-11, 12], [-6, 12], [-27, 24], [-23, 24], [0, 24], [-16, 35], [-11, 36], [5, 36], [34, 12], [11, 23], [11, 0], [0, 24], [-17, -24], [-22, -23], [-17, 0], [-5, 23], [-12, 0], [-11, 24], [-5, 36], [5, 36], [11, 12], [-5, 12], [22, 11], [11, -11], [6, 23], [-6, 84], [17, 12], [-17, 59], [6, 12], [22, 12]], [[3915, 4297], [16, -12], [17, -24], [0, -36], [5, -12], [6, -23], [-6, 0], [-5, -24], [5, -36], [12, -12], [-6, -24], [-17, 12], [-11, -12], [-22, 0], [-22, 12], [-6, 48], [0, 36], [34, 59], [-12, 36], [12, 12]], [[3837, 4332], [16, 12], [0, 24], [34, -48], [-6, -11], [6, -24], [0, -12], [-22, -12], [0, 24], [-6, 12], [-22, 23], [0, 12]], [[3926, 4368], [5, -24], [-5, -24], [-11, 12], [-6, 24], [17, 12]], [[3375, 4440], [6, -12], [-6, -12], [-11, 24], [11, 0]], [[4015, 4463], [5, -12], [6, -35], [5, -24], [17, -24], [6, -24], [-6, -47], [-11, -12], [-17, 12], [-28, 0], [-5, -12], [-17, 0], [-11, 12], [17, 59], [5, 24], [11, 0], [6, 24], [-6, 36], [17, 23], [6, 0]], [[3642, 4487], [22, -24], [-11, -23], [-5, -24], [-17, 0], [-22, 35], [16, 12], [12, 0], [5, 24]], [[2419, 4475], [16, 0], [-11, -12], [-5, 12]], [[3431, 4559], [22, -12], [56, -36], [11, -12], [33, -24], [22, -24], [23, -23], [22, -24], [39, -60], [11, -47], [28, -36], [5, -36], [17, -35], [-11, -36], [-34, 24], [-16, -24], [-22, 0], [-6, 12], [-11, 24], [-11, 23], [-28, 24], [0, 36], [-6, 12], [-16, 0], [-6, 24], [-22, 11], [0, 12], [-22, 0], [-12, 12], [-27, 48], [-17, 24], [0, 12], [11, 12], [-11, 11], [-11, 0], [-17, 0], [0, 24], [-22, 12], [-6, 12], [6, 48], [6, 0], [22, 12]], [[4070, 4630], [17, -12], [0, -12], [-22, -36], [5, -11], [-11, -48], [0, -24], [-22, 12], [-17, 0], [-5, -12], [-23, -24], [-16, -23], [11, -36], [-28, -36], [-11, 0], [0, 24], [0, 48], [5, 23], [-5, 48], [0, 36], [5, 12], [17, 11], [11, 12], [11, 0], [17, 24], [22, 12], [6, -12], [17, 0], [16, 24]], [[4070, 4630], [-5, 24], [11, 12], [5, -24], [-11, -12]], [[4070, 4678], [-16, -24], [5, -12], [-17, -24], [-16, 12], [-6, -12], [-22, -24], [-11, 12], [28, 36], [27, 12], [17, 24], [11, 0]], [[3470, 4678], [16, -12], [0, -12], [-22, 0], [6, 24]], [[3447, 4690], [12, -12], [-6, -12], [-11, -12], [-11, 24], [5, 12], [11, 0]], [[3509, 4701], [16, -11], [6, -12], [0, -24], [-6, -24], [11, -12], [23, 0], [11, -12], [0, -59], [11, -12], [5, -36], [-27, 0], [-34, 24], [-39, 12], [-5, 12], [0, 23], [-11, 0], [-11, 24], [5, 24], [17, 24], [16, 12], [0, 12], [-5, 12], [5, 12], [12, 11]], [[2763, 4666], [0, -12], [-5, -12]], [[2758, 4642], [-17, 12], [-5, 24], [0, 12], [27, 23]], [[2763, 4713], [0, -12], [0, -23], [0, -12]], [[3397, 4737], [23, -24], [-11, 0], [-6, -23], [-17, 0], [-22, 23], [22, 24], [11, 0]], [[4126, 4761], [5, -24], [-11, -24], [-11, 24], [17, 24]], [[3837, 4332], [-11, -35], [5, -12], [0, -24], [-11, -12], [-6, -12], [12, -24], [-6, -23], [-11, 11], [-22, -11], [-11, 23], [-12, 12], [-16, 36], [0, 24], [-23, 12], [-11, 12], [-5, 23], [-22, 12], [-6, 12], [0, 24], [11, 24], [-17, 0], [-16, 0], [-6, 24], [11, 12], [6, 35], [-17, 12], [0, 12], [-16, 12], [-23, -12], [-22, 24], [0, 24], [-6, 12], [0, 35], [-11, 12], [-16, 24], [-23, 0], [0, 24], [-5, 59], [-22, 0], [-6, 12], [0, 12], [11, 36], [17, 12], [5, 12], [23, -24], [16, 0], [6, -24], [22, -12], [6, -24], [33, -35], [6, -12], [11, -12], [33, -36], [33, -59], [12, -36], [27, -36], [28, -36], [34, -47], [16, -24], [6, -24], [-11, -24]], [[3364, 4797], [17, 0], [5, -24], [-11, -12], [-22, 24], [11, 12]], [[2352, 4820], [5, -11], [-16, -12], [0, 23], [11, 0]], [[3347, 4904], [11, -12], [0, -12], [-11, 0], [0, 12], [0, 12]], [[3542, 4939], [11, -11], [17, -36], [-11, -36], [-17, 0], [-11, 24], [0, 36], [11, 23]], [[3453, 4951], [0, -12], [17, 0], [16, -11], [39, -72], [0, -24], [-16, -35], [0, -12], [-23, -24], [-5, -36], [-22, -12], [-12, 12], [-16, 0], [-17, 24], [17, 24], [11, 47], [5, 12], [12, 24], [-12, 0], [-11, -12], [0, -24], [0, -23], [-5, -24], [-34, 12], [-22, 35], [-11, -11], [-17, 0], [-11, -12], [6, -24], [33, -24], [0, -12], [-39, 0], [-5, 24], [5, 24], [-11, 0], [6, 35], [11, 12], [16, 36], [12, 12], [11, 12], [16, 0], [0, 24], [12, 12], [16, 0], [17, 11], [0, 12], [11, 0]], [[3364, 4975], [17, -12], [11, -24], [-6, -11], [-11, 0], [-17, 23], [6, 24]], [[3559, 4999], [11, -12], [0, -24], [-17, 0], [0, 12], [6, 24]], [[2763, 4666], [0, 24], [6, 11], [-6, 12]], [[2763, 4713], [12, 24], [11, 36], [0, 12], [-17, 24], [0, 35], [-6, 36], [-11, 12], [0, 12], [23, -12], [22, 0], [22, 0], [45, 12], [22, 24], [22, 11], [28, 24], [22, 36], [-11, -71], [0, -12], [-11, -72], [-22, -47], [-23, -48], [-16, -48], [-11, -23], [5, -60], [-11, -36], [-11, -35], [5, -48], [-11, -24], [-5, -24], [11, -23], [5, -48], [-5, -48], [0, -12], [-11, -35], [-6, -36], [-11, -24], [-33, 0], [-17, 0], [-11, -12], [-11, 0], [-28, -12], [0, -35], [17, 24], [27, -12], [0, -12], [-39, -24], [-22, 0], [-28, 0], [-11, -12], [-28, 0], [-16, 12], [-22, 12], [-17, 36], [11, 11], [-17, 24], [-39, 12], [0, 24], [34, 0], [-6, 24], [28, 0], [0, 12], [-22, 0], [-39, 0], [-11, -12], [11, 47], [28, -12], [11, 12], [16, -12], [17, 0], [11, 0], [0, -11], [11, -24], [28, 0], [-5, 24], [-17, 11], [-22, 24], [0, 24], [-11, 0], [-12, 12], [-27, 0], [0, 12], [-23, 0], [-16, 12], [11, 24], [-11, 23], [-6, -23], [-17, 0], [-5, -12], [-28, 0], [0, 24], [17, 0], [0, 23], [-34, -12], [6, 24], [-6, 12], [-16, 0], [0, 36], [5, 12], [23, -24], [5, 12], [17, -12], [5, 12], [-27, 12], [-12, 0], [0, 24], [-16, 35], [16, 24], [-22, 0], [0, 36], [-11, 12], [-6, -12], [-11, 24], [-22, 0], [-5, 23], [16, 12], [-22, 36], [-6, 48], [12, 12], [5, 23], [0, 36], [17, 12], [11, 24], [-11, 12], [0, 47], [-11, 12], [11, 12], [5, 24], [17, 12], [17, -12], [11, 0], [11, -12], [11, 0], [11, -12], [17, -12], [22, 12], [39, 12], [17, -12], [16, -12], [0, -12], [6, -12], [-6, -23], [6, -12], [-6, -24], [-27, -24], [-11, -36], [5, -12], [22, 24], [11, 0], [12, 24], [-6, 12], [6, 24], [16, 12], [11, 12], [17, 11], [6, 12], [22, 0], [28, 12], [16, -12], [0, -12], [11, -11], [-5, -24], [5, -12], [23, -12], [16, -36], [-5, -35], [17, -36], [-6, -36], [-33, -24], [-6, -35], [-17, -12], [-39, 0], [-16, -12], [-11, -24], [-23, -12], [-22, -12], [-5, 0], [-17, 0], [5, -24], [17, -12], [28, 0], [17, 12], [33, 12], [-22, -35], [-23, -12], [-5, -36], [5, 0], [6, 24], [17, 0], [22, 12], [17, -12], [0, 24], [-11, 0], [-6, 23], [11, 12], [39, -12], [11, 0], [6, 24], [11, 12], [0, 24]], [[3559, 4999], [-11, -24], [-12, -12], [-16, 0], [-17, 36], [0, 12], [17, 24], [11, 0], [28, -36]], [[3303, 5059], [17, -12], [22, -36], [11, -12], [11, -12], [-6, -24], [-16, 0], [-22, 12], [5, 12], [-33, 24], [0, 12], [11, 36]], [[2407, 5094], [23, -12], [0, -23], [0, -24], [-11, 0], [0, 24], [-12, 0], [-16, 11], [0, 12], [16, 12]], [[3447, 5154], [17, -24], [0, -24], [6, -12], [-6, -12], [-5, 0], [-28, 48], [16, 24]], [[3509, 5154], [11, -36], [-6, -12], [-5, -12], [-17, -24], [-6, 0], [-11, 36], [6, 24], [28, 24]], [[3331, 5225], [5, -24], [-5, -23], [-17, 0], [-11, 23], [11, 12], [17, 12]], [[3308, 5273], [12, -24], [5, -24], [-22, 12], [-6, 12], [11, 24]], [[3303, 5297], [0, -24], [-11, -12], [-17, 0], [28, 36]], [[3431, 5344], [5, -12], [-11, -12], [0, 24], [6, 0]], [[3197, 5404], [6, -12], [-11, -24], [-12, 0], [0, 24], [17, 12]], [[3264, 5416], [22, -24], [11, 0], [11, 12], [12, -12], [-6, -36], [-6, -24], [-16, 0], [-11, -24], [-23, -23], [-11, -12], [-11, 12], [-5, 59], [11, 12], [5, 36], [17, 24]], [[3464, 5404], [-17, 24], [17, 11], [0, -35]], [[3531, 5558], [5, -23], [0, -24], [-11, -24], [-33, -12], [-22, -12], [0, 24], [16, 24], [28, 12], [17, 35]], [[3542, 5761], [17, -60], [0, -12], [-17, -35], [-11, -24], [-28, -60], [-22, -12], [-22, -35], [-17, 0], [-11, -48], [-28, 0], [-22, 12], [-11, -12], [0, 24], [-12, 24], [12, 12], [22, 12], [33, 35], [56, 72], [28, 47], [11, 36], [22, 24]], [[6211, 4999], [-50, 12], [-11, 0], [-11, 12], [-17, 0], [-33, 24], [-6, -12], [-27, 12], [-6, 0], [-17, 0], [-27, 23], [-17, 12], [-28, 24], [-11, 12], [-11, 0], [-28, 0], [-33, -24], [-17, 0], [-11, -24], [-17, 0], [0, -95], [39, 0], [6, -47], [-6, -24], [0, -36], [-28, 0], [0, -83], [-28, -12], [0, -155], [0, -36], [0, -119], [-11, 0], [11, -23], [-5, -24], [-11, -12], [11, 0], [-6, -12], [6, -36], [-11, -12], [-34, 0], [-5, 12], [-17, 0], [0, -12], [-22, -24], [-28, 12], [-17, 24], [-16, 24], [-17, 12], [-17, -12], [-11, 12], [6, -167], [-6, -12], [0, -35], [0, -167], [-122, 0], [-178, 0], [-195, 0], [-144, 0], [-11, -12], [5, -12], [-11, -24], [11, -12], [11, -11], [0, -36], [-16, -24], [5, -12], [6, -12], [22, 0], [0, -24], [6, -11], [33, 11], [17, 0], [16, 24], [11, 12], [6, -71], [-11, -36], [-22, -12], [0, -24], [-28, -12], [-11, -11], [0, -12], [-11, -48], [0, -12], [-17, 0], [-17, -24], [-11, -35], [6, -12], [0, -36], [5, -24], [22, 0], [0, -36], [12, -23], [5, -36], [6, -24], [11, -12], [0, -24], [16, 0], [12, -11], [11, 11], [16, -35], [23, 12], [16, -24], [-5, -12], [22, 0], [0, -24], [-11, -24], [-11, -12], [-6, -12], [17, -23], [5, -24]], [[5132, 3166], [-116, 0], [-67, 0]], [[4949, 3166], [-6, 12], [6, 12], [-17, 35], [-11, 24], [-17, 24], [-11, 24], [-33, 24], [-6, 23], [0, 24], [-22, 60], [6, 0], [5, 24], [17, 0], [6, 11], [16, 12], [22, 0], [6, 12], [-11, 12], [-22, -12], [-28, -24], [-17, 0], [-5, -23], [-23, 12], [-16, -12], [-34, 12], [-11, 35], [-5, 48], [-11, 0], [5, 24], [-5, 35], [0, 24], [16, 0], [0, 12], [11, 12], [17, 12], [6, 24], [27, 12], [11, 0], [12, 12], [0, 35], [22, 24], [5, 12], [-11, 12], [-5, 24], [0, 35], [-11, 12], [5, 12], [-5, 12], [-12, 0], [-11, 12], [-16, 0], [33, -36], [0, -24], [-6, -23], [12, -24], [5, -12], [-28, -48], [0, -23], [-16, 0], [-17, -12], [-6, -24], [-11, 0], [-22, -24], [-17, -24], [-5, -24], [5, -35], [-16, -12], [-17, -36], [-11, 12], [-17, -12], [-5, 12], [-17, 36], [-28, 47], [22, -59], [17, -36], [-5, -12], [-12, -47], [-22, -12], [-11, -12], [-17, 0], [0, -24], [-11, 0], [-16, 0], [-17, -12], [-28, -12], [-11, -12], [-17, -35], [-5, -12], [-11, 23], [0, 36], [-12, 12], [0, 36], [0, 24], [23, 11], [5, 24], [-11, 24], [-17, 12], [-5, 0], [17, -24], [5, -24], [-22, -12], [0, -23], [-6, -12], [-22, 0], [-11, 12], [-17, 71]], [[4387, 3511], [0, 36], [17, 12], [0, 12], [6, 11], [5, 24], [-11, 0], [-11, -12], [-11, 12], [-6, -47], [-17, -36], [0, -12], [-5, -12], [-11, -24], [-11, -35], [-6, -12], [-11, -24], [-11, -24], [-17, 12], [-11, -12], [-6, 24], [6, 24], [11, 12], [-5, 35], [11, 24], [28, 12], [5, 24], [6, 36], [-6, 11], [-5, 36], [0, 24], [11, 12], [11, 36], [5, 47], [17, 24], [0, 12], [11, 36], [6, 0], [44, -24], [11, 12], [-33, 12], [-22, 12], [-17, 0], [6, 47], [-17, 24], [-11, -12], [-11, -36], [-11, 0], [-34, 0], [-17, 0], [-11, 24], [-11, -12], [-11, 24], [-17, 36], [0, 24], [-11, 95], [-11, 36], [-11, 47], [-11, 36], [-33, 24], [-28, 23], [-34, 36], [-16, 36], [0, 47], [0, 12], [0, 36], [-6, 12], [11, 24], [-11, 12], [-5, -24], [-17, 24], [-6, 24], [0, 47], [23, -24], [16, 0], [11, 24], [17, 12], [17, -71], [11, 0], [28, -12], [11, -12], [22, -24], [6, -12], [16, -12], [-5, 24], [-22, 24], [5, 12], [-28, 24], [-16, 0], [-6, 35], [-17, 0], [-11, 24], [-11, 24], [-11, 24], [0, 23], [11, 24], [6, 36], [-6, 24], [0, 12], [6, 24], [33, 23], [11, 24], [11, 12], [17, -24], [50, 0], [-6, 12], [-22, 0], [-5, 0], [-23, 0], [-33, 24], [-6, 24], [12, 12], [11, 23], [5, 24], [0, 24], [-16, 0], [-6, -36], [-11, -35], [-11, -12], [-11, 0], [0, -24], [-11, -12], [-12, 0], [-11, -36], [-22, -23], [-11, 11], [-6, -35], [-22, -12], [-17, -12], [-22, -12], [-5, -24], [-12, -24], [-11, 0], [-16, -23], [-23, 11], [-5, -23], [28, -12], [-6, -24], [6, -12], [0, -48], [0, -47], [-11, -48], [-12, 0], [6, -36], [-28, 24], [-16, 12], [-28, 48], [-11, 12], [-45, 59], [-22, 24], [-17, 24], [-28, 59], [17, 12], [-6, 12], [-22, 12], [-16, 24], [-6, 0], [-28, 48], [-16, 23], [-12, 0], [-22, 36], [-11, 24], [-17, 47], [6, 24], [0, 36], [5, 12], [-5, 36], [0, 11], [5, 24], [-16, 36], [-22, 24], [-23, 12], [-16, 12], [-12, 35], [12, -12], [16, 24], [-5, 48], [-17, 24], [-6, -12], [-16, 0], [-28, 0], [0, 12], [-17, -12], [0, 24], [-11, 11], [6, 12], [-6, 48], [17, 12], [5, -12], [17, 12], [-22, 24], [0, 35], [5, 24], [17, 0], [-28, 48], [11, 24], [17, -12]], [[3464, 5404], [17, -36], [-6, 0], [17, -24], [22, -47], [11, -24], [23, -36], [5, 0], [22, -36], [0, 24], [-44, 60], [-11, 23], [-6, 12], [-17, 36], [6, 0], [-39, 48]], [[3464, 5404], [6, 47], [11, 12], [44, 12], [28, 0], [22, -24], [6, 0], [11, -35], [11, -12], [11, 12], [-16, 12], [-12, 35], [-11, 0], [-11, 12], [-22, 12], [-6, 12], [17, 71], [6, 12], [16, 0], [11, 24], [12, 24], [-17, 0], [0, -12], [-17, -24], [-16, 0], [5, 12], [22, 36], [23, 47], [16, 12], [6, 24], [0, 12], [11, 24], [-6, 12], [23, 59], [16, 12], [11, 36], [0, 24], [17, 35], [6, 12], [22, 12], [5, 36], [6, 24], [17, 24], [0, 23], [5, 24], [17, 12], [39, -12], [5, 12], [-33, 12], [-17, 0], [-16, -12], [0, -24], [-11, 0], [-6, 36], [-11, 12], [-6, 47], [0, 12], [-16, 48], [0, -24], [5, -47], [11, -36], [-11, -36], [-16, -24], [-6, -23], [11, 0], [0, 23], [11, 0], [-11, -35], [11, -12], [-16, -12], [0, -12], [5, -24], [-28, -71], [-5, -36], [-22, -36], [-23, -35], [-5, -24], [-6, -24], [-22, -36], [-6, 0], [-11, 36], [0, 12], [-11, 36], [11, 35], [6, 24], [16, 36], [23, 24], [5, 23], [28, 36], [-11, 24], [-11, 12], [-6, 36], [0, 47], [-5, 24], [-17, 36], [-11, 47], [-6, 12], [0, 36], [6, 12], [5, 47], [-16, 12], [-6, 24], [0, 36], [17, 24], [11, 23], [6, 12], [22, 60], [-11, 0], [11, 83], [-45, 107], [-50, -23], [-39, 23], [-33, 12], [-22, 84], [-11, 0], [-34, 11], [-28, 24], [-50, 72], [-122, 35], [-33, 36], [-17, 12], [-50, 36], [-56, 35], [-44, 60], [-100, -12], [-11, 83], [-17, 48], [11, 48], [-100, 47], [33, 155], [-128, 36], [50, 107], [-50, 119], [-22, 36], [-55, 95], [-6, 24], [-22, 35], [-22, 60], [-28, 59], [-23, 36], [-22, 83], [-22, 24], [-28, 60], [-33, 47], [-39, 131], [-72, 107], [-45, 96], [33, 35], [-50, 48], [-77, 95], [-56, 107], [-67, 36], [-100, 71], [-33, 60], [11, 36], [-39, 12], [11, 59], [-28, 36], [-16, 35], [-34, 0], [-39, 48], [-11, 48], [-106, 35], [-27, 60], [16, 24], [-44, 35], [11, 24], [17, 24], [0, 71], [-34, 48], [-16, 12], [-28, 24], [0, 36], [-61, 35], [-39, 48], [-189, -119], [-100, -12], [-62, -36], [45, -36], [0, -35], [-22, -48], [-12, -12], [-27, 0], [-34, 12], [6, -155], [-11, -11], [0, -12], [-34, -84], [-100, 0], [-66, -59], [-39, -24], [-56, -48], [-22, 0], [-67, -83], [-28, 0], [11, 60], [-44, 226], [-111, 119], [-139, 166], [-151, 155], [-22, 36], [-16, 95], [-34, 12], [-100, 60], [-5, 0], [222, 0], [200, 0], [200, 0], [201, 0], [200, 0], [194, 0], [201, 0], [100, 0], [200, 0], [100, 0], [200, 0], [200, 0], [201, 0], [200, 0], [200, 0], [200, 0], [200, 0], [201, 0], [100, 0], [200, 0], [100, 0], [200, 0], [200, 0], [201, 0], [111, 0]], [[6117, 2202], [0, 12], [-22, 11], [-12, 24], [-16, 12], [-6, -12], [-16, 0], [-6, 0], [-17, 24], [-16, -24], [-12, 12], [-11, 48], [-11, 0], [-16, 24], [-6, 23], [0, 24], [-6, 36], [-22, 12], [-22, -12], [-22, 12], [-11, 0], [0, 24], [5, 12], [-17, 0], [-11, -24], [0, -12], [-44, 24], [-11, 0], [-17, 12], [-17, 11], [-11, 0], [-11, 24], [-17, 0], [-11, 48], [-5, 12], [-34, 12], [0, 12], [-33, 0], [-6, 11], [-11, 0], [-50, 24], [-11, 0], [-5, 24], [-17, 0], [-17, 0], [-5, -24], [-17, 12], [-11, 24], [0, 12], [5, 24], [6, 0], [-11, 24], [22, 0], [0, 23], [11, 0], [0, 12], [0, 24], [6, 12], [-22, 24], [0, 12], [27, 23], [-5, 36], [5, 24], [-11, 12], [6, 24], [-6, 12], [-28, 11], [-11, 12], [-11, 0], [-17, 48], [-16, 0], [0, 12], [-17, 12], [6, 36], [-11, 11], [-12, -11], [-11, 0], [-16, -12], [-17, 23], [-6, 12], [-16, 60], [-11, 0], [-12, -12], [-178, 12]], [[5750, 1059], [28, -24], [-28, -24], [-11, 12], [0, 36], [11, 0]], [[5683, 1107], [6, -12], [22, -24], [5, -24], [12, -24], [11, -12], [5, -12], [-28, 12], [-5, 12], [-22, 24], [-6, 24], [0, 36]], [[5010, 1178], [17, -24], [-17, -24], [-17, 0], [12, 24], [5, 24]], [[4971, 1202], [11, -24], [-5, 0], [-11, 24], [5, 0]], [[4899, 1345], [11, 0], [11, -24], [11, 12], [17, -12], [0, -24], [6, -36], [11, -35], [-6, -12], [11, -60], [0, -47], [-5, -12], [-17, -12], [-17, 24], [-22, 0], [-22, 11], [-6, 36], [-11, 12], [-11, 0], [-22, 48], [16, 23], [17, 0], [6, 12], [16, 36], [-33, -24], [-28, 24], [11, 24], [6, -12], [11, 12], [11, 12], [17, 12], [11, 0], [0, 12]], [[5600, 1523], [5, -24], [-5, -12], [-12, 12], [12, 24]], [[5616, 1654], [11, -12], [6, -24], [17, -23], [11, -24], [-11, -12], [5, -12], [0, -24], [11, -24], [-11, 0], [-16, -12], [-12, -23], [-5, 23], [5, 24], [-22, 12], [-11, 24], [28, 36], [5, 23], [-11, 24], [0, 24]], [[5577, 1654], [17, 24], [6, -24], [5, -36], [0, -12], [-22, 12], [5, -23], [-11, -24], [-11, -12], [-5, 12], [5, 24], [0, 23], [11, 36]], [[5705, 1690], [-11, -36], [-5, 0], [5, -24], [6, -12], [16, -12], [0, -23], [-16, -24], [-6, -12], [-11, 0], [-11, 0], [-6, 36], [6, 23], [-17, 0], [-11, 12], [-17, 36], [0, 12], [28, 36], [22, -12], [28, 0]], [[5555, 1642], [6, -24], [0, -12], [-23, -47], [-11, -12], [6, -12], [17, -24], [5, -35], [6, -24], [-17, -12], [-6, 24], [-11, 35], [0, 12], [-16, 24], [-17, 24], [-11, 0], [5, 36], [-11, 23], [-5, 36], [22, 0], [-28, 36], [28, 0], [6, 12], [22, 12], [5, -24], [-11, -12], [17, -12], [11, -24], [11, 0]], [[5705, 1690], [23, 12], [16, -12], [11, -12], [6, -36], [0, -24], [-11, -12], [-17, -23], [-11, 35], [6, 36], [11, 12], [0, 24], [-11, 12], [0, -36], [-6, -12], [-6, -24], [-22, 12], [11, 24], [0, 24]], [[5622, 1726], [11, -12], [-11, -36], [-11, 12], [-6, 12], [17, 24]], [[5577, 1654], [-22, -12]], [[5555, 1642], [-11, 36], [-11, 24]], [[5533, 1702], [22, 12], [0, 12], [17, 0], [11, -36], [0, -12], [-6, -24]], [[5572, 1809], [0, -24], [11, -12], [-11, -12], [-11, 0], [0, 36], [11, 12]], [[5533, 1702], [-17, 24], [-16, -12], [-17, -12], [0, -12], [-22, 12], [-6, 35], [11, 12], [28, -12], [0, 36], [-6, 0], [17, 48], [39, -48], [11, 0], [0, -12], [11, -24], [-16, -11], [-17, -24]], [[5411, 1821], [5, 0], [6, -24], [-23, -12], [-16, -12], [-17, 0], [-22, 0], [-22, -12], [-17, 12], [0, 12], [11, 12], [11, 0], [11, 0], [17, 0], [22, 24], [34, 0]], [[5472, 1845], [16, -24], [0, -12], [-22, -48], [-17, -12], [-11, -12], [-16, 12], [-6, 12], [-17, 0], [23, 24], [0, 24], [27, 12], [23, 24]], [[5299, 1856], [11, -23], [17, -12], [-17, -24], [-22, 0], [-17, 12], [-22, -12], [-5, 0], [-11, 24], [11, 0], [11, 12], [33, 12], [11, 11]], [[4916, 1952], [16, -12], [11, -12], [-5, -12], [-28, 12], [0, 12], [6, 12]], [[4966, 1916], [-6, 24], [28, 12], [22, -12], [-5, -12], [-23, -12], [-16, 0]], [[5121, 1940], [17, 0], [0, -12], [-17, -24], [-11, 12], [-16, -24], [-17, 0], [-17, 0], [-11, -12], [-28, 12], [-22, 0], [-22, 0], [-11, 24]], [[4966, 1916], [61, 0], [5, 12], [11, 12]], [[5043, 1940], [17, 12], [17, -12], [28, 24], [16, -24]], [[5043, 1940], [-27, 0], [-23, 12], [0, 12], [34, 23], [44, 0], [11, -12], [-39, -35]], [[5010, 1987], [0, -12], [-22, -11], [0, 11], [22, 12]], [[4782, 2011], [17, 0], [11, 0], [22, 0], [17, -12], [11, 12], [11, 0], [6, -24], [-11, -12], [-17, 0], [-11, 12], [-28, -12], [-6, 24], [-16, -12], [-23, 0], [-11, 12], [23, 24], [5, -12]], [[5138, 2059], [6, -48], [-17, 12], [0, 24], [11, 12]], [[4971, 2059], [6, -12], [-17, -24], [-11, 24], [22, 12]], [[5010, 2095], [-22, -24], [-17, 12], [11, 12], [17, 0], [11, 0]], [[4949, 2106], [17, -11], [-11, -12], [-23, 0], [0, 12], [17, 11]], [[4176, 2142], [17, -12], [-28, -12], [0, 12], [11, 12]], [[5094, 2154], [11, -12], [22, 12], [0, -36], [5, -12], [23, -11], [-17, -24], [-11, 0], [-6, -24], [-5, 0], [0, -24], [-6, -12], [-22, -12], [-22, 0], [0, 12], [-23, 0], [-5, -12], [-22, 0], [-23, 0], [-11, 12], [0, 24], [0, 24], [11, 0], [0, 24], [23, 0], [16, 12], [6, 23], [17, 0], [-12, 12], [17, 12], [34, 12]], [[4137, 2166], [17, -12], [0, -12], [-11, -12], [-12, 12], [6, 24]], [[4938, 2178], [17, -12], [11, 0], [5, 0], [6, -12], [11, 0], [5, -24], [12, -12], [-23, 0], [-5, 12], [-11, -12], [-11, 0], [-17, 0], [-11, -12], [-6, 12], [-11, -12], [-17, 12], [-11, -12], [-5, 24], [-28, 24], [11, 12], [17, -12], [33, 12], [17, 0], [11, 12]], [[4560, 2190], [16, -24], [-11, 0], [-5, 24]], [[4993, 1047], [0, 36], [17, 12], [11, 12], [6, 35], [16, -12], [17, 0], [11, 0], [11, 0], [23, 0], [22, 12], [17, 12], [11, -12], [5, 12], [17, 0], [0, 12], [-22, 0], [-28, -12], [-17, -12], [-28, 0], [-16, 12], [-11, 0], [-12, -12], [-22, 36], [6, 24], [11, 0], [5, 35], [-5, 24], [-17, 12], [11, -36], [6, -11], [-17, -24], [-22, -24], [-17, 12], [-11, 12]], [[4971, 1202], [-11, 83], [0, 36], [0, 47], [-5, 12], [0, -35], [-6, -12], [-28, 0], [-17, 24], [-5, 47], [-6, -12], [6, -35], [-11, -12], [-11, -12], [-23, 0], [-5, 24], [-6, 0], [0, -36], [-16, 0], [-12, 0], [-33, 12], [-17, -12], [-11, 12], [-5, 24], [-17, 23], [-11, 36], [6, 12], [16, 12], [17, 0], [-6, 24], [-27, -12], [-12, -12], [-11, -24], [-16, 36], [5, 12], [11, 12], [17, 0], [6, 11], [16, 12], [-5, -23], [11, 0], [0, 35], [33, 24], [0, 24], [-17, -24], [-27, -12], [-11, 12], [0, 12], [-12, 24], [-16, 12], [0, -24], [16, -12], [-11, -24], [6, 0], [0, -24], [-11, -12], [-23, -23], [0, 12], [-16, 0], [-17, 11], [0, 12], [-17, 24], [0, 24], [-11, 0], [0, 24], [23, 12], [-12, 12], [-11, -24], [-16, -24], [-12, 12], [-11, -12], [-11, 12], [0, 24], [-16, -12], [-6, -12], [-17, -12], [-22, -36], [-6, 0], [-44, 36], [0, 12], [28, 36], [11, 23], [22, 36], [-22, 12], [-17, 24], [22, 12], [-22, 12], [-5, 23], [-34, -23], [-16, 23], [16, 24], [0, 24], [11, 12], [-5, 24], [0, 24], [22, -12], [17, 12], [11, -12], [17, 23], [5, 0], [28, 12], [28, -12], [16, 12], [17, -47], [17, -36], [5, 24], [-5, 12], [-22, 35], [-6, 24], [-17, 12], [0, 12], [-16, 0], [-23, -12], [-11, -12], [-28, -12], [-16, -12], [0, 24], [-11, -12], [-11, -12], [-6, 0], [-17, 0], [-11, -11], [-11, 0], [-11, 23], [11, 24], [0, 12], [-17, -36], [12, -23], [-12, -12], [-11, 23], [-11, -11], [-11, 35], [-28, 12], [-5, 24], [-11, 12], [11, 24], [-34, 12], [-11, 23], [6, 24], [-23, 12], [6, 24], [-6, 12], [-16, 24], [0, 23], [11, 12], [11, 0], [11, 12], [11, 0], [11, 0], [12, 0], [16, 24], [11, 12], [17, 0], [17, 24], [11, 0], [33, -12], [11, 12], [17, 0], [17, 0], [5, -12], [28, -12], [50, -24], [28, -24], [5, 0], [39, -12], [-5, -35], [5, -12], [12, 12], [5, 12], [11, 0], [-5, -36], [22, -12], [28, -24], [5, 0], [34, -36], [5, -11], [22, 0], [6, -12], [56, -12], [5, -12], [22, 0], [34, -12], [28, -12], [39, -24], [27, -24], [23, 12], [38, -12], [17, 0], [34, 0], [16, -11], [6, 0], [22, 0], [28, -12], [17, 0], [27, -24], [34, -24], [33, -12], [11, 0], [22, -24], [23, 0], [16, 12], [11, -12], [28, 12], [6, -12], [33, -23], [11, 0], [6, -24], [0, -24], [11, 0], [0, -24], [11, -36], [0, -23], [6, 0], [5, -36], [-5, -12], [16, 0], [0, -12], [12, -24], [11, -12], [16, -47], [0, -24], [11, -24], [6, -12], [0, -24], [11, -11], [17, -12], [0, -12], [16, -24], [17, -24], [11, -12], [23, -36], [11, -11], [11, -12], [16, -24], [-16, -24], [-22, 0], [-6, -12], [22, -36], [6, -11], [11, -48], [11, -36], [17, -12], [0, -24], [16, -11]], [[4415, 1999], [17, -12], [16, 0], [23, -12], [11, -11], [39, -12], [16, -12], [34, 0], [22, -12], [6, 0], [-17, 24], [-22, 12], [-56, 0], [-39, 11], [-5, 12], [-23, 12], [-22, 0]], [[4649, 1964], [-17, -12], [-17, 0], [-5, -12], [44, 0], [-5, 24]], [[4899, 2202], [17, 0], [11, -12], [-23, -24], [-16, 0], [-34, 0], [-5, 0], [28, 36], [22, 0]], [[4526, 2225], [17, -11], [11, -24], [6, -36], [-28, 24], [-34, 12], [-16, 12], [16, 12], [28, 11]], [[4460, 2249], [22, 0], [0, -24], [5, -11], [-16, -12], [-6, 12], [-33, 0], [-11, 11], [27, 12], [12, 12]], [[4893, 2261], [17, -24], [-11, 0], [-22, 0], [0, 12], [16, 12]], [[4615, 2368], [-5, -23], [-23, 0], [-11, 0], [0, 23], [17, 12], [11, 0], [11, -12]], [[4665, 2547], [-33, 0], [-6, -12], [-39, 0], [-11, 12]], [[4576, 2547], [6, 12], [28, 12], [22, -12], [22, 0], [11, -12]], [[4571, 2714], [-6, -24], [-11, 12], [0, 12], [11, 0], [6, 11]], [[4571, 2725], [0, -11]], [[4543, 2737], [-11, -35], [-17, 23], [17, 12], [11, 0]], [[4571, 2725], [-6, 0], [-16, 0], [-6, 12]], [[4543, 2737], [17, 0], [11, 24], [16, 36], [6, -12], [0, -24], [-17, -24], [-5, -23]], [[4460, 3154], [83, 0], [-83, 0]], [[5789, 1809], [-17, 0], [-17, 12], [-22, -60], [-17, -24], [-5, 0], [-22, -35], [-28, 24], [-17, 0], [-11, 11], [11, 36], [-11, 36], [-17, 12], [17, -48], [-17, -36], [-11, -11], [-5, -12], [-12, 12], [-5, 23], [5, 0], [12, 24], [-6, 24], [0, 24], [6, 12], [0, 23], [33, 12], [17, 48], [16, 12], [11, 24], [-5, 35], [5, 24], [-5, 24], [11, 24], [0, 12], [-11, 24], [-11, 11], [-6, 12], [0, 12], [17, 24], [17, 36], [16, 24], [-16, 23], [-12, 0], [0, -23], [-11, -12], [-11, -36], [-16, -12], [-12, -12], [0, -12], [12, -24], [0, -11], [22, -24], [-6, -24], [0, -12], [-5, -12], [0, -24], [11, -12], [-11, -23], [-28, -36], [0, -24], [-22, -12], [-23, -24], [0, -23], [0, -24], [-5, -12]], [[5572, 1809], [-17, 0], [-11, -12], [-17, 24], [-16, 12], [11, 35], [-11, 0], [-11, -23], [-17, 0], [-6, 23], [0, 36], [-11, -12], [6, -12], [-11, -35], [-17, -12], [-17, -12], [-16, 12], [-6, 0], [-22, 0], [16, 59], [12, 24], [-6, 12], [0, 59], [11, 36], [17, 0], [5, 12], [11, 24], [-22, 0], [6, -24], [-22, -12], [-6, -12], [-11, -24], [5, -35], [-5, -12], [5, -24], [-11, -24], [-11, -12], [11, 0], [-16, -47], [-6, -12], [-28, -12], [-16, 12], [-12, 24], [0, 23], [-16, 0], [16, 24], [-22, 0], [-11, -24], [-11, 0], [-22, -23], [-23, 11], [-5, 12], [-11, -12], [-17, 0], [-22, 0], [-17, 12], [-39, 12], [6, 12], [16, 12], [12, 0], [0, 24], [16, 12], [6, 12], [22, 12], [11, 0], [17, 0], [22, 11], [-11, 24], [-17, -24], [-22, 0], [-22, -23], [-6, 0], [-16, -12], [-23, 0]], [[5121, 1940], [-11, 24], [0, 23], [22, 0], [17, 12], [6, -12], [22, 12], [17, 12], [61, 0], [11, 0], [22, 12], [28, 12], [22, 0], [6, 12], [11, 36], [17, 12], [0, 11], [11, 24], [-6, 12], [-11, 12], [-6, 24], [12, 12], [22, 0], [11, 12], [0, 23], [11, 12], [0, 24], [-11, 36], [0, 36], [-6, 23], [-16, 12], [0, 12], [-23, 0], [6, -24], [17, -23], [0, -24], [5, -24], [-5, -12], [16, -24], [-11, -35], [-11, 11], [-17, -11], [6, -12], [-22, -12], [0, -48], [11, 0], [5, -24], [0, -12], [-16, 12], [-11, -35], [0, -24], [-6, -12], [-11, 0], [-17, 0], [-22, 0], [-17, -12], [-22, 0], [-22, 12], [-22, -24], [-23, 0], [-22, 0], [-11, 12], [6, 24], [22, 12], [11, 24], [17, 11], [16, 12], [-5, 0], [-34, -12], [-27, 12], [-6, 24], [11, 24], [6, 24], [-23, -36], [-16, 0], [0, 12], [-17, 0], [-11, 12], [-17, -24], [-44, -12], [-11, 12], [-23, 0], [6, 60], [17, 11], [5, 12], [11, 0], [23, -12], [11, 0], [11, 0], [17, 0], [22, 0], [22, 0], [6, 12], [-34, 0], [-16, 12], [-6, -12], [-11, 12], [-17, -12], [-17, 12], [-11, 0], [-5, 24], [-11, 24], [-6, 36], [-5, 0], [-6, -24], [6, -24], [11, -24], [0, -12], [-45, -47], [-16, 0], [0, -12], [-23, 0], [-16, 24], [-23, 0], [-11, 11], [45, 12], [-6, 12], [-17, 0], [-11, 12]], [[4893, 2261], [-16, 0], [-17, -36], [-6, -11], [-27, 0], [-6, 11], [-22, 0], [-11, 12], [-11, -12], [-12, 24], [-5, -24], [50, -23], [28, 12], [16, 0], [6, -12], [-17, -24], [-16, -12], [-17, -24], [-17, 0], [-11, 24], [-17, 12], [-11, 12], [-16, 0], [-23, 35], [-33, 0], [0, 12], [-28, 0], [-11, 24], [-11, 24], [-17, 12], [-5, 12], [5, 59]], [[4615, 2368], [6, 12], [22, -24], [11, 0], [6, -11], [16, -12], [23, -12], [0, 12], [61, 0], [17, 12], [16, 0], [17, 11], [22, -11], [28, 11], [6, 0], [44, 0], [0, 12], [17, 12], [11, 24], [17, 24], [5, 24], [-11, 12], [0, -36], [-33, -24], [-12, -36], [-16, 0], [-17, 0], [-22, 0], [-11, 0], [-23, 0], [-38, -12], [-6, 0], [-17, -11], [-33, 0], [-28, 11], [-5, -11], [-6, -12], [-28, 23], [11, 24], [-27, 0], [-23, 12], [-5, -12], [-6, 12], [-17, -12], [-33, 0], [-5, 36], [-17, 0], [-17, 24], [-11, 0], [6, 24], [-6, 11], [6, 12], [-6, 12], [11, 12], [34, 24], [27, 12]], [[4576, 2547], [11, -24], [34, 12], [11, -12], [6, 24], [27, 0]], [[4665, 2547], [11, 0], [28, 12], [56, 12], [-6, 23], [-22, -23], [-44, -12], [-28, 12], [-17, 0], [-11, 0], [-28, 12], [6, 11], [22, 12], [0, 12], [-17, -12], [-22, -12], [-22, 0], [-11, -11], [-17, 11], [-6, -11], [-16, -12], [-11, 12], [-6, 23], [11, 12], [17, 24], [28, 0], [5, 24], [17, 24], [11, 24], [0, 11], [17, 12], [5, 36], [-5, 24], [5, 36], [17, 0], [11, 11], [11, 0], [11, 24], [11, -12], [12, 12], [27, 0], [0, 24], [-27, 0], [-28, -12], [-11, 0], [-11, 0], [5, 12], [-5, 48], [11, 23], [-6, 12], [-11, -35], [6, -24], [-6, -48], [-6, -12], [-27, -12], [-6, -23], [-11, -36], [-11, -12], [-6, -24], [-16, 0], [-6, 12], [-17, -12], [-11, 12], [-17, 0], [6, 12], [-6, 24], [6, 24], [11, -12], [17, 24], [-11, 11], [-6, 12], [-11, -23], [-22, 23], [-11, 12], [-6, 48], [6, 36], [-11, 35], [5, 24], [6, 12], [5, 24], [-11, 12], [6, 12], [11, 12], [16, 23], [12, 0], [11, 12], [16, -12], [17, 12], [-5, 12], [11, 24]], [[4938, 3166], [11, 0]], [[6317, 797], [-6, 24], [12, 12], [27, -12], [11, 0]], [[6361, 821], [-5, -12], [11, 0]], [[6717, 714], [-39, -36], [-27, 60], [-17, 0]], [[6634, 738], [-22, 0], [-23, 11], [-11, 24], [-11, 0], [-16, -12]], [[6378, 809], [-5, 24]], [[6373, 833], [39, 12]], [[6634, 738], [0, -143]], [[6634, 595], [-89, 0]], [[6773, 595], [-139, 0]], [[6361, 821], [0, 12], [-5, 24], [5, 0], [12, -24]], [[8853, 595], [-145, 0], [-194, 0], [-95, 0], [-200, 0], [-206, 0], [-211, 0], [-150, 0], [-184, 0], [-189, 0]]], "transform": {"translate": [-9999, 3474], "scale": [0.17981798179817982, 0.08400840084008401]}, "objects": {"features": {"type": "GeometryCollection", "geometries": [{"type": "MultiPolygon", "properties": {"feduid": "59036", "name": "West Vancouver - Sunshine Coast - Sea to Sky Country", "prname": "British Columbia / Colombie-Britannique", "fedfname": "West Vancouver - Sunshine Coast - Sea to Sky Country", "pruid": "59", "fedename": "West Vancouver - Sunshine Coast - Sea to Sky Country", "id": "CA.BC.59036", "fedname": "West Vancouver - Sunshine Coast - Sea to Sky Country"}, "arcs": [[[0]], [[1]], [[2]], [[3]], [[4]], [[5]], [[6]], [[7, 8, 9, 10, 11, 12]]]}, {"type": "MultiPolygon", "properties": {"feduid": "59024", "name": "Saanich - Gulf Islands", "prname": "British Columbia / Colombie-Britannique", "fedfname": "Saanich - Gulf Islands", "pruid": "59", "fedename": "Saanich - Gulf Islands", "id": "CA.BC.59024", "fedname": "Saanich - Gulf Islands"}, "arcs": [[[13]], [[14, 15, 16]], [[17]], [[18]], [[19]], [[20]], [[21]], [[22]], [[23]], [[24]]]}, {"type": "Polygon", "properties": {"feduid": "59006", "name": "Delta - Richmond East / Delta - Richmond-Est", "prname": "British Columbia / Colombie-Britannique", "fedfname": "Delta - Richmond-Est", "pruid": "59", "fedename": "Delta - Richmond East", "id": "CA.BC.59006", "fedname": "Delta - Richmond East / Delta - Richmond-Est"}, "arcs": [[25, 26, 27, 28, 29, 30]]}, {"type": "Polygon", "properties": {"feduid": "59016", "name": "Newton - North Delta / Newton - Delta-Nord", "prname": "British Columbia / Colombie-Britannique", "fedfname": "Newton - Delta-Nord", "pruid": "59", "fedename": "Newton - North Delta", "id": "CA.BC.59016", "fedname": "Newton - North Delta / Newton - Delta-Nord"}, "arcs": [[31, 32, 33, -28, 34]]}, {"type": "Polygon", "properties": {"feduid": "59028", "name": "Surrey North / Surrey-Nord", "prname": "British Columbia / Colombie-Britannique", "fedfname": "Surrey-Nord", "pruid": "59", "fedename": "Surrey North", "id": "CA.BC.59028", "fedname": "Surrey North / Surrey-Nord"}, "arcs": [[35, -35, -27, 36, 37]]}, {"type": "Polygon", "properties": {"feduid": "59018", "name": "Okanagan - Shuswap", "prname": "British Columbia / Colombie-Britannique", "fedfname": "Okanagan - Shuswap", "pruid": "59", "fedename": "Okanagan - Shuswap", "id": "CA.BC.59018", "fedname": "Okanagan - Shuswap"}, "arcs": [[38, 39, 40, 41, 42]]}, {"type": "Polygon", "properties": {"feduid": "59034", "name": "Vancouver South / Vancouver-Sud", "prname": "British Columbia / Colombie-Britannique", "fedfname": "Vancouver-Sud", "pruid": "59", "fedename": "Vancouver South", "id": "CA.BC.59034", "fedname": "Vancouver South / Vancouver-Sud"}, "arcs": [[43, 44, -31, 45, 46]]}, {"type": "Polygon", "properties": {"feduid": "59022", "name": "Prince George - Peace River", "prname": "British Columbia / Colombie-Britannique", "fedfname": "Prince George - Peace River", "pruid": "59", "fedename": "Prince George - Peace River", "id": "CA.BC.59022", "fedname": "Prince George - Peace River"}, "arcs": [[47, 48, 49, 50]]}, {"type": "MultiPolygon", "properties": {"feduid": "59015", "name": "Nanaimo - Cowichan", "prname": "British Columbia / Colombie-Britannique", "fedfname": "Nanaimo - Cowichan", "pruid": "59", "fedename": "Nanaimo - Cowichan", "id": "CA.BC.59015", "fedname": "Nanaimo - Cowichan"}, "arcs": [[[51]], [[52]], [[53]], [[54]], [[55, 56, 57, 58, 59]]]}, {"type": "Polygon", "properties": {"feduid": "59027", "name": "South Surrey - White Rock - Cloverdale / Surrey-Sud - White Rock - Cloverdale", "prname": "British Columbia / Colombie-Britannique", "fedfname": "Surrey-Sud - White Rock - Cloverdale", "pruid": "59", "fedename": "South Surrey - White Rock - Cloverdale", "id": "CA.BC.59027", "fedname": "South Surrey - White Rock - Cloverdale / Surrey-Sud - White Rock - Cloverdale"}, "arcs": [[60, 61, -33, 62]]}, {"type": "Polygon", "properties": {"feduid": "59021", "name": "Port Moody - Westwood - Port Coquitlam", "prname": "British Columbia / Colombie-Britannique", "fedfname": "Port Moody - Westwood - Port Coquitlam", "pruid": "59", "fedename": "Port Moody - Westwood - Port Coquitlam", "id": "CA.BC.59021", "fedname": "Port Moody - Westwood - Port Coquitlam"}, "arcs": [[63, 64, 65, 66, -10, 67, 68]]}, {"type": "MultiPolygon", "properties": {"feduid": "59014", "name": "Nanaimo - Alberni", "prname": "British Columbia / Colombie-Britannique", "fedfname": "Nanaimo - Alberni", "pruid": "59", "fedename": "Nanaimo - Alberni", "id": "CA.BC.59014", "fedname": "Nanaimo - Alberni"}, "arcs": [[[69]], [[70]], [[71]], [[72]], [[73]], [[74]], [[75, -60, 76, 77, 78]]]}, {"type": "Polygon", "properties": {"feduid": "59017", "name": "New Westminster - Coquitlam", "prname": "British Columbia / Colombie-Britannique", "fedfname": "New Westminster - Coquitlam", "pruid": "59", "fedename": "New Westminster - Coquitlam", "id": "CA.BC.59017", "fedname": "New Westminster - Coquitlam"}, "arcs": [[-38, 79, 80, 81, -64]]}, {"type": "Polygon", "properties": {"feduid": "59002", "name": "Burnaby - Douglas", "prname": "British Columbia / Colombie-Britannique", "fedfname": "Burnaby - Douglas", "pruid": "59", "fedename": "Burnaby - Douglas", "id": "CA.BC.59002", "fedname": "Burnaby - Douglas"}, "arcs": [[82, 83, 84, 85, -81]]}, {"type": "Polygon", "properties": {"feduid": "59023", "name": "Richmond", "prname": "British Columbia / Colombie-Britannique", "fedfname": "Richmond", "pruid": "59", "fedename": "Richmond", "id": "CA.BC.59023", "fedname": "Richmond"}, "arcs": [[-46, -30, 86, 87]]}, {"type": "Polygon", "properties": {"feduid": "59008", "name": "Esquimalt - Juan de Fuca", "prname": "British Columbia / Colombie-Britannique", "fedfname": "Esquimalt - Juan de Fuca", "pruid": "59", "fedename": "Esquimalt - Juan de Fuca", "id": "CA.BC.59008", "fedname": "Esquimalt - Juan de Fuca"}, "arcs": [[88, -15, 89, 90, -58]]}, {"type": "Polygon", "properties": {"feduid": "59011", "name": "Kelowna - Lake Country", "prname": "British Columbia / Colombie-Britannique", "fedfname": "Kelowna - Lake Country", "pruid": "59", "fedename": "Kelowna - Lake Country", "id": "CA.BC.59011", "fedname": "Kelowna - Lake Country"}, "arcs": [[91, 92, -41]]}, {"type": "Polygon", "properties": {"feduid": "59010", "name": "Kamloops - Thompson - Cariboo", "prname": "British Columbia / Colombie-Britannique", "fedfname": "Kamloops - Thompson - Cariboo", "pruid": "59", "fedename": "Kamloops - Thompson - Cariboo", "id": "CA.BC.59010", "fedname": "Kamloops - Thompson - Cariboo"}, "arcs": [[-43, 93, 94, 95, -51, 96, 97]]}, {"type": "Polygon", "properties": {"feduid": "59009", "name": "Fleetwood - Port Kells", "prname": "British Columbia / Colombie-Britannique", "fedfname": "Fleetwood - Port Kells", "pruid": "59", "fedename": "Fleetwood - Port Kells", "id": "CA.BC.59009", "fedname": "Fleetwood - Port Kells"}, "arcs": [[98, -63, -32, -36, -69, 99]]}, {"type": "Polygon", "properties": {"feduid": "59032", "name": "Vancouver Kingsway", "prname": "British Columbia / Colombie-Britannique", "fedfname": "Vancouver Kingsway", "pruid": "59", "fedename": "Vancouver Kingsway", "id": "CA.BC.59032", "fedname": "Vancouver Kingsway"}, "arcs": [[-44, 100, 101, 102, -84, 103]]}, {"type": "Polygon", "properties": {"feduid": "59020", "name": "Okanagan - Coquihalla", "prname": "British Columbia / Colombie-Britannique", "fedfname": "Okanagan - Coquihalla", "pruid": "59", "fedename": "Okanagan - Coquihalla", "id": "CA.BC.59020", "fedname": "Okanagan - Coquihalla"}, "arcs": [[-94, -42, -93, 104, 105]]}, {"type": "Polygon", "properties": {"feduid": "59035", "name": "Victoria", "prname": "British Columbia / Colombie-Britannique", "fedfname": "Victoria", "pruid": "59", "fedename": "Victoria", "id": "CA.BC.59035", "fedname": "Victoria"}, "arcs": [[-17, 106, -90]]}, {"type": "Polygon", "properties": {"feduid": "59005", "name": "Chilliwack - Fraser Canyon", "prname": "British Columbia / Colombie-Britannique", "fedfname": "Chilliwack - Fraser Canyon", "pruid": "59", "fedename": "Chilliwack - Fraser Canyon", "id": "CA.BC.59005", "fedname": "Chilliwack - Fraser Canyon"}, "arcs": [[-95, -106, 107, 108, 109, 110, -8, 111, 112]]}, {"type": "Polygon", "properties": {"feduid": "59012", "name": "Kootenay - Columbia", "prname": "British Columbia / Colombie-Britannique", "fedfname": "Kootenay - Columbia", "pruid": "59", "fedename": "Kootenay - Columbia", "id": "CA.BC.59012", "fedname": "Kootenay - Columbia"}, "arcs": [[-39, -98, 113, 114]]}, {"type": "Polygon", "properties": {"feduid": "59019", "name": "North Vancouver", "prname": "British Columbia / Colombie-Britannique", "fedfname": "North Vancouver", "pruid": "59", "fedename": "North Vancouver", "id": "CA.BC.59019", "fedname": "North Vancouver"}, "arcs": [[115, 116, 117, -11, -67]]}, {"type": "MultiPolygon", "properties": {"feduid": "59025", "name": "Skeena - Bulkley Valley", "prname": "British Columbia / Colombie-Britannique", "fedfname": "Skeena - Bulkley Valley", "pruid": "59", "fedename": "Skeena - Bulkley Valley", "id": "CA.BC.59025", "fedname": "Skeena - Bulkley Valley"}, "arcs": [[[118]], [[119]], [[120]], [[121]], [[122]], [[123, 124]], [[125]], [[126, 127]], [[128]], [[129]], [[130]], [[131]], [[132]], [[133, 134]], [[135]], [[136]], [[137]], [[138, 139]], [[140]], [[141]], [[142, -125]], [[143]], [[144]], [[145]], [[146, 147]], [[148]], [[149]], [[150]], [[151]], [[152]], [[153, 154]], [[155]], [[156]], [[157]], [[158]], [[159]], [[160]], [[161]], [[162]], [[163]], [[164]], [[165]], [[166]], [[167]], [[168]], [[169, 170]], [[171]], [[172]], [[173]], [[174]], [[175]], [[176]], [[177]], [[178]], [[179]], [[180]], [[181]], [[182]], [[183]], [[184]], [[185]], [[186]], [[187, 188, 189]], [[190]], [[191]], [[192]], [[193]], [[194]], [[195]], [[196]], [[197]], [[198]], [[199]], [[-188, 200, 201]], [[202]], [[203]], [[204]], [[205]], [[206]], [[207]], [[208]], [[209]], [[210]], [[211]], [[212]], [[213]], [[214]], [[215]], [[216, 217, 218, 219, 220, 221, -49]]]}, {"type": "Polygon", "properties": {"feduid": "59004", "name": "Cariboo - Prince George", "prname": "British Columbia / Colombie-Britannique", "fedfname": "Cariboo - Prince George", "pruid": "59", "fedename": "Cariboo - Prince George", "id": "CA.BC.59004", "fedname": "Cariboo - Prince George"}, "arcs": [[-48, -96, -113, 222, -217]]}, {"type": "MultiPolygon", "properties": {"feduid": "59031", "name": "Vancouver Island North / le de Vancouver-Nord", "prname": "British Columbia / Colombie-Britannique", "fedfname": "le de Vancouver-Nord", "pruid": "59", "fedename": "Vancouver Island North", "id": "CA.BC.59031", "fedname": "Vancouver Island North / le de Vancouver-Nord"}, "arcs": [[[223]], [[224]], [[225]], [[226]], [[227]], [[228]], [[229]], [[230]], [[231]], [[232]], [[233]], [[234]], [[235, 236, 237]], [[238]], [[239]], [[240]], [[241]], [[242]], [[243]], [[244]], [[245, 246, 247]], [[248]], [[249]], [[250]], [[251]], [[252]], [[253]], [[254]], [[255]], [[256]], [[257]], [[258]], [[259]], [[260, 261, -79], [262], [263]], [[264]], [[265]], [[266]], [[267]], [[268]], [[269, 270]], [[271, 272]], [[273]], [[-273, 274, 275]], [[276]], [[-112, -13, 277, 278, 279, 280, 281, 282, 283, -140, 284, -218, -223]]]}, {"type": "Polygon", "properties": {"feduid": "59033", "name": "Vancouver Quadra", "prname": "British Columbia / Colombie-Britannique", "fedfname": "Vancouver Quadra", "pruid": "59", "fedename": "Vancouver Quadra", "id": "CA.BC.59033", "fedname": "Vancouver Quadra"}, "arcs": [[-101, -47, -88, 285, 286]]}, {"type": "Polygon", "properties": {"feduid": "59007", "name": "Pitt Meadows - Maple Ridge - Mission", "prname": "British Columbia / Colombie-Britannique", "fedfname": "Pitt Meadows - Maple Ridge - Mission", "pruid": "59", "fedename": "Pitt Meadows - Maple Ridge - Mission", "id": "CA.BC.59007", "fedname": "Pitt Meadows - Maple Ridge - Mission"}, "arcs": [[-111, 287, 288, -100, -68, -9]]}, {"type": "Polygon", "properties": {"feduid": "59030", "name": "Vancouver East / Vancouver-Est", "prname": "British Columbia / Colombie-Britannique", "fedfname": "Vancouver-Est", "pruid": "59", "fedename": "Vancouver East", "id": "CA.BC.59030", "fedname": "Vancouver East / Vancouver-Est"}, "arcs": [[-103, 289, 290, -85]]}, {"type": "Polygon", "properties": {"feduid": "59013", "name": "Langley", "prname": "British Columbia / Colombie-Britannique", "fedfname": "Langley", "pruid": "59", "fedename": "Langley", "id": "CA.BC.59013", "fedname": "Langley"}, "arcs": [[291, 292, -61, -99, -289]]}, {"type": "Polygon", "properties": {"feduid": "59003", "name": "Burnaby - New Westminster", "prname": "British Columbia / Colombie-Britannique", "fedfname": "Burnaby - New Westminster", "pruid": "59", "fedename": "Burnaby - New Westminster", "id": "CA.BC.59003", "fedname": "Burnaby - New Westminster"}, "arcs": [[-80, -37, -26, -45, -104, -83]]}, {"type": "Polygon", "properties": {"feduid": "59001", "name": "Abbotsford", "prname": "British Columbia / Colombie-Britannique", "fedfname": "Abbotsford", "pruid": "59", "fedename": "Abbotsford", "id": "CA.BC.59001", "fedname": "Abbotsford"}, "arcs": [[-110, 293, -292, -288]]}, {"type": "Polygon", "properties": {"feduid": "59029", "name": "Vancouver Centre / Vancouver-Centre", "prname": "British Columbia / Colombie-Britannique", "fedfname": "Vancouver-Centre", "pruid": "59", "fedename": "Vancouver Centre", "id": "CA.BC.59029", "fedname": "Vancouver Centre / Vancouver-Centre"}, "arcs": [[-102, -287, 294, -290]]}, {"type": "Polygon", "properties": {"feduid": "59026", "name": "British Columbia Southern Interior / Colombie-Britannique-Southern Interior", "prname": "British Columbia / Colombie-Britannique", "fedfname": "Colombie-Britannique-Southern Interior", "pruid": "59", "fedename": "British Columbia Southern Interior", "id": "CA.BC.59026", "fedname": "British Columbia Southern Interior / Colombie-Britannique-Southern Interior"}, "arcs": [[295, -108, -105, -92, -40, -115]]}]}}, "bbox": [-9999, 3474, -8201, 4314], "type": "Topology"}