{"crs": {"type": "name", "properties": {"name": "urn:ogc:def:crs:EPSG:4326"}}, "ac-tx": {"default": {"crs": "wsg84", "scale": 86.10220687938704, "xoffset": 0, "yoffset": 0}}, "arcs": [[[4719, 3856], [76, -303], [272, -303], [227, -28]], [[5294, 3222], [15, -275], [121, -386], [257, -110], [76, 276], [197, 27]], [[5960, 2754], [75, -110], [363, 110], [212, -303], [227, 55], [151, 221]], [[6988, 2727], [46, 27]], [[7034, 2754], [302, -165], [-378, -468], [-303, -193]], [[6655, 1928], [-105, -110], [-424, -799], [-287, 55], [-76, 716], [-257, -468], [-257, 110], [-167, -248], [-317, 303], [-197, 413], [-303, 221], [-257, -83], [-257, 138], [-121, 220]], [[3630, 2396], [182, 193], [257, 0], [30, 358], [166, 220], [212, -220], [242, 909]], [[2601, 5481], [137, -27], [75, 358], [197, 192], [242, 28]], [[3252, 6032], [166, -358], [242, 55], [91, -220], [242, -138], [136, 165], [303, -330]], [[4432, 5206], [136, -248], [151, -1102]], [[3630, 2396], [-408, 55], [-242, 110], [-318, -220]], [[2662, 2341], [-257, -165], [60, 413], [15, 799], [152, 165], [-61, 606], [45, 689], [91, 110], [-106, 523]], [[2662, 2341], [60, -386], [121, -193], [-348, -330], [-332, 358], [-439, -55], [-151, -386], [-212, 0], [-318, -909], [-196, 0], [0, 331], [-258, -83], [-75, 744], [-212, 138], [-15, 248], [-212, 192], [76, 854], [-151, 276], [257, 440], [242, -82], [181, 303], [636, -28], [559, 634], [242, -221], [121, 441], [-15, 744]], [[2223, 5371], [212, 220], [166, -110]], [[7790, 5398], [-45, -137], [257, -689], [302, -27], [106, 137], [227, -303], [-378, -358], [-15, -248]], [[8244, 3773], [-212, -165], [-30, -578], [-121, -386], [45, -193]], [[7926, 2451], [-15, -220]], [[7911, 2231], [-227, 137], [-136, -82], [-197, 496], [-227, 192], [-90, -220]], [[6988, 2727], [-166, 495]], [[6822, 3222], [317, 469], [16, 440], [302, -55], [-30, 303], [30, 909], [136, 221], [197, -111]], [[7926, 2451], [242, 55], [-91, 303], [227, 165], [167, -192], [151, 137]], [[8622, 2919], [166, -110], [333, -854], [61, -55]], [[9182, 1900], [-61, -248], [-393, -523], [-257, 110]], [[8471, 1239], [-167, 413], [-136, 55], [0, 331], [-257, 193]], [[8244, 3773], [60, -413], [257, -110], [61, -331]], [[8471, 1239], [-121, -358], [-424, -165], [-378, 27], [0, -275], [-257, -55], [-227, -413], [-257, 192], [-106, 331], [196, 468], [-121, 551], [-166, 28], [45, 358]], [[7790, 5398], [151, 579]], [[7941, 5977], [363, -220], [530, 220], [-31, -303], [227, -83], [91, -275], [560, -413], [242, -303], [-303, -331], [-106, -358], [152, -248], [0, -468], [242, -413], [15, -579], [76, -330], [-227, -221], [-379, 276], [-211, -28]], [[3010, 6638], [-363, 55], [-333, -303], [-30, -220], [-303, -303]], [[1981, 5867], [-272, 220], [-197, 276], [-45, 743], [45, 193], [-166, 441], [181, 716], [363, 0], [137, -110], [196, 110], [-30, 496], [-197, 193], [-287, 55], [30, 358], [-469, 220], [106, 193], [439, 28], [484, -193], [484, 0], [166, -83], [348, 276], [242, -303], [273, -689], [257, -551]], [[4069, 8456], [-152, -386], [-302, -275], [-15, -413], [-212, -193], [-151, -441], [-227, -110]], [[6338, 5481], [196, 220], [227, -110], [106, 166], [439, -56], [76, 579], [0, 303]], [[7382, 6583], [226, -138], [379, 28], [-46, -496]], [[6822, 3222], [-167, 221], [-136, -221]], [[6519, 3222], [-45, 964], [-121, 221]], [[6353, 4407], [166, 358], [31, 413], [-212, 303]], [[6065, 7933], [137, 110], [257, -358], [272, 193], [182, 27], [30, -386], [-76, -275], [151, -578], [182, -221], [182, 138]], [[6338, 5481], [-318, 248], [-136, -28], [-287, 414]], [[5597, 6115], [-16, 303], [182, 137], [151, 331], [61, 413], [-31, 386], [121, 248]], [[4069, 8456], [75, 83], [666, -579], [756, -82], [182, 110], [317, -55]], [[5597, 6115], [-167, -248], [-272, 0], [-182, 82], [-287, -275], [-136, 27], [-121, -495]], [[3252, 6032], [30, 165], [-272, 441]], [[6353, 4407], [-197, -165], [-227, -83], [-166, -193], [-91, 276], [-272, -276], [151, -165]], [[5551, 3801], [-121, -55], [-136, -524]], [[2223, 5371], [-242, 496]], [[5551, 3801], [151, -331], [152, 83]], [[5854, 3553], [106, -799]], [[6519, 3222], [-408, 83], [-257, 248]]], "transform": {"translate": [9338, 2500], "scale": [0.06610661066106611, 0.0363036303630363]}, "objects": {"features": {"type": "GeometryCollection", "geometries": [{"type": "Polygon", "properties": {"name": "Jingzhou City", "admin_leve": "5", "wikidata": "Q71247", "localname": "荆州市 (Jingzhou)", "boundary": "administrative", "id": "CN.hubei.2709754"}, "arcs": [[0, 1, 2, 3, 4, 5, 6]]}, {"type": "Polygon", "properties": {"name": "Yichang City", "admin_leve": "5", "wikidata": "Q71266", "localname": "宜昌市 (Yichang)", "boundary": "administrative", "id": "CN.hubei.2983923"}, "arcs": [[7, 8, 9, -7, 10, 11]]}, {"type": "Polygon", "properties": {"name": "Enshi Tujia and Miao Autonomous Prefecture", "admin_leve": "5", "wikidata": "Q71415", "localname": "恩施土家族苗族自治州", "boundary": "administrative", "id": "CN.hubei.2984075"}, "arcs": [[-12, 12, 13]]}, {"type": "Polygon", "properties": {"name": "Wuhan City", "admin_leve": "5", "wikidata": "Q11746", "localname": "武汉市 / Wuhan", "boundary": "administrative", "id": "CN.hubei.3076268"}, "arcs": [[14, 15, 16, 17, -4, 18, 19]]}, {"type": "Polygon", "properties": {"admin_leve": "5", "localname": "黄石市", "boundary": "administrative", "id": "CN.hubei.3086592", "name": "Huangshi"}, "arcs": [[20, 21, 22, 23, -17]]}, {"type": "Polygon", "properties": {"name": "Ezhou City", "admin_leve": "5", "wikipedia": "en:Ezhou", "wikidata": "Q71305", "localname": "鄂州市 / Ezhou", "boundary": "administrative", "id": "CN.hubei.3086618"}, "arcs": [[24, -21, -16]]}, {"type": "Polygon", "properties": {"name": "Xianning City", "admin_leve": "5", "wikipedia": "en:Xianning", "wikidata": "Q71373", "localname": "咸宁市 / Xianning", "boundary": "administrative", "id": "CN.hubei.3106518"}, "arcs": [[-18, -24, 25, -5]]}, {"type": "Polygon", "properties": {"name": "Huanggang City", "admin_leve": "5", "wikidata": "Q71355", "localname": "黄冈市 / Huanggang", "boundary": "administrative", "id": "CN.hubei.3144169"}, "arcs": [[26, 27, -22, -25, -15]]}, {"type": "Polygon", "properties": {"name": "Shiyan City", "admin_leve": "5", "wikidata": "Q71227", "localname": "十堰市 / Shiyan", "boundary": "administrative", "id": "CN.hubei.3206796"}, "arcs": [[28, 29, 30]]}, {"type": "Polygon", "properties": {"name": "Xiaogan City", "admin_leve": "5", "wikipedia": "en:Xiaogan", "wikidata": "Q71339", "localname": "孝感市 / Xiaogan", "boundary": "administrative", "id": "CN.hubei.3216406"}, "arcs": [[31, 32, -27, -20, 33, 34, 35]]}, {"type": "Polygon", "properties": {"name": "Suizhou City", "admin_leve": "5", "wikipedia": "en:Suizhou", "wikidata": "Q71401", "localname": "随州市 / Suizhou", "boundary": "administrative", "id": "CN.hubei.3216520"}, "arcs": [[36, -32, 37, 38]]}, {"type": "Polygon", "properties": {"name": "Xiangyang City", "admin_leve": "5", "wikipedia": "en:Xiangyang", "wikidata": "Q71284", "localname": "襄阳市 / Xiangyang", "boundary": "administrative", "id": "CN.hubei.3216590"}, "arcs": [[39, -39, 40, -9, 41, -31]]}, {"type": "Polygon", "properties": {"name": "Jingmen City", "admin_leve": "5", "wikipedia": "en:Jingmen", "wikidata": "Q71323", "localname": "荆门市 / Jingmen", "boundary": "administrative", "id": "CN.hubei.3219965"}, "arcs": [[-41, -38, -36, 42, 43, -1, -10]]}, {"type": "Polygon", "properties": {"name": "Shennongjia Forestry District", "admin_leve": "6", "wikipedia": "en:Shennongjia", "note": "Shennongjia is a county-level administrative unit directly subordinated to Hubei", "wikidata": "Q1359055", "localname": "神农架林区 (Shennongjia)", "boundary": "administrative", "id": "CN.hubei.2984052"}, "arcs": [[-42, -8, -14, 44, -29]]}, {"type": "Polygon", "properties": {"name": "Qianjiang City", "admin_leve": "6", "wikipedia": "en:Qianjiang", "wikidata": "Q412073", "localname": "潜江市 / Qianjiang", "boundary": "administrative", "id": "CN.hubei.3258831"}, "arcs": [[-44, 45, 46, -2]]}, {"type": "Polygon", "properties": {"name": "Tianmen City", "admin_leve": "6", "wikipedia": "en:Tianmen", "note": "Tianmen is a sub-prefecture-level city with no counties/districts", "wikidata": "Q71468", "localname": "天门市 / Tianmen", "boundary": "administrative", "id": "CN.hubei.3258833"}, "arcs": [[-35, 47, -46, -43]]}, {"type": "Polygon", "properties": {"name": "Xiantao City", "admin_leve": "6", "wikipedia": "en:Xiantao", "wikidata": "Q71455", "localname": "仙桃市 / Xiantao", "boundary": "administrative", "id": "CN.hubei.3258834"}, "arcs": [[-48, -34, -19, -3, -47]]}]}}, "bbox": [9338, 2500, 9999, 2863], "type": "Topology"}