{"crs": {"type": "name", "properties": {"name": "urn:ogc:def:crs:EPSG:4326"}}, "type": "FeatureCollection", "features": [{"geometry": {"type": "Polygon", "coordinates": [[[-9242, 5703], [-9237, 5704], [-9233, 5702], [-9241, 5699], [-9254, 5700], [-9256, 5705], [-9253, 5707], [-9242, 5703]]]}, "type": "Feature", "properties": {"feduid": "24045", "name": "Notre-Dame-de-Grce - Lachine", "prname": "Quebec / Qubec", "fedfname": "Notre-Dame-de-Grce - Lachine", "pruid": "24", "fedename": "Notre-Dame-de-Grce - Lachine", "id": "CA.QC.24045", "fedname": "Notre-Dame-de-Grce - Lachine"}}, {"geometry": {"type": "Polygon", "coordinates": [[[-8942, 5888], [-8934, 5879], [-8939, 5875], [-8939, 5875], [-8945, 5879], [-8950, 5878], [-8960, 5884], [-8957, 5886], [-8962, 5892], [-8959, 5893], [-8953, 5887], [-8948, 5890], [-8942, 5888]]]}, "type": "Feature", "properties": {"feduid": "24013", "name": "Charlesbourg - Haute-Saint-Charles", "prname": "Quebec / Qubec", "fedfname": "Charlesbourg - Haute-Saint-Charles", "pruid": "24", "fedename": "Charlesbourg - Haute-Saint-Charles", "id": "CA.QC.24013", "fedname": "Charlesbourg - Haute-Saint-Charles"}}, {"geometry": {"type": "Polygon", "coordinates": [[[-8704, 5933], [-8744, 5894], [-8780, 5857], [-8786, 5828], [-8804, 5841], [-8801, 5843], [-8818, 5855], [-8821, 5852], [-8853, 5875], [-8859, 5871], [-8865, 5875], [-8869, 5871], [-8877, 5877], [-8875, 5881], [-8879, 5884], [-8870, 5887], [-8858, 5893], [-8849, 5894], [-8840, 5899], [-8837, 5903], [-8828, 5911], [-8821, 5916], [-8814, 5922], [-8811, 5925], [-8809, 5929], [-8805, 5934], [-8794, 5937], [-8787, 5943], [-8786, 5949], [-8783, 5953], [-8783, 5956], [-8777, 5957], [-8773, 5961], [-8768, 5961], [-8763, 5968], [-8758, 5970], [-8753, 5973], [-8740, 5986], [-8736, 5987], [-8729, 5995], [-8724, 6001], [-8724, 6006], [-8719, 6009], [-8719, 6013], [-8715, 6014], [-8709, 6020], [-8704, 6023], [-8699, 6023], [-8689, 6030], [-8689, 6031], [-8686, 6029], [-8689, 6026], [-8681, 6019], [-8676, 6023], [-8669, 6019], [-8678, 6006], [-8673, 6003], [-8670, 6003], [-8659, 6011], [-8654, 6015], [-8650, 6013], [-8649, 6008], [-8641, 6007], [-8636, 6004], [-8637, 5995], [-8646, 6001], [-8653, 6002], [-8669, 5990], [-8680, 5988], [-8697, 5976], [-8693, 5974], [-8711, 5962], [-8729, 5950], [-8704, 5933]]]}, "type": "Feature", "properties": {"feduid": "24058", "name": "Montmagny - L'Islet - Kamouraska - Rivire-du-Loup", "prname": "Quebec / Qubec", "fedfname": "Montmagny - L'Islet - Kamouraska - Rivire-du-Loup", "pruid": "24", "fedename": "Montmagny - L'Islet - Kamouraska - Rivire-du-Loup", "id": "CA.QC.24058", "fedname": "Montmagny - L'Islet - Kamouraska - Rivire-du-Loup"}}, {"geometry": {"type": "Polygon", "coordinates": [[[-8814, 5798], [-8817, 5794], [-8810, 5788], [-8812, 5784], [-8817, 5782], [-8815, 5778], [-8819, 5772], [-8820, 5765], [-8814, 5766], [-8811, 5762], [-8812, 5758], [-8816, 5754], [-8823, 5752], [-8833, 5744], [-8829, 5739], [-8831, 5735], [-8839, 5733], [-8846, 5728], [-8850, 5728], [-8856, 5723], [-8879, 5736], [-8871, 5743], [-8892, 5742], [-8893, 5756], [-8900, 5759], [-8902, 5758], [-8913, 5762], [-8919, 5763], [-8912, 5771], [-8907, 5768], [-8904, 5773], [-8909, 5777], [-8907, 5781], [-8902, 5785], [-8907, 5788], [-8908, 5791], [-8903, 5794], [-8919, 5809], [-8924, 5813], [-8919, 5815], [-8935, 5830], [-8932, 5835], [-8925, 5840], [-8930, 5843], [-8921, 5849], [-8912, 5848], [-8911, 5844], [-8896, 5842], [-8890, 5837], [-8885, 5834], [-8882, 5836], [-8877, 5832], [-8874, 5832], [-8868, 5827], [-8871, 5825], [-8867, 5821], [-8864, 5823], [-8845, 5810], [-8848, 5808], [-8845, 5805], [-8839, 5804], [-8827, 5797], [-8816, 5800], [-8814, 5798]]]}, "type": "Feature", "properties": {"feduid": "24005", "name": "Beauce", "prname": "Quebec / Qubec", "fedfname": "Beauce", "pruid": "24", "fedename": "Beauce", "id": "CA.QC.24005", "fedname": "Beauce"}}, {"geometry": {"type": "Polygon", "coordinates": [[[-8946, 6118], [-8883, 6107], [-8889, 6100], [-8898, 6097], [-8901, 6093], [-8906, 6091], [-8912, 6094], [-8929, 6096], [-8931, 6093], [-8939, 6089], [-8928, 6087], [-8928, 6082], [-8931, 6079], [-8921, 6076], [-8922, 6072], [-8934, 6065], [-8940, 6059], [-8947, 6060], [-8974, 6065], [-8978, 6070], [-8973, 6082], [-8999, 6087], [-9000, 6091], [-9007, 6094], [-9002, 6107], [-8980, 6103], [-8984, 6095], [-8983, 6089], [-8980, 6088], [-8974, 6088], [-8966, 6085], [-8953, 6119], [-8946, 6118]]]}, "type": "Feature", "properties": {"feduid": "24026", "name": "Jonquire - Alma", "prname": "Quebec / Qubec", "fedfname": "Jonquire - Alma", "pruid": "24", "fedename": "Jonquire - Alma", "id": "CA.QC.24026", "fedname": "Jonquire - Alma"}}, {"geometry": {"type": "Polygon", "coordinates": [[[-9227, 5712], [-9233, 5711], [-9235, 5711], [-9231, 5715], [-9230, 5715], [-9227, 5712]]]}, "type": "Feature", "properties": {"feduid": "24061", "name": "Rosemont - La Petite-Patrie", "prname": "Quebec / Qubec", "fedfname": "Rosemont - La Petite-Patrie", "pruid": "24", "fedename": "Rosemont - La Petite-Patrie", "id": "CA.QC.24061", "fedname": "Rosemont - La Petite-Patrie"}}, {"geometry": {"type": "Polygon", "coordinates": [[[-8921, 5849], [-8930, 5843], [-8925, 5840], [-8932, 5835], [-8935, 5830], [-8919, 5815], [-8924, 5813], [-8919, 5809], [-8938, 5808], [-8946, 5814], [-8958, 5806], [-8970, 5812], [-8962, 5817], [-8972, 5824], [-8977, 5822], [-8983, 5827], [-9001, 5816], [-9016, 5827], [-9036, 5840], [-9032, 5841], [-9026, 5847], [-9021, 5848], [-9018, 5851], [-9012, 5854], [-9008, 5850], [-9002, 5849], [-8986, 5850], [-8981, 5853], [-8975, 5854], [-8967, 5857], [-8956, 5858], [-8941, 5863], [-8938, 5861], [-8932, 5863], [-8925, 5863], [-8921, 5860], [-8922, 5854], [-8925, 5852], [-8921, 5849]]]}, "type": "Feature", "properties": {"feduid": "24036", "name": "Lotbinire - Chutes-de-la-Chaudire", "prname": "Quebec / Qubec", "fedfname": "Lotbinire - Chutes-de-la-Chaudire", "pruid": "24", "fedename": "Lotbinire - Chutes-de-la-Chaudire", "id": "CA.QC.24036", "fedname": "Lotbinire - Chutes-de-la-Chaudire"}}, {"geometry": {"type": "Polygon", "coordinates": [[[-8930, 5888], [-8934, 5892], [-8942, 5888], [-8948, 5890], [-8953, 5887], [-8959, 5893], [-8962, 5892], [-8957, 5886], [-8960, 5884], [-8970, 5878], [-8975, 5877], [-8968, 5871], [-8959, 5865], [-8956, 5866], [-8952, 5862], [-8957, 5862], [-8973, 5860], [-8978, 5858], [-8986, 5857], [-8993, 5854], [-9005, 5854], [-9012, 5857], [-9019, 5856], [-9022, 5851], [-9029, 5848], [-9036, 5844], [-9044, 5843], [-9081, 5869], [-9065, 5876], [-9060, 5875], [-9052, 5880], [-9086, 5903], [-9078, 5908], [-9081, 5912], [-9087, 5914], [-9096, 5914], [-9100, 5921], [-9100, 5934], [-9091, 5937], [-9091, 5943], [-9087, 5944], [-9082, 5940], [-9085, 5933], [-9072, 5931], [-9067, 5929], [-9062, 5931], [-9057, 5936], [-9056, 5941], [-9049, 5947], [-9053, 5951], [-9053, 5955], [-9061, 5963], [-9018, 5992], [-8963, 5938], [-8960, 5936], [-8937, 5915], [-8936, 5912], [-8928, 5908], [-8924, 5908], [-8917, 5902], [-8921, 5897], [-8932, 5891], [-8930, 5888]]]}, "type": "Feature", "properties": {"feduid": "24051", "name": "Portneuf - Jacques-Cartier", "prname": "Quebec / Qubec", "fedfname": "Portneuf - Jacques-Cartier", "pruid": "24", "fedename": "Portneuf - Jacques-Cartier", "id": "CA.QC.24051", "fedname": "Portneuf - Jacques-Cartier"}}, {"geometry": {"type": "Polygon", "coordinates": [[[-9242, 5715], [-9249, 5711], [-9255, 5717], [-9261, 5718], [-9258, 5721], [-9254, 5717], [-9249, 5721], [-9242, 5715]]]}, "type": "Feature", "properties": {"feduid": "24032", "name": "Laval", "prname": "Quebec / Qubec", "fedfname": "Laval", "pruid": "24", "fedename": "Laval", "id": "CA.QC.24032", "fedname": "Laval"}}, {"geometry": {"type": "Polygon", "coordinates": [[[-9071, 5719], [-9069, 5718], [-9050, 5708], [-9048, 5704], [-9050, 5700], [-9061, 5701], [-9063, 5692], [-9089, 5692], [-9089, 5683], [-9105, 5683], [-9109, 5686], [-9127, 5687], [-9130, 5682], [-9138, 5682], [-9142, 5678], [-9156, 5687], [-9158, 5691], [-9163, 5693], [-9168, 5689], [-9177, 5692], [-9172, 5695], [-9169, 5700], [-9172, 5702], [-9166, 5704], [-9152, 5704], [-9147, 5701], [-9139, 5704], [-9134, 5704], [-9132, 5712], [-9128, 5710], [-9118, 5710], [-9116, 5712], [-9107, 5712], [-9105, 5707], [-9088, 5707], [-9088, 5701], [-9082, 5701], [-9082, 5711], [-9074, 5720], [-9071, 5719]]]}, "type": "Feature", "properties": {"feduid": "24069", "name": "Shefford", "prname": "Quebec / Qubec", "fedfname": "Shefford", "pruid": "24", "fedename": "Shefford", "id": "CA.QC.24069", "fedname": "Shefford"}}, {"geometry": {"type": "Polygon", "coordinates": [[[-9209, 5881], [-9212, 5876], [-9211, 5874], [-9214, 5868], [-9212, 5866], [-9215, 5859], [-9212, 5854], [-9211, 5845], [-9202, 5848], [-9199, 5846], [-9192, 5837], [-9216, 5820], [-9206, 5814], [-9211, 5811], [-9210, 5808], [-9216, 5804], [-9213, 5800], [-9209, 5796], [-9206, 5797], [-9201, 5794], [-9203, 5788], [-9208, 5786], [-9207, 5783], [-9208, 5779], [-9197, 5777], [-9189, 5779], [-9192, 5772], [-9202, 5765], [-9202, 5762], [-9206, 5758], [-9214, 5763], [-9225, 5767], [-9220, 5772], [-9226, 5775], [-9228, 5774], [-9235, 5774], [-9239, 5771], [-9246, 5774], [-9256, 5767], [-9266, 5774], [-9272, 5772], [-9279, 5767], [-9282, 5770], [-9283, 5774], [-9277, 5778], [-9282, 5782], [-9285, 5780], [-9292, 5785], [-9286, 5789], [-9305, 5801], [-9316, 5795], [-9334, 5807], [-9324, 5814], [-9342, 5827], [-9325, 5839], [-9337, 5847], [-9344, 5846], [-9346, 5855], [-9342, 5860], [-9344, 5862], [-9341, 5869], [-9342, 5877], [-9336, 5882], [-9354, 5895], [-9334, 5908], [-9340, 5912], [-9336, 5915], [-9343, 5923], [-9365, 5925], [-9360, 5927], [-9349, 5940], [-9346, 5947], [-9340, 5952], [-9336, 5958], [-9350, 5959], [-9361, 5969], [-9364, 5973], [-9370, 5975], [-9394, 5991], [-9346, 5991], [-9306, 5964], [-9277, 5944], [-9282, 5938], [-9286, 5918], [-9272, 5908], [-9264, 5913], [-9254, 5906], [-9252, 5903], [-9242, 5892], [-9240, 5886], [-9241, 5879], [-9240, 5878], [-9232, 5880], [-9225, 5879], [-9219, 5884], [-9215, 5884], [-9209, 5881]]]}, "type": "Feature", "properties": {"feduid": "24025", "name": "Joliette", "prname": "Quebec / Qubec", "fedfname": "Joliette", "pruid": "24", "fedename": "Joliette", "id": "CA.QC.24025", "fedname": "Joliette"}}, {"geometry": {"type": "Polygon", "coordinates": [[[-9173, 5718], [-9174, 5717], [-9165, 5712], [-9167, 5708], [-9166, 5704], [-9172, 5702], [-9169, 5700], [-9172, 5695], [-9177, 5692], [-9179, 5694], [-9184, 5690], [-9188, 5693], [-9195, 5695], [-9200, 5693], [-9205, 5696], [-9204, 5699], [-9199, 5705], [-9193, 5714], [-9191, 5719], [-9193, 5721], [-9190, 5725], [-9180, 5724], [-9173, 5718]]]}, "type": "Feature", "properties": {"feduid": "24012", "name": "Chambly - Borduas", "prname": "Quebec / Qubec", "fedfname": "Chambly - Borduas", "pruid": "24", "fedename": "Chambly - Borduas", "id": "CA.QC.24012", "fedname": "Chambly - Borduas"}}, {"geometry": {"type": "Polygon", "coordinates": [[[-8879, 5884], [-8875, 5881], [-8877, 5877], [-8869, 5871], [-8865, 5875], [-8859, 5871], [-8853, 5875], [-8821, 5852], [-8818, 5855], [-8801, 5843], [-8804, 5841], [-8786, 5828], [-8787, 5822], [-8792, 5821], [-8799, 5815], [-8805, 5814], [-8806, 5808], [-8809, 5806], [-8814, 5798], [-8816, 5800], [-8827, 5797], [-8839, 5804], [-8845, 5805], [-8848, 5808], [-8845, 5810], [-8864, 5823], [-8867, 5821], [-8871, 5825], [-8868, 5827], [-8874, 5832], [-8877, 5832], [-8882, 5836], [-8885, 5834], [-8890, 5837], [-8896, 5842], [-8911, 5844], [-8912, 5848], [-8921, 5849], [-8925, 5852], [-8922, 5854], [-8921, 5860], [-8925, 5863], [-8932, 5863], [-8938, 5861], [-8941, 5863], [-8931, 5868], [-8927, 5874], [-8918, 5874], [-8904, 5875], [-8897, 5880], [-8891, 5882], [-8886, 5881], [-8879, 5884]]]}, "type": "Feature", "properties": {"feduid": "24034", "name": "Lvis - Bellechasse", "prname": "Quebec / Qubec", "fedfname": "Lvis - Bellechasse", "pruid": "24", "fedename": "Lvis - Bellechasse", "id": "CA.QC.24034", "fedname": "Lvis - Bellechasse"}}, {"geometry": {"type": "Polygon", "coordinates": [[[-8523, 6021], [-8545, 6021], [-8545, 6010], [-8577, 6010], [-8578, 5965], [-8601, 5949], [-8630, 5939], [-8661, 5933], [-8662, 5943], [-8659, 5947], [-8665, 5949], [-8677, 5953], [-8683, 5953], [-8704, 5933], [-8729, 5950], [-8711, 5962], [-8693, 5974], [-8697, 5976], [-8680, 5988], [-8669, 5990], [-8653, 6002], [-8646, 6001], [-8637, 5995], [-8636, 6004], [-8641, 6007], [-8649, 6008], [-8650, 6013], [-8654, 6015], [-8659, 6011], [-8670, 6003], [-8673, 6003], [-8678, 6006], [-8669, 6019], [-8676, 6023], [-8681, 6019], [-8689, 6026], [-8686, 6029], [-8689, 6031], [-8682, 6033], [-8679, 6037], [-8672, 6040], [-8672, 6042], [-8662, 6049], [-8653, 6054], [-8649, 6057], [-8629, 6065], [-8624, 6066], [-8621, 6068], [-8614, 6070], [-8602, 6076], [-8597, 6077], [-8588, 6086], [-8583, 6087], [-8564, 6076], [-8564, 6073], [-8553, 6065], [-8562, 6058], [-8523, 6034], [-8523, 6021]]]}, "type": "Feature", "properties": {"feduid": "24056", "name": "Rimouski-Neigette - Tmiscouata - Les Basques", "prname": "Quebec / Qubec", "fedfname": "Rimouski-Neigette - Tmiscouata - Les Basques", "pruid": "24", "fedename": "Rimouski-Neigette - Tmiscouata - Les Basques", "id": "CA.QC.24056", "fedname": "Rimouski-Neigette - Tmiscouata - Les Basques"}}, {"geometry": {"type": "Polygon", "coordinates": [[[-9214, 5763], [-9206, 5758], [-9196, 5751], [-9202, 5748], [-9212, 5737], [-9218, 5734], [-9223, 5739], [-9226, 5744], [-9227, 5749], [-9224, 5755], [-9220, 5757], [-9215, 5758], [-9214, 5763]]]}, "type": "Feature", "properties": {"feduid": "24053", "name": "Repentigny", "prname": "Quebec / Qubec", "fedfname": "Repentigny", "pruid": "24", "fedename": "Repentigny", "id": "CA.QC.24053", "fedname": "Repentigny"}}, {"geometry": {"type": "Polygon", "coordinates": [[[-9225, 5717], [-9222, 5716], [-9225, 5711], [-9227, 5712], [-9230, 5715], [-9228, 5719], [-9225, 5717]]]}, "type": "Feature", "properties": {"feduid": "24021", "name": "Hochelaga", "prname": "Quebec / Qubec", "fedfname": "Hochelaga", "pruid": "24", "fedename": "Hochelaga", "id": "CA.QC.24021", "fedname": "Hochelaga"}}, {"geometry": {"type": "Polygon", "coordinates": [[[-9338, 6137], [-9282, 6102], [-9248, 6080], [-9196, 6045], [-9159, 6021], [-9114, 6021], [-9047, 6021], [-9041, 6015], [-9018, 5992], [-9061, 5963], [-9053, 5955], [-9053, 5951], [-9049, 5947], [-9056, 5941], [-9057, 5936], [-9062, 5931], [-9067, 5929], [-9072, 5931], [-9085, 5933], [-9082, 5940], [-9087, 5944], [-9091, 5943], [-9091, 5937], [-9100, 5934], [-9100, 5921], [-9096, 5914], [-9087, 5914], [-9081, 5912], [-9078, 5908], [-9086, 5903], [-9052, 5880], [-9060, 5875], [-9065, 5876], [-9081, 5869], [-9044, 5843], [-9049, 5843], [-9059, 5838], [-9063, 5832], [-9064, 5828], [-9068, 5826], [-9075, 5825], [-9079, 5822], [-9084, 5821], [-9092, 5826], [-9098, 5823], [-9106, 5829], [-9116, 5822], [-9120, 5823], [-9129, 5830], [-9127, 5838], [-9140, 5848], [-9138, 5849], [-9145, 5861], [-9156, 5863], [-9158, 5862], [-9155, 5856], [-9157, 5851], [-9161, 5852], [-9165, 5859], [-9170, 5858], [-9179, 5864], [-9173, 5869], [-9173, 5874], [-9178, 5876], [-9183, 5876], [-9190, 5881], [-9196, 5879], [-9203, 5882], [-9209, 5881], [-9215, 5884], [-9219, 5884], [-9225, 5879], [-9232, 5880], [-9240, 5878], [-9241, 5879], [-9240, 5886], [-9242, 5892], [-9252, 5903], [-9254, 5906], [-9264, 5913], [-9272, 5908], [-9286, 5918], [-9282, 5938], [-9277, 5944], [-9306, 5964], [-9346, 5991], [-9394, 5991], [-9457, 5991], [-9473, 5991], [-9473, 6002], [-9473, 6060], [-9473, 6109], [-9473, 6146], [-9408, 6146], [-9367, 6146], [-9361, 6142], [-9355, 6142], [-9347, 6146], [-9344, 6143], [-9340, 6141], [-9338, 6137]]]}, "type": "Feature", "properties": {"feduid": "24068", "name": "Saint-Maurice - Champlain", "prname": "Quebec / Qubec", "fedfname": "Saint-Maurice - Champlain", "pruid": "24", "fedename": "Saint-Maurice - Champlain", "id": "CA.QC.24068", "fedname": "Saint-Maurice - Champlain"}}, {"geometry": {"type": "MultiPolygon", "coordinates": [[[[-9252, 5709], [-9253, 5707], [-9256, 5705], [-9263, 5703], [-9265, 5706], [-9263, 5709], [-9252, 5709]]], [[[-9266, 5710], [-9265, 5707], [-9271, 5703], [-9275, 5706], [-9266, 5710]]]]}, "type": "Feature", "properties": {"feduid": "24049", "name": "Pierrefonds - Dollard", "prname": "Quebec / Qubec", "fedfname": "Pierrefonds - Dollard", "pruid": "24", "fedename": "Pierrefonds - Dollard", "id": "CA.QC.24049", "fedname": "Pierrefonds - Dollard"}}, {"geometry": {"type": "MultiPolygon", "coordinates": [[[[-9276, 5695], [-9267, 5691], [-9269, 5689], [-9277, 5688], [-9281, 5690], [-9280, 5694], [-9276, 5695]]], [[[-9330, 5716], [-9325, 5710], [-9324, 5707], [-9319, 5708], [-9308, 5705], [-9286, 5698], [-9283, 5690], [-9278, 5687], [-9281, 5684], [-9287, 5683], [-9294, 5684], [-9303, 5682], [-9310, 5677], [-9323, 5669], [-9325, 5670], [-9341, 5683], [-9337, 5695], [-9330, 5716]]]]}, "type": "Feature", "properties": {"feduid": "24073", "name": "Vaudreuil-Soulanges", "prname": "Quebec / Qubec", "fedfname": "Vaudreuil-Soulanges", "pruid": "24", "fedename": "Vaudreuil-Soulanges", "id": "CA.QC.24073", "fedname": "Vaudreuil-Soulanges"}}, {"geometry": {"type": "Polygon", "coordinates": [[[-9473, 5991], [-9457, 5991], [-9394, 5991], [-9370, 5975], [-9364, 5973], [-9361, 5969], [-9350, 5959], [-9336, 5958], [-9340, 5952], [-9346, 5947], [-9349, 5940], [-9360, 5927], [-9365, 5925], [-9343, 5923], [-9336, 5915], [-9340, 5912], [-9334, 5908], [-9354, 5895], [-9336, 5882], [-9342, 5877], [-9341, 5869], [-9344, 5862], [-9342, 5860], [-9346, 5855], [-9344, 5846], [-9337, 5847], [-9325, 5839], [-9342, 5827], [-9324, 5814], [-9334, 5807], [-9316, 5795], [-9305, 5801], [-9286, 5789], [-9292, 5785], [-9285, 5780], [-9282, 5782], [-9277, 5778], [-9283, 5774], [-9282, 5770], [-9294, 5762], [-9292, 5758], [-9295, 5754], [-9295, 5751], [-9300, 5747], [-9315, 5752], [-9306, 5759], [-9316, 5766], [-9315, 5770], [-9334, 5772], [-9339, 5761], [-9345, 5759], [-9371, 5761], [-9370, 5767], [-9378, 5767], [-9378, 5763], [-9383, 5763], [-9386, 5767], [-9387, 5772], [-9390, 5778], [-9400, 5778], [-9400, 5783], [-9419, 5783], [-9417, 5797], [-9422, 5797], [-9422, 5793], [-9430, 5783], [-9434, 5782], [-9459, 5782], [-9459, 5767], [-9483, 5766], [-9486, 5768], [-9492, 5766], [-9505, 5765], [-9500, 5772], [-9503, 5773], [-9504, 5792], [-9508, 5792], [-9510, 5799], [-9506, 5806], [-9510, 5809], [-9496, 5809], [-9496, 5825], [-9501, 5825], [-9502, 5842], [-9502, 5875], [-9510, 5875], [-9518, 5872], [-9529, 5880], [-9536, 5881], [-9549, 5885], [-9550, 5894], [-9552, 5896], [-9546, 5899], [-9544, 5912], [-9545, 5919], [-9536, 5920], [-9527, 5923], [-9513, 5934], [-9508, 5935], [-9497, 5929], [-9489, 5931], [-9486, 5923], [-9486, 5918], [-9478, 5921], [-9473, 5927], [-9467, 5931], [-9465, 5935], [-9467, 5938], [-9465, 5942], [-9456, 5949], [-9455, 5954], [-9446, 5964], [-9453, 5967], [-9452, 5972], [-9454, 5974], [-9460, 5974], [-9464, 5978], [-9473, 5985], [-9476, 5990], [-9473, 5991]]]}, "type": "Feature", "properties": {"feduid": "24030", "name": "Laurentides - Labelle", "prname": "Quebec / Qubec", "fedfname": "Laurentides - Labelle", "pruid": "24", "fedename": "Laurentides - Labelle", "id": "CA.QC.24030", "fedname": "Laurentides - Labelle"}}, {"geometry": {"type": "Polygon", "coordinates": [[[-9222, 5716], [-9225, 5717], [-9223, 5722], [-9228, 5724], [-9222, 5728], [-9221, 5732], [-9218, 5731], [-9218, 5725], [-9222, 5716]]]}, "type": "Feature", "properties": {"feduid": "24028", "name": "La Pointe-de-l'le", "prname": "Quebec / Qubec", "fedfname": "La Pointe-de-l'le", "pruid": "24", "fedename": "La Pointe-de-l'le", "id": "CA.QC.24028", "fedname": "La Pointe-de-l'le"}}, {"geometry": {"type": "Polygon", "coordinates": [[[-9225, 5717], [-9228, 5719], [-9233, 5721], [-9233, 5725], [-9221, 5732], [-9222, 5728], [-9228, 5724], [-9223, 5722], [-9225, 5717]]]}, "type": "Feature", "properties": {"feduid": "24022", "name": "Honor-Mercier", "prname": "Quebec / Qubec", "fedfname": "Honor-Mercier", "pruid": "24", "fedename": "Honor-Mercier", "id": "CA.QC.24022", "fedname": "Honor-Mercier"}}, {"geometry": {"type": "Polygon", "coordinates": [[[-8784, 6272], [-8785, 6272], [-8785, 6246], [-8783, 6246], [-8783, 6188], [-8783, 6146], [-8782, 6146], [-8782, 6107], [-8781, 6066], [-8789, 6054], [-8780, 6052], [-8775, 6050], [-8767, 6049], [-8764, 6044], [-8775, 6028], [-8802, 6037], [-8813, 6021], [-8882, 6021], [-8957, 6021], [-8962, 6024], [-8986, 6044], [-8977, 6064], [-8974, 6065], [-8947, 6060], [-8940, 6059], [-8934, 6065], [-8922, 6072], [-8921, 6076], [-8931, 6079], [-8928, 6082], [-8928, 6087], [-8939, 6089], [-8931, 6093], [-8929, 6096], [-8912, 6094], [-8906, 6091], [-8901, 6093], [-8898, 6097], [-8889, 6100], [-8883, 6107], [-8946, 6118], [-8956, 6126], [-8964, 6127], [-8962, 6132], [-8953, 6139], [-8948, 6145], [-8949, 6148], [-8947, 6153], [-8942, 6159], [-8939, 6173], [-8938, 6186], [-8933, 6194], [-8932, 6200], [-8928, 6208], [-8933, 6215], [-8931, 6222], [-8932, 6230], [-8931, 6238], [-8927, 6250], [-8937, 6257], [-8940, 6258], [-8935, 6270], [-8931, 6275], [-8935, 6284], [-8942, 6292], [-8939, 6297], [-8942, 6306], [-8951, 6313], [-8949, 6319], [-8952, 6324], [-8950, 6329], [-8942, 6335], [-8943, 6343], [-8938, 6348], [-8942, 6352], [-8942, 6361], [-8945, 6362], [-8946, 6369], [-8943, 6377], [-8946, 6385], [-8950, 6390], [-8949, 6401], [-8951, 6405], [-8961, 6414], [-8962, 6419], [-8968, 6422], [-8970, 6427], [-8965, 6430], [-8963, 6434], [-8966, 6446], [-8963, 6453], [-8963, 6459], [-8961, 6461], [-8961, 6466], [-8959, 6473], [-8961, 6474], [-8950, 6483], [-8947, 6487], [-8944, 6494], [-8945, 6495], [-8943, 6501], [-8938, 6505], [-8935, 6511], [-8923, 6526], [-8919, 6537], [-8915, 6541], [-8902, 6546], [-8894, 6553], [-8888, 6556], [-8883, 6555], [-8882, 6552], [-8872, 6555], [-8868, 6558], [-8862, 6558], [-8851, 6562], [-8846, 6561], [-8828, 6565], [-8817, 6566], [-8809, 6575], [-8815, 6575], [-8813, 6580], [-8809, 6581], [-8804, 6587], [-8802, 6594], [-8802, 6597], [-8790, 6604], [-8783, 6610], [-8784, 6544], [-8783, 6500], [-8784, 6468], [-8784, 6410], [-8784, 6348], [-8784, 6317], [-8784, 6272]]]}, "type": "Feature", "properties": {"feduid": "24016", "name": "Chicoutimi - Le Fjord", "prname": "Quebec / Qubec", "fedfname": "Chicoutimi - Le Fjord", "pruid": "24", "fedename": "Chicoutimi - Le Fjord", "id": "CA.QC.24016", "fedname": "Chicoutimi - Le Fjord"}}, {"geometry": {"type": "Polygon", "coordinates": [[[-8919, 5809], [-8903, 5794], [-8908, 5791], [-8907, 5788], [-8902, 5785], [-8907, 5781], [-8909, 5777], [-8904, 5773], [-8907, 5768], [-8912, 5771], [-8919, 5763], [-8913, 5762], [-8902, 5758], [-8900, 5759], [-8893, 5756], [-8892, 5742], [-8871, 5743], [-8879, 5736], [-8856, 5723], [-8861, 5721], [-8867, 5715], [-8870, 5706], [-8866, 5701], [-8859, 5697], [-8860, 5692], [-8872, 5695], [-8875, 5698], [-8881, 5698], [-8884, 5695], [-8881, 5691], [-8882, 5685], [-8887, 5677], [-8888, 5673], [-8893, 5675], [-8896, 5680], [-8896, 5684], [-8900, 5687], [-8907, 5685], [-8918, 5682], [-8922, 5675], [-8923, 5702], [-8926, 5702], [-8926, 5712], [-8935, 5718], [-8931, 5720], [-8935, 5723], [-8932, 5725], [-8961, 5745], [-8965, 5747], [-8963, 5754], [-8975, 5760], [-8976, 5758], [-8992, 5766], [-8984, 5773], [-8994, 5778], [-8992, 5779], [-9008, 5787], [-9020, 5783], [-9027, 5782], [-9028, 5787], [-9025, 5795], [-9030, 5801], [-9023, 5803], [-9020, 5806], [-9014, 5809], [-9018, 5811], [-9028, 5818], [-9016, 5827], [-9001, 5816], [-8983, 5827], [-8977, 5822], [-8972, 5824], [-8962, 5817], [-8970, 5812], [-8958, 5806], [-8946, 5814], [-8938, 5808], [-8919, 5809]]]}, "type": "Feature", "properties": {"feduid": "24042", "name": "Mgantic - L'rable", "prname": "Quebec / Qubec", "fedfname": "Mgantic - L'rable", "pruid": "24", "fedename": "Mgantic - L'rable", "id": "CA.QC.24042", "fedname": "Mgantic - L'rable"}}, {"geometry": {"type": "Polygon", "coordinates": [[[-9070, 5774], [-9067, 5770], [-9072, 5766], [-9070, 5762], [-9065, 5759], [-9064, 5756], [-9059, 5756], [-9048, 5750], [-9050, 5749], [-9043, 5745], [-9057, 5732], [-9061, 5737], [-9070, 5731], [-9061, 5726], [-9069, 5718], [-9071, 5719], [-9104, 5739], [-9107, 5744], [-9112, 5739], [-9117, 5742], [-9120, 5740], [-9138, 5753], [-9138, 5755], [-9131, 5758], [-9126, 5763], [-9132, 5768], [-9132, 5771], [-9128, 5771], [-9123, 5774], [-9114, 5771], [-9109, 5774], [-9105, 5772], [-9098, 5775], [-9102, 5778], [-9096, 5782], [-9093, 5780], [-9092, 5775], [-9083, 5775], [-9081, 5773], [-9076, 5777], [-9070, 5774]]]}, "type": "Feature", "properties": {"feduid": "24018", "name": "Drummond", "prname": "Quebec / Qubec", "fedfname": "Drummond", "pruid": "24", "fedename": "Drummond", "id": "CA.QC.24018", "fedname": "Drummond"}}, {"geometry": {"type": "Polygon", "coordinates": [[[-9226, 5709], [-9224, 5706], [-9229, 5706], [-9231, 5703], [-9233, 5702], [-9237, 5704], [-9235, 5706], [-9229, 5709], [-9226, 5709]]]}, "type": "Feature", "properties": {"feduid": "24075", "name": "Westmount - Ville-Marie", "prname": "Quebec / Qubec", "fedfname": "Westmount - Ville-Marie", "pruid": "24", "fedename": "Westmount - Ville-Marie", "id": "CA.QC.24075", "fedname": "Westmount - Ville-Marie"}}, {"geometry": {"type": "Polygon", "coordinates": [[[-9242, 5715], [-9249, 5721], [-9251, 5727], [-9248, 5730], [-9239, 5730], [-9232, 5731], [-9229, 5728], [-9236, 5724], [-9242, 5715]]]}, "type": "Feature", "properties": {"feduid": "24003", "name": "Alfred-Pellan", "prname": "Quebec / Qubec", "fedfname": "Alfred-Pellan", "pruid": "24", "fedename": "Alfred-Pellan", "id": "CA.QC.24003", "fedname": "Alfred-Pellan"}}, {"geometry": {"type": "Polygon", "coordinates": [[[-9028, 5700], [-9036, 5704], [-9030, 5710], [-9021, 5710], [-9016, 5707], [-9018, 5703], [-9015, 5701], [-9009, 5701], [-9009, 5694], [-9020, 5692], [-9021, 5691], [-9029, 5693], [-9028, 5700]]]}, "type": "Feature", "properties": {"feduid": "24070", "name": "Sherbrooke", "prname": "Quebec / Qubec", "fedfname": "Sherbrooke", "pruid": "24", "fedename": "Sherbrooke", "id": "CA.QC.24070", "fedname": "Sherbrooke"}}, {"geometry": {"type": "Polygon", "coordinates": [[[-9233, 5721], [-9237, 5717], [-9239, 5717], [-9236, 5722], [-9233, 5725], [-9233, 5721]]]}, "type": "Feature", "properties": {"feduid": "24009", "name": "Bourassa", "prname": "Quebec / Qubec", "fedfname": "Bourassa", "pruid": "24", "fedename": "Bourassa", "id": "CA.QC.24009", "fedname": "Bourassa"}}, {"geometry": {"type": "Polygon", "coordinates": [[[-9501, 5704], [-9494, 5701], [-9496, 5698], [-9502, 5696], [-9508, 5692], [-9513, 5692], [-9520, 5695], [-9522, 5705], [-9513, 5705], [-9501, 5704]]]}, "type": "Feature", "properties": {"feduid": "24023", "name": "Hull - Aylmer", "prname": "Quebec / Qubec", "fedfname": "Hull - Aylmer", "pruid": "24", "fedename": "Hull - Aylmer", "id": "CA.QC.24023", "fedname": "Hull - Aylmer"}}, {"geometry": {"type": "Polygon", "coordinates": [[[-9233, 5711], [-9229, 5709], [-9235, 5706], [-9235, 5710], [-9235, 5711], [-9233, 5711]]]}, "type": "Feature", "properties": {"feduid": "24047", "name": "Outremont", "prname": "Quebec / Qubec", "fedfname": "Outremont", "pruid": "24", "fedename": "Outremont", "id": "CA.QC.24047", "fedname": "Outremont"}}, {"geometry": {"type": "Polygon", "coordinates": [[[-9120, 5823], [-9124, 5820], [-9118, 5816], [-9114, 5811], [-9108, 5815], [-9101, 5810], [-9106, 5807], [-9115, 5805], [-9123, 5806], [-9133, 5802], [-9143, 5800], [-9147, 5797], [-9155, 5795], [-9157, 5791], [-9167, 5788], [-9176, 5783], [-9179, 5780], [-9181, 5768], [-9187, 5762], [-9191, 5756], [-9196, 5751], [-9206, 5758], [-9202, 5762], [-9202, 5765], [-9192, 5772], [-9189, 5779], [-9197, 5777], [-9208, 5779], [-9207, 5783], [-9208, 5786], [-9203, 5788], [-9201, 5794], [-9206, 5797], [-9209, 5796], [-9213, 5800], [-9216, 5804], [-9210, 5808], [-9211, 5811], [-9206, 5814], [-9216, 5820], [-9192, 5837], [-9199, 5846], [-9202, 5848], [-9211, 5845], [-9212, 5854], [-9215, 5859], [-9212, 5866], [-9214, 5868], [-9211, 5874], [-9212, 5876], [-9209, 5881], [-9203, 5882], [-9196, 5879], [-9190, 5881], [-9183, 5876], [-9178, 5876], [-9173, 5874], [-9173, 5869], [-9179, 5864], [-9170, 5858], [-9165, 5859], [-9161, 5852], [-9157, 5851], [-9155, 5856], [-9158, 5862], [-9156, 5863], [-9145, 5861], [-9138, 5849], [-9140, 5848], [-9127, 5838], [-9129, 5830], [-9120, 5823]]]}, "type": "Feature", "properties": {"feduid": "24008", "name": "Berthier - Maskinong", "prname": "Quebec / Qubec", "fedfname": "Berthier - Maskinong", "pruid": "24", "fedename": "Berthier - Maskinong", "id": "CA.QC.24008", "fedname": "Berthier - Maskinong"}}, {"geometry": {"type": "Polygon", "coordinates": [[[-9249, 5711], [-9253, 5709], [-9268, 5710], [-9266, 5715], [-9261, 5718], [-9255, 5717], [-9249, 5711]]]}, "type": "Feature", "properties": {"feduid": "24033", "name": "Laval - Les les", "prname": "Quebec / Qubec", "fedfname": "Laval - Les les", "pruid": "24", "fedename": "Laval - Les les", "id": "CA.QC.24033", "fedname": "Laval - Les les"}}, {"geometry": {"type": "Polygon", "coordinates": [[[-9265, 5725], [-9258, 5722], [-9262, 5718], [-9268, 5715], [-9269, 5711], [-9276, 5709], [-9284, 5716], [-9281, 5716], [-9280, 5720], [-9274, 5722], [-9272, 5724], [-9265, 5725]]]}, "type": "Feature", "properties": {"feduid": "24057", "name": "Rivire-des-Mille-les", "prname": "Quebec / Qubec", "fedfname": "Rivire-des-Mille-les", "pruid": "24", "fedename": "Rivire-des-Mille-les", "id": "CA.QC.24057", "fedname": "Rivire-des-Mille-les"}}, {"geometry": {"type": "Polygon", "coordinates": [[[-9177, 5692], [-9168, 5689], [-9163, 5693], [-9158, 5691], [-9156, 5687], [-9163, 5685], [-9163, 5678], [-9168, 5669], [-9173, 5670], [-9179, 5668], [-9185, 5668], [-9189, 5666], [-9188, 5661], [-9197, 5655], [-9200, 5646], [-9208, 5646], [-9206, 5650], [-9207, 5658], [-9201, 5661], [-9202, 5670], [-9201, 5674], [-9207, 5678], [-9203, 5684], [-9208, 5686], [-9206, 5688], [-9205, 5696], [-9200, 5693], [-9195, 5695], [-9188, 5693], [-9184, 5690], [-9179, 5694], [-9177, 5692]]]}, "type": "Feature", "properties": {"feduid": "24064", "name": "Saint-Jean", "prname": "Quebec / Qubec", "fedfname": "Saint-Jean", "pruid": "24", "fedename": "Saint-Jean", "id": "CA.QC.24064", "fedname": "Saint-Jean"}}, {"geometry": {"type": "Polygon", "coordinates": [[[-8939, 5875], [-8936, 5873], [-8930, 5874], [-8934, 5869], [-8940, 5870], [-8948, 5870], [-8948, 5872], [-8939, 5875], [-8939, 5875]]]}, "type": "Feature", "properties": {"feduid": "24052", "name": "Qubec", "prname": "Quebec / Qubec", "fedfname": "Qubec", "pruid": "24", "fedename": "Qubec", "id": "CA.QC.24052", "fedname": "Qubec"}}, {"geometry": {"type": "Polygon", "coordinates": [[[-9225, 5711], [-9226, 5709], [-9229, 5709], [-9233, 5711], [-9227, 5712], [-9225, 5711]]]}, "type": "Feature", "properties": {"feduid": "24031", "name": "Laurier - Sainte-Marie", "prname": "Quebec / Qubec", "fedfname": "Laurier - Sainte-Marie", "pruid": "24", "fedename": "Laurier - Sainte-Marie", "id": "CA.QC.24031", "fedname": "Laurier - Sainte-Marie"}}, {"geometry": {"type": "Polygon", "coordinates": [[[-9279, 5767], [-9274, 5763], [-9276, 5762], [-9270, 5756], [-9258, 5748], [-9260, 5747], [-9271, 5741], [-9275, 5744], [-9279, 5740], [-9289, 5737], [-9296, 5732], [-9307, 5730], [-9307, 5739], [-9305, 5744], [-9297, 5742], [-9297, 5746], [-9300, 5747], [-9295, 5751], [-9295, 5754], [-9292, 5758], [-9294, 5762], [-9282, 5770], [-9279, 5767]]]}, "type": "Feature", "properties": {"feduid": "24059", "name": "Rivire-du-Nord", "prname": "Quebec / Qubec", "fedfname": "Rivire-du-Nord", "pruid": "24", "fedename": "Rivire-du-Nord", "id": "CA.QC.24059", "fedname": "Rivire-du-Nord"}}, {"geometry": {"type": "Polygon", "coordinates": [[[-9228, 5719], [-9230, 5715], [-9231, 5715], [-9235, 5714], [-9237, 5717], [-9233, 5721], [-9228, 5719]]]}, "type": "Feature", "properties": {"feduid": "24067", "name": "Saint-Lonard - Saint-Michel", "prname": "Quebec / Qubec", "fedfname": "Saint-Lonard - Saint-Michel", "pruid": "24", "fedename": "Saint-Lonard - Saint-Michel", "id": "CA.QC.24067", "fedname": "Saint-Lonard - Saint-Michel"}}, {"geometry": {"type": "Polygon", "coordinates": [[[-9172, 5747], [-9168, 5741], [-9164, 5738], [-9168, 5736], [-9171, 5731], [-9169, 5728], [-9169, 5722], [-9173, 5718], [-9180, 5724], [-9190, 5725], [-9193, 5721], [-9191, 5719], [-9193, 5714], [-9202, 5717], [-9208, 5716], [-9214, 5721], [-9211, 5734], [-9203, 5742], [-9186, 5753], [-9183, 5757], [-9182, 5764], [-9179, 5768], [-9180, 5757], [-9182, 5754], [-9172, 5747]]]}, "type": "Feature", "properties": {"feduid": "24074", "name": "Verchres - Les Patriotes", "prname": "Quebec / Qubec", "fedfname": "Verchres - Les Patriotes", "pruid": "24", "fedename": "Verchres - Les Patriotes", "id": "CA.QC.24074", "fedname": "Verchres - Les Patriotes"}}, {"geometry": {"type": "Polygon", "coordinates": [[[-9474, 5707], [-9480, 5704], [-9493, 5702], [-9494, 5701], [-9501, 5704], [-9503, 5710], [-9498, 5710], [-9498, 5713], [-9476, 5715], [-9474, 5707]]]}, "type": "Feature", "properties": {"feduid": "24020", "name": "Gatineau", "prname": "Quebec / Qubec", "fedfname": "Gatineau", "pruid": "24", "fedename": "Gatineau", "id": "CA.QC.24020", "fedname": "Gatineau"}}, {"geometry": {"type": "MultiPolygon", "coordinates": [[[[-8880, 5898], [-8882, 5895], [-8891, 5886], [-8900, 5882], [-8907, 5878], [-8917, 5876], [-8921, 5880], [-8912, 5886], [-8905, 5889], [-8898, 5895], [-8886, 5898], [-8880, 5898]]], [[[-8823, 5949], [-8822, 5948], [-8830, 5942], [-8835, 5945], [-8829, 5948], [-8823, 5949]]], [[[-8609, 6137], [-8610, 6133], [-8616, 6134], [-8626, 6133], [-8632, 6130], [-8636, 6126], [-8644, 6124], [-8650, 6119], [-8655, 6117], [-8663, 6116], [-8663, 6113], [-8666, 6107], [-8666, 6101], [-8673, 6092], [-8682, 6094], [-8690, 6085], [-8691, 6079], [-8700, 6068], [-8706, 6065], [-8704, 6063], [-8709, 6058], [-8718, 6054], [-8720, 6051], [-8729, 6047], [-8732, 6044], [-8746, 6034], [-8744, 6033], [-8751, 6028], [-8751, 6022], [-8756, 6010], [-8765, 6002], [-8768, 5996], [-8769, 5992], [-8775, 5990], [-8778, 5985], [-8793, 5978], [-8799, 5976], [-8799, 5973], [-8805, 5968], [-8806, 5961], [-8810, 5957], [-8817, 5954], [-8824, 5953], [-8837, 5949], [-8841, 5950], [-8844, 5942], [-8851, 5934], [-8854, 5927], [-8868, 5913], [-8870, 5909], [-8882, 5902], [-8888, 5901], [-8899, 5897], [-8909, 5891], [-8913, 5887], [-8924, 5881], [-8929, 5877], [-8930, 5888], [-8932, 5891], [-8921, 5897], [-8917, 5902], [-8924, 5908], [-8928, 5908], [-8936, 5912], [-8937, 5915], [-8960, 5936], [-8963, 5938], [-9018, 5992], [-9041, 6015], [-9014, 6015], [-8954, 6015], [-8957, 6018], [-8957, 6021], [-8882, 6021], [-8813, 6021], [-8802, 6037], [-8775, 6028], [-8764, 6044], [-8767, 6049], [-8775, 6050], [-8780, 6052], [-8789, 6054], [-8781, 6066], [-8782, 6107], [-8782, 6146], [-8783, 6146], [-8783, 6188], [-8783, 6246], [-8785, 6246], [-8785, 6272], [-8784, 6272], [-8719, 6272], [-8718, 6267], [-8723, 6265], [-8716, 6262], [-8714, 6257], [-8710, 6255], [-8707, 6249], [-8709, 6245], [-8704, 6242], [-8689, 6242], [-8685, 6234], [-8685, 6229], [-8673, 6222], [-8673, 6157], [-8639, 6156], [-8635, 6154], [-8629, 6154], [-8626, 6147], [-8618, 6144], [-8624, 6140], [-8618, 6139], [-8614, 6137], [-8609, 6137]]]]}, "type": "Feature", "properties": {"feduid": "24014", "name": "Montmorency - Charlevoix - Haute-Cte-Nord", "prname": "Quebec / Qubec", "fedfname": "Montmorency - Charlevoix - Haute-Cte-Nord", "pruid": "24", "fedename": "Montmorency - Charlevoix - Haute-Cte-Nord", "id": "CA.QC.24014", "fedname": "Montmorency - Charlevoix - Haute-Cte-Nord"}}, {"geometry": {"type": "Polygon", "coordinates": [[[-9300, 5747], [-9297, 5746], [-9297, 5742], [-9305, 5744], [-9307, 5739], [-9307, 5730], [-9296, 5732], [-9289, 5737], [-9279, 5740], [-9275, 5744], [-9271, 5741], [-9264, 5735], [-9268, 5734], [-9273, 5730], [-9267, 5727], [-9265, 5725], [-9272, 5724], [-9274, 5722], [-9280, 5720], [-9281, 5716], [-9284, 5716], [-9276, 5709], [-9277, 5707], [-9289, 5702], [-9293, 5702], [-9304, 5707], [-9304, 5710], [-9314, 5711], [-9325, 5710], [-9330, 5716], [-9336, 5716], [-9341, 5719], [-9349, 5719], [-9362, 5725], [-9374, 5723], [-9381, 5725], [-9387, 5724], [-9400, 5725], [-9406, 5721], [-9412, 5719], [-9422, 5717], [-9429, 5717], [-9438, 5718], [-9451, 5712], [-9454, 5734], [-9469, 5733], [-9472, 5751], [-9500, 5748], [-9500, 5759], [-9505, 5765], [-9492, 5766], [-9486, 5768], [-9483, 5766], [-9459, 5767], [-9459, 5782], [-9434, 5782], [-9430, 5783], [-9422, 5793], [-9422, 5797], [-9417, 5797], [-9419, 5783], [-9400, 5783], [-9400, 5778], [-9390, 5778], [-9387, 5772], [-9386, 5767], [-9383, 5763], [-9378, 5763], [-9378, 5767], [-9370, 5767], [-9371, 5761], [-9345, 5759], [-9339, 5761], [-9334, 5772], [-9315, 5770], [-9316, 5766], [-9306, 5759], [-9315, 5752], [-9300, 5747]]]}, "type": "Feature", "properties": {"feduid": "24004", "name": "Argenteuil - Papineau - Mirabel", "prname": "Quebec / Qubec", "fedfname": "Argenteuil - Papineau - Mirabel", "pruid": "24", "fedename": "Argenteuil - Papineau - Mirabel", "id": "CA.QC.24004", "fedname": "Argenteuil - Papineau - Mirabel"}}, {"geometry": {"type": "Polygon", "coordinates": [[[-9036, 5840], [-9016, 5827], [-9028, 5818], [-9018, 5811], [-9024, 5807], [-9033, 5808], [-9039, 5804], [-9042, 5801], [-9046, 5803], [-9054, 5798], [-9052, 5785], [-9070, 5774], [-9076, 5777], [-9081, 5773], [-9083, 5775], [-9092, 5775], [-9093, 5780], [-9096, 5782], [-9102, 5778], [-9098, 5775], [-9105, 5772], [-9109, 5774], [-9114, 5771], [-9123, 5774], [-9128, 5771], [-9132, 5771], [-9132, 5768], [-9126, 5763], [-9131, 5758], [-9138, 5755], [-9144, 5759], [-9145, 5755], [-9149, 5754], [-9155, 5756], [-9164, 5756], [-9167, 5750], [-9172, 5747], [-9182, 5754], [-9180, 5757], [-9179, 5768], [-9175, 5776], [-9154, 5779], [-9147, 5779], [-9147, 5785], [-9128, 5788], [-9115, 5794], [-9115, 5800], [-9101, 5808], [-9097, 5811], [-9087, 5817], [-9063, 5822], [-9060, 5826], [-9057, 5834], [-9052, 5838], [-9044, 5840], [-9036, 5840]]]}, "type": "Feature", "properties": {"feduid": "24054", "name": "Bas-Richelieu - Nicolet - Bcancour", "prname": "Quebec / Qubec", "fedfname": "Bas-Richelieu - Nicolet - Bcancour", "pruid": "24", "fedename": "Bas-Richelieu - Nicolet - Bcancour", "id": "CA.QC.24054", "fedname": "Bas-Richelieu - Nicolet - Bcancour"}}, {"geometry": {"type": "Polygon", "coordinates": [[[-8961, 5745], [-8979, 5731], [-8983, 5734], [-8995, 5725], [-8996, 5722], [-9003, 5726], [-9021, 5710], [-9030, 5710], [-9036, 5704], [-9028, 5700], [-9040, 5700], [-9040, 5695], [-9044, 5693], [-9049, 5692], [-9050, 5700], [-9048, 5704], [-9050, 5708], [-9069, 5718], [-9061, 5726], [-9070, 5731], [-9061, 5737], [-9057, 5732], [-9043, 5745], [-9050, 5749], [-9048, 5750], [-9059, 5756], [-9064, 5756], [-9065, 5759], [-9070, 5762], [-9072, 5766], [-9067, 5770], [-9070, 5774], [-9052, 5785], [-9054, 5798], [-9046, 5803], [-9042, 5801], [-9039, 5804], [-9033, 5808], [-9024, 5807], [-9018, 5811], [-9014, 5809], [-9020, 5806], [-9023, 5803], [-9030, 5801], [-9025, 5795], [-9028, 5787], [-9027, 5782], [-9020, 5783], [-9008, 5787], [-8992, 5779], [-8994, 5778], [-8984, 5773], [-8992, 5766], [-8976, 5758], [-8975, 5760], [-8963, 5754], [-8965, 5747], [-8961, 5745]]]}, "type": "Feature", "properties": {"feduid": "24055", "name": "Richmond - Arthabaska", "prname": "Quebec / Qubec", "fedfname": "Richmond - Arthabaska", "pruid": "24", "fedename": "Richmond - Arthabaska", "id": "CA.QC.24055", "fedname": "Richmond - Arthabaska"}}, {"geometry": {"type": "Polygon", "coordinates": [[[-9050, 5700], [-9049, 5692], [-9044, 5693], [-9044, 5665], [-9062, 5665], [-9066, 5661], [-9066, 5653], [-9061, 5645], [-9071, 5645], [-9106, 5646], [-9137, 5647], [-9168, 5646], [-9166, 5652], [-9173, 5654], [-9177, 5652], [-9181, 5646], [-9200, 5646], [-9197, 5655], [-9188, 5661], [-9189, 5666], [-9185, 5668], [-9179, 5668], [-9173, 5670], [-9168, 5669], [-9163, 5678], [-9163, 5685], [-9156, 5687], [-9142, 5678], [-9138, 5682], [-9130, 5682], [-9127, 5687], [-9109, 5686], [-9105, 5683], [-9089, 5683], [-9089, 5692], [-9063, 5692], [-9061, 5701], [-9050, 5700]]]}, "type": "Feature", "properties": {"feduid": "24010", "name": "Brome - Missisquoi", "prname": "Quebec / Qubec", "fedfname": "Brome - Missisquoi", "pruid": "24", "fedename": "Brome - Missisquoi", "id": "CA.QC.24010", "fedname": "Brome - Missisquoi"}}, {"geometry": {"type": "Polygon", "coordinates": [[[-9775, 5929], [-9771, 5926], [-9766, 5925], [-9764, 5907], [-9762, 5903], [-9765, 5900], [-9764, 5886], [-9770, 5881], [-9769, 5874], [-9761, 5872], [-9763, 5869], [-9761, 5859], [-9766, 5852], [-9766, 5850], [-9757, 5846], [-9757, 5842], [-9754, 5834], [-9756, 5827], [-9751, 5821], [-9756, 5817], [-9760, 5815], [-9764, 5809], [-9766, 5803], [-9765, 5796], [-9775, 5798], [-9784, 5801], [-9791, 5801], [-9800, 5804], [-9811, 5804], [-9817, 5804], [-9823, 5802], [-9833, 5807], [-9847, 5807], [-9859, 5810], [-9869, 5810], [-9875, 5813], [-9875, 5818], [-9896, 5828], [-9908, 5839], [-9909, 5844], [-9911, 5849], [-9921, 5856], [-9927, 5869], [-9931, 5873], [-9936, 5875], [-9944, 5882], [-9951, 5890], [-9953, 5896], [-9964, 5906], [-9965, 5908], [-9963, 5927], [-9977, 5941], [-9982, 5947], [-9983, 5951], [-9980, 5955], [-9978, 5960], [-9974, 5962], [-9974, 6020], [-9974, 6073], [-9974, 6116], [-9974, 6170], [-9974, 6231], [-9974, 6272], [-9909, 6272], [-9909, 6203], [-9909, 6146], [-9838, 6146], [-9782, 6146], [-9721, 6146], [-9666, 6146], [-9666, 6142], [-9673, 6138], [-9676, 6129], [-9672, 6126], [-9674, 6123], [-9669, 6112], [-9671, 6109], [-9671, 6101], [-9675, 6097], [-9676, 6093], [-9702, 6093], [-9702, 6084], [-9729, 6084], [-9729, 6057], [-9773, 6057], [-9793, 6057], [-9798, 6053], [-9812, 6053], [-9812, 6058], [-9818, 6058], [-9819, 6063], [-9821, 6064], [-9821, 6039], [-9820, 6026], [-9822, 6020], [-9811, 6020], [-9812, 5984], [-9725, 5984], [-9711, 5984], [-9717, 5977], [-9717, 5972], [-9720, 5965], [-9715, 5963], [-9720, 5960], [-9723, 5955], [-9734, 5951], [-9736, 5947], [-9741, 5949], [-9747, 5948], [-9754, 5949], [-9755, 5945], [-9759, 5943], [-9763, 5936], [-9770, 5934], [-9775, 5929]]]}, "type": "Feature", "properties": {"feduid": "24001", "name": "Abitibi - Tmiscamingue", "prname": "Quebec / Qubec", "fedfname": "Abitibi - Tmiscamingue", "pruid": "24", "fedename": "Abitibi - Tmiscamingue", "id": "CA.QC.24001", "fedname": "Abitibi - Tmiscamingue"}}, {"geometry": {"type": "Polygon", "coordinates": [[[-9224, 5695], [-9224, 5692], [-9218, 5682], [-9225, 5681], [-9236, 5684], [-9242, 5678], [-9244, 5673], [-9261, 5686], [-9255, 5690], [-9252, 5695], [-9241, 5697], [-9235, 5695], [-9224, 5695]]]}, "type": "Feature", "properties": {"feduid": "24015", "name": "Chteauguay - Saint-Constant", "prname": "Quebec / Qubec", "fedfname": "Chteauguay - Saint-Constant", "pruid": "24", "fedename": "Chteauguay - Saint-Constant", "id": "CA.QC.24015", "fedname": "Chteauguay - Saint-Constant"}}, {"geometry": {"type": "Polygon", "coordinates": [[[-9238, 5711], [-9242, 5706], [-9242, 5703], [-9253, 5707], [-9252, 5709], [-9246, 5712], [-9238, 5711]]]}, "type": "Feature", "properties": {"feduid": "24066", "name": "Saint-Laurent - Cartierville", "prname": "Quebec / Qubec", "fedfname": "Saint-Laurent - Cartierville", "pruid": "24", "fedename": "Saint-Laurent - Cartierville", "id": "CA.QC.24066", "fedname": "Saint-Laurent - Cartierville"}}, {"geometry": {"type": "MultiPolygon", "coordinates": [[[[-9303, 5679], [-9303, 5679], [-9302, 5680], [-9294, 5682], [-9288, 5681], [-9275, 5685], [-9272, 5685], [-9278, 5677], [-9282, 5674], [-9293, 5672], [-9303, 5674], [-9303, 5679]]], [[[-9218, 5682], [-9215, 5681], [-9208, 5686], [-9203, 5684], [-9207, 5678], [-9201, 5674], [-9202, 5670], [-9201, 5661], [-9207, 5658], [-9206, 5650], [-9208, 5646], [-9239, 5645], [-9264, 5645], [-9301, 5643], [-9324, 5644], [-9357, 5644], [-9350, 5649], [-9343, 5649], [-9338, 5653], [-9333, 5660], [-9328, 5661], [-9319, 5666], [-9310, 5667], [-9303, 5670], [-9302, 5673], [-9288, 5671], [-9281, 5673], [-9270, 5683], [-9261, 5686], [-9244, 5673], [-9242, 5678], [-9236, 5684], [-9225, 5681], [-9218, 5682]]]]}, "type": "Feature", "properties": {"feduid": "24006", "name": "Beauharnois - Salaberry", "prname": "Quebec / Qubec", "fedfname": "Beauharnois - Salaberry", "pruid": "24", "fedename": "Beauharnois - Salaberry", "id": "CA.QC.24006", "fedname": "Beauharnois - Salaberry"}}, {"geometry": {"type": "Polygon", "coordinates": [[[-8960, 5884], [-8950, 5878], [-8945, 5879], [-8939, 5875], [-8948, 5872], [-8948, 5870], [-8950, 5869], [-8958, 5874], [-8961, 5872], [-8968, 5871], [-8975, 5877], [-8970, 5878], [-8960, 5884]]]}, "type": "Feature", "properties": {"feduid": "24038", "name": "Louis-Saint-Laurent", "prname": "Quebec / Qubec", "fedfname": "Louis-Saint-Laurent", "pruid": "24", "fedename": "Louis-Saint-Laurent", "id": "CA.QC.24038", "fedname": "Louis-Saint-Laurent"}}, {"geometry": {"type": "Polygon", "coordinates": [[[-9202, 5717], [-9204, 5711], [-9208, 5714], [-9212, 5709], [-9222, 5712], [-9214, 5721], [-9208, 5716], [-9202, 5717]]]}, "type": "Feature", "properties": {"feduid": "24035", "name": "Longueuil - Pierre-Boucher", "prname": "Quebec / Qubec", "fedfname": "Longueuil - Pierre-Boucher", "pruid": "24", "fedename": "Longueuil - Pierre-Boucher", "id": "CA.QC.24035", "fedname": "Longueuil - Pierre-Boucher"}}, {"geometry": {"type": "Polygon", "coordinates": [[[-8888, 6556], [-8894, 6553], [-8902, 6546], [-8915, 6541], [-8919, 6537], [-8923, 6526], [-8935, 6511], [-8938, 6505], [-8943, 6501], [-8945, 6495], [-8944, 6494], [-8947, 6487], [-8950, 6483], [-8961, 6474], [-8959, 6473], [-8961, 6466], [-8961, 6461], [-8963, 6459], [-8963, 6453], [-8966, 6446], [-8963, 6434], [-8965, 6430], [-8970, 6427], [-8968, 6422], [-8962, 6419], [-8961, 6414], [-8951, 6405], [-8949, 6401], [-8950, 6390], [-8946, 6385], [-8943, 6377], [-8946, 6369], [-8945, 6362], [-8942, 6361], [-8942, 6352], [-8938, 6348], [-8943, 6343], [-8942, 6335], [-8950, 6329], [-8952, 6324], [-8949, 6319], [-8951, 6313], [-8942, 6306], [-8939, 6297], [-8942, 6292], [-8935, 6284], [-8931, 6275], [-8935, 6270], [-8940, 6258], [-8937, 6257], [-8927, 6250], [-8931, 6238], [-8932, 6230], [-8931, 6222], [-8933, 6215], [-8928, 6208], [-8932, 6200], [-8933, 6194], [-8938, 6186], [-8939, 6173], [-8942, 6159], [-8947, 6153], [-8949, 6148], [-8948, 6145], [-8953, 6139], [-8962, 6132], [-8964, 6127], [-8956, 6126], [-8946, 6118], [-8953, 6119], [-8966, 6085], [-8974, 6088], [-8980, 6088], [-8983, 6089], [-8984, 6095], [-8980, 6103], [-9002, 6107], [-9007, 6094], [-9000, 6091], [-8999, 6087], [-8973, 6082], [-8978, 6070], [-8974, 6065], [-8977, 6064], [-8986, 6044], [-8962, 6024], [-8957, 6021], [-8957, 6018], [-8954, 6015], [-9014, 6015], [-9041, 6015], [-9047, 6021], [-9114, 6021], [-9159, 6021], [-9196, 6045], [-9248, 6080], [-9282, 6102], [-9338, 6137], [-9330, 6139], [-9323, 6138], [-9323, 6145], [-9320, 6147], [-9320, 6151], [-9316, 6157], [-9316, 6163], [-9314, 6165], [-9312, 6174], [-9312, 6182], [-9321, 6179], [-9329, 6184], [-9336, 6187], [-9332, 6192], [-9334, 6199], [-9330, 6202], [-9331, 6205], [-9326, 6209], [-9321, 6206], [-9315, 6211], [-9313, 6218], [-9306, 6223], [-9307, 6227], [-9304, 6231], [-9298, 6233], [-9293, 6243], [-9290, 6245], [-9283, 6247], [-9277, 6252], [-9271, 6259], [-9269, 6266], [-9258, 6276], [-9255, 6281], [-9254, 6292], [-9256, 6294], [-9254, 6299], [-9243, 6298], [-9237, 6306], [-9232, 6315], [-9230, 6317], [-9220, 6320], [-9214, 6319], [-9213, 6325], [-9205, 6332], [-9206, 6335], [-9202, 6338], [-9199, 6344], [-9196, 6345], [-9194, 6350], [-9188, 6357], [-9184, 6360], [-9180, 6360], [-9178, 6364], [-9174, 6366], [-9162, 6360], [-9160, 6355], [-9153, 6360], [-9149, 6361], [-9149, 6367], [-9143, 6369], [-9141, 6373], [-9125, 6375], [-9122, 6370], [-9119, 6369], [-9116, 6366], [-9110, 6369], [-9106, 6378], [-9100, 6380], [-9102, 6366], [-9097, 6365], [-9086, 6370], [-9082, 6373], [-9075, 6383], [-9070, 6386], [-9068, 6391], [-9065, 6391], [-9059, 6400], [-9055, 6400], [-9056, 6396], [-9051, 6394], [-9051, 6400], [-9049, 6406], [-9041, 6416], [-9031, 6420], [-9030, 6426], [-9026, 6427], [-9023, 6431], [-9015, 6432], [-9016, 6435], [-9014, 6441], [-9003, 6443], [-9000, 6441], [-8995, 6444], [-8992, 6453], [-8989, 6457], [-8980, 6459], [-8979, 6464], [-8980, 6466], [-8979, 6471], [-8982, 6473], [-8982, 6484], [-8978, 6491], [-8977, 6499], [-8972, 6502], [-8953, 6504], [-8950, 6511], [-8947, 6512], [-8945, 6518], [-8937, 6525], [-8939, 6529], [-8931, 6534], [-8926, 6539], [-8923, 6544], [-8911, 6549], [-8888, 6556]]]}, "type": "Feature", "properties": {"feduid": "24060", "name": "Roberval - Lac-Saint-Jean", "prname": "Quebec / Qubec", "fedfname": "Roberval - Lac-Saint-Jean", "pruid": "24", "fedename": "Roberval - Lac-Saint-Jean", "id": "CA.QC.24060", "fedname": "Roberval - Lac-Saint-Jean"}}, {"geometry": {"type": "Polygon", "coordinates": [[[-9236, 5697], [-9240, 5698], [-9240, 5699], [-9231, 5703], [-9232, 5699], [-9236, 5697]]]}, "type": "Feature", "properties": {"feduid": "24029", "name": "LaSalle - mard", "prname": "Quebec / Qubec", "fedfname": "LaSalle - mard", "pruid": "24", "fedename": "LaSalle - mard", "id": "CA.QC.24029", "fedname": "LaSalle - mard"}}, {"geometry": {"type": "MultiPolygon", "coordinates": [[[[-8044, 6265], [-8037, 6262], [-8028, 6262], [-8018, 6257], [-8011, 6255], [-8007, 6256], [-7996, 6255], [-7986, 6253], [-7965, 6251], [-7948, 6249], [-7919, 6243], [-7906, 6240], [-7901, 6238], [-7896, 6238], [-7893, 6235], [-7885, 6234], [-7875, 6230], [-7873, 6228], [-7866, 6229], [-7858, 6223], [-7848, 6222], [-7838, 6217], [-7827, 6207], [-7818, 6207], [-7816, 6204], [-7809, 6203], [-7809, 6200], [-7799, 6195], [-7795, 6196], [-7790, 6193], [-7782, 6194], [-7774, 6191], [-7773, 6189], [-7764, 6190], [-7763, 6187], [-7756, 6185], [-7751, 6176], [-7742, 6170], [-7740, 6165], [-7736, 6163], [-7743, 6157], [-7753, 6155], [-7774, 6155], [-7779, 6154], [-7787, 6155], [-7803, 6155], [-7808, 6153], [-7820, 6157], [-7832, 6159], [-7842, 6162], [-7870, 6165], [-7881, 6168], [-7892, 6169], [-7911, 6174], [-7925, 6178], [-7932, 6181], [-7941, 6188], [-7944, 6186], [-7956, 6190], [-7973, 6194], [-7980, 6203], [-7982, 6210], [-7990, 6215], [-7999, 6220], [-8007, 6226], [-8017, 6229], [-8028, 6234], [-8040, 6236], [-8063, 6242], [-8068, 6244], [-8069, 6247], [-8077, 6250], [-8080, 6247], [-8085, 6251], [-8093, 6254], [-8093, 6257], [-8085, 6261], [-8072, 6262], [-8066, 6264], [-8057, 6265], [-8044, 6265]]], [[[-8009, 6295], [-8014, 6295], [-8018, 6300], [-8013, 6301], [-8009, 6295]]], [[[-7443, 6352], [-7437, 6345], [-7436, 6341], [-7440, 6339], [-7443, 6342], [-7448, 6350], [-7443, 6352]]], [[[-7320, 6427], [-7318, 6423], [-7323, 6421], [-7326, 6424], [-7320, 6427]]], [[[-7327, 6430], [-7325, 6426], [-7331, 6424], [-7347, 6425], [-7340, 6430], [-7327, 6430]]], [[[-8375, 6899], [-8372, 6895], [-8364, 6889], [-8362, 6884], [-8354, 6875], [-8361, 6870], [-8369, 6872], [-8370, 6870], [-8364, 6867], [-8366, 6865], [-8381, 6871], [-8389, 6876], [-8395, 6874], [-8398, 6877], [-8409, 6882], [-8411, 6886], [-8432, 6899], [-8375, 6899]]], [[[-7355, 6422], [-7350, 6419], [-7353, 6414], [-7362, 6410], [-7375, 6405], [-7377, 6401], [-7387, 6394], [-7389, 6396], [-7385, 6400], [-7390, 6403], [-7398, 6397], [-7393, 6395], [-7395, 6392], [-7393, 6382], [-7398, 6378], [-7394, 6374], [-7397, 6373], [-7403, 6365], [-7406, 6365], [-7412, 6370], [-7418, 6367], [-7433, 6365], [-7432, 6360], [-7437, 6358], [-7441, 6355], [-7448, 6353], [-7451, 6349], [-7457, 6347], [-7459, 6341], [-7464, 6340], [-7466, 6336], [-7476, 6330], [-7488, 6328], [-7492, 6325], [-7499, 6325], [-7509, 6318], [-7506, 6311], [-7509, 6308], [-7515, 6305], [-7521, 6305], [-7523, 6302], [-7540, 6301], [-7543, 6297], [-7548, 6296], [-7548, 6300], [-7553, 6305], [-7557, 6300], [-7563, 6303], [-7575, 6298], [-7578, 6302], [-7593, 6300], [-7594, 6298], [-7602, 6296], [-7607, 6298], [-7613, 6298], [-7621, 6300], [-7623, 6297], [-7629, 6296], [-7633, 6299], [-7641, 6297], [-7643, 6294], [-7655, 6299], [-7659, 6296], [-7669, 6295], [-7678, 6296], [-7692, 6295], [-7695, 6293], [-7704, 6293], [-7713, 6290], [-7733, 6284], [-7745, 6282], [-7751, 6284], [-7752, 6291], [-7758, 6298], [-7772, 6300], [-7777, 6298], [-7782, 6299], [-7797, 6300], [-7803, 6299], [-7810, 6303], [-7815, 6303], [-7820, 6305], [-7827, 6305], [-7833, 6303], [-7843, 6306], [-7854, 6304], [-7870, 6305], [-7874, 6308], [-7881, 6305], [-7888, 6307], [-7899, 6306], [-7905, 6310], [-7911, 6305], [-7922, 6307], [-7926, 6306], [-7922, 6302], [-7933, 6299], [-7940, 6299], [-7948, 6300], [-7952, 6296], [-7960, 6297], [-7962, 6302], [-7973, 6303], [-7977, 6301], [-7983, 6304], [-7988, 6303], [-7991, 6307], [-7996, 6308], [-8002, 6307], [-8012, 6308], [-8025, 6309], [-8031, 6308], [-8040, 6308], [-8048, 6304], [-8071, 6307], [-8081, 6311], [-8089, 6311], [-8095, 6308], [-8115, 6307], [-8120, 6306], [-8148, 6305], [-8156, 6307], [-8172, 6308], [-8178, 6307], [-8187, 6310], [-8193, 6309], [-8197, 6310], [-8216, 6308], [-8221, 6306], [-8241, 6304], [-8253, 6304], [-8256, 6303], [-8268, 6307], [-8274, 6307], [-8279, 6305], [-8286, 6298], [-8292, 6295], [-8298, 6296], [-8307, 6298], [-8319, 6297], [-8325, 6295], [-8330, 6305], [-8336, 6305], [-8345, 6300], [-8347, 6298], [-8345, 6293], [-8334, 6291], [-8336, 6287], [-8345, 6291], [-8351, 6290], [-8363, 6287], [-8369, 6281], [-8373, 6276], [-8383, 6275], [-8396, 6272], [-8401, 6266], [-8400, 6261], [-8403, 6259], [-8404, 6254], [-8408, 6251], [-8415, 6253], [-8421, 6248], [-8425, 6244], [-8425, 6232], [-8433, 6221], [-8433, 6211], [-8434, 6204], [-8442, 6199], [-8443, 6196], [-8452, 6186], [-8466, 6187], [-8479, 6187], [-8489, 6184], [-8493, 6185], [-8500, 6184], [-8507, 6180], [-8516, 6183], [-8524, 6181], [-8535, 6181], [-8539, 6178], [-8546, 6180], [-8548, 6172], [-8552, 6172], [-8563, 6169], [-8562, 6167], [-8552, 6166], [-8553, 6159], [-8558, 6158], [-8568, 6158], [-8579, 6152], [-8587, 6152], [-8590, 6155], [-8596, 6155], [-8605, 6152], [-8610, 6143], [-8609, 6137], [-8614, 6137], [-8618, 6139], [-8624, 6140], [-8618, 6144], [-8626, 6147], [-8629, 6154], [-8635, 6154], [-8639, 6156], [-8673, 6157], [-8673, 6222], [-8685, 6229], [-8685, 6234], [-8689, 6242], [-8704, 6242], [-8709, 6245], [-8707, 6249], [-8710, 6255], [-8714, 6257], [-8716, 6262], [-8723, 6265], [-8718, 6267], [-8719, 6272], [-8784, 6272], [-8784, 6317], [-8784, 6348], [-8784, 6410], [-8784, 6468], [-8783, 6500], [-8784, 6544], [-8783, 6610], [-8784, 6638], [-8780, 6638], [-8780, 6683], [-8780, 6752], [-8780, 6799], [-8780, 6855], [-8780, 6899], [-8718, 6899], [-8655, 6899], [-8592, 6899], [-8530, 6899], [-8457, 6899], [-8454, 6894], [-8449, 6891], [-8446, 6887], [-8440, 6882], [-8437, 6878], [-8432, 6877], [-8431, 6873], [-8421, 6868], [-8412, 6860], [-8414, 6858], [-8420, 6856], [-8421, 6852], [-8426, 6850], [-8432, 6851], [-8433, 6847], [-8439, 6847], [-8439, 6842], [-8433, 6839], [-8435, 6836], [-8448, 6838], [-8458, 6845], [-8463, 6847], [-8470, 6846], [-8469, 6843], [-8463, 6839], [-8467, 6834], [-8477, 6835], [-8478, 6832], [-8488, 6834], [-8490, 6829], [-8495, 6831], [-8501, 6826], [-8495, 6822], [-8498, 6817], [-8489, 6813], [-8488, 6808], [-8489, 6804], [-8483, 6800], [-8489, 6793], [-8500, 6793], [-8506, 6790], [-8505, 6787], [-8500, 6784], [-8507, 6777], [-8503, 6773], [-8492, 6771], [-8487, 6767], [-8488, 6765], [-8479, 6764], [-8481, 6757], [-8476, 6754], [-8467, 6752], [-8478, 6743], [-8467, 6743], [-8468, 6738], [-8459, 6737], [-8454, 6734], [-8454, 6725], [-8443, 6721], [-8445, 6718], [-8440, 6716], [-8436, 6718], [-8432, 6715], [-8424, 6715], [-8417, 6714], [-8408, 6714], [-8404, 6709], [-8397, 6708], [-8395, 6701], [-8400, 6694], [-8407, 6690], [-8399, 6686], [-8398, 6684], [-8401, 6675], [-8399, 6671], [-8405, 6669], [-8402, 6659], [-8409, 6658], [-8413, 6661], [-8419, 6662], [-8423, 6666], [-8431, 6667], [-8438, 6671], [-8440, 6666], [-8446, 6664], [-8453, 6663], [-8452, 6654], [-8446, 6643], [-8449, 6639], [-8444, 6632], [-8438, 6633], [-8433, 6628], [-8424, 6626], [-8424, 6629], [-8413, 6632], [-8410, 6628], [-8413, 6620], [-8408, 6616], [-8403, 6618], [-8398, 6618], [-8391, 6607], [-8385, 6608], [-8386, 6613], [-8376, 6610], [-8372, 6611], [-8373, 6617], [-8365, 6618], [-8360, 6622], [-8362, 6627], [-8360, 6630], [-8362, 6634], [-8357, 6642], [-8351, 6640], [-8342, 6642], [-8337, 6648], [-8338, 6653], [-8333, 6654], [-8324, 6650], [-8320, 6645], [-8319, 6640], [-8311, 6632], [-8316, 6630], [-8326, 6633], [-8331, 6629], [-8323, 6623], [-8317, 6614], [-8321, 6608], [-8314, 6602], [-8317, 6598], [-8321, 6604], [-8327, 6608], [-8334, 6602], [-8326, 6593], [-8323, 6582], [-8328, 6581], [-8322, 6572], [-8322, 6568], [-8325, 6567], [-8331, 6571], [-8333, 6568], [-8340, 6565], [-8337, 6558], [-8338, 6555], [-8334, 6551], [-8329, 6551], [-8323, 6545], [-8326, 6543], [-8320, 6540], [-8312, 6541], [-8312, 6543], [-8318, 6558], [-8311, 6561], [-8310, 6557], [-8305, 6552], [-8299, 6552], [-8292, 6548], [-8288, 6542], [-8291, 6536], [-8275, 6530], [-8273, 6535], [-8266, 6532], [-8263, 6536], [-8259, 6537], [-8249, 6536], [-8246, 6533], [-8239, 6536], [-8235, 6533], [-8239, 6528], [-8237, 6522], [-8234, 6521], [-8231, 6528], [-8222, 6527], [-8220, 6531], [-8210, 6524], [-8207, 6523], [-8205, 6519], [-8200, 6518], [-8198, 6515], [-8203, 6509], [-8199, 6506], [-8193, 6504], [-8191, 6507], [-8185, 6505], [-8185, 6500], [-8180, 6499], [-8177, 6494], [-8164, 6491], [-8159, 6494], [-8152, 6489], [-8145, 6487], [-8143, 6489], [-8144, 6495], [-8134, 6493], [-8130, 6495], [-8125, 6492], [-8117, 6492], [-8117, 6489], [-8110, 6485], [-8106, 6481], [-8106, 6476], [-8103, 6476], [-8097, 6469], [-8091, 6473], [-8085, 6476], [-8080, 6482], [-8070, 6481], [-8063, 6491], [-8066, 6493], [-8066, 6498], [-8072, 6504], [-8071, 6521], [-8063, 6519], [-8057, 6521], [-8063, 6527], [-8064, 6532], [-8059, 6533], [-8060, 6538], [-8050, 6539], [-8048, 6541], [-8053, 6545], [-8055, 6555], [-8053, 6561], [-8048, 6562], [-8049, 6568], [-8042, 6572], [-8046, 6581], [-8046, 6587], [-8054, 6595], [-8052, 6597], [-8047, 6598], [-8047, 6607], [-8043, 6610], [-8043, 6614], [-8032, 6615], [-8026, 6614], [-8020, 6614], [-8018, 6617], [-8012, 6620], [-8005, 6618], [-7998, 6620], [-7993, 6619], [-7993, 6623], [-7985, 6624], [-7983, 6628], [-7977, 6629], [-7977, 6622], [-7980, 6620], [-7974, 6618], [-7969, 6614], [-7960, 6613], [-7952, 6608], [-7956, 6604], [-7979, 6604], [-7984, 6603], [-7997, 6602], [-8009, 6601], [-8027, 6596], [-8033, 6593], [-8040, 6581], [-8037, 6578], [-8030, 6573], [-8029, 6568], [-8023, 6567], [-8012, 6563], [-8006, 6564], [-7996, 6555], [-7989, 6539], [-7990, 6534], [-7984, 6529], [-7991, 6529], [-7999, 6533], [-8007, 6533], [-8008, 6531], [-8004, 6522], [-7969, 6522], [-7883, 6522], [-7840, 6522], [-7753, 6522], [-7668, 6522], [-7581, 6522], [-7494, 6522], [-7405, 6522], [-7316, 6522], [-7271, 6522], [-7190, 6522], [-7163, 6522], [-7163, 6479], [-7163, 6449], [-7171, 6448], [-7181, 6454], [-7180, 6460], [-7201, 6457], [-7208, 6452], [-7215, 6453], [-7224, 6453], [-7228, 6451], [-7236, 6450], [-7238, 6454], [-7241, 6454], [-7247, 6450], [-7247, 6447], [-7254, 6448], [-7262, 6445], [-7263, 6443], [-7270, 6441], [-7277, 6435], [-7290, 6433], [-7302, 6430], [-7306, 6432], [-7305, 6437], [-7311, 6436], [-7309, 6431], [-7312, 6429], [-7321, 6432], [-7328, 6435], [-7335, 6433], [-7348, 6426], [-7352, 6426], [-7355, 6422]]], [[[-7972, 6899], [-7977, 6894], [-7978, 6890], [-7985, 6886], [-7997, 6892], [-8005, 6892], [-8009, 6882], [-8005, 6876], [-8016, 6874], [-8014, 6870], [-8003, 6864], [-7999, 6861], [-7998, 6858], [-7993, 6856], [-7996, 6852], [-8004, 6855], [-8007, 6853], [-8017, 6849], [-8025, 6851], [-8028, 6849], [-8035, 6849], [-8042, 6853], [-8046, 6857], [-8056, 6864], [-8062, 6865], [-8065, 6868], [-8078, 6873], [-8089, 6873], [-8087, 6868], [-8094, 6866], [-8098, 6863], [-8124, 6865], [-8126, 6868], [-8125, 6872], [-8122, 6876], [-8141, 6887], [-8143, 6889], [-8150, 6891], [-8154, 6890], [-8162, 6893], [-8169, 6894], [-8170, 6890], [-8175, 6891], [-8180, 6880], [-8194, 6880], [-8198, 6876], [-8210, 6880], [-8214, 6876], [-8208, 6872], [-8207, 6867], [-8210, 6865], [-8222, 6865], [-8228, 6867], [-8235, 6866], [-8240, 6863], [-8251, 6874], [-8258, 6878], [-8260, 6890], [-8269, 6891], [-8274, 6890], [-8282, 6892], [-8287, 6890], [-8297, 6897], [-8305, 6896], [-8311, 6899], [-8283, 6899], [-8185, 6899], [-8122, 6899], [-8028, 6899], [-7972, 6899]]]]}, "type": "Feature", "properties": {"feduid": "24039", "name": "Manicouagan", "prname": "Quebec / Qubec", "fedfname": "Manicouagan", "pruid": "24", "fedename": "Manicouagan", "id": "CA.QC.24039", "fedname": "Manicouagan"}}, {"geometry": {"type": "Polygon", "coordinates": [[[-8948, 5870], [-8940, 5870], [-8934, 5869], [-8942, 5864], [-8949, 5864], [-8952, 5862], [-8956, 5866], [-8959, 5865], [-8968, 5871], [-8961, 5872], [-8958, 5874], [-8950, 5869], [-8948, 5870]]]}, "type": "Feature", "properties": {"feduid": "24037", "name": "Louis-Hbert", "prname": "Quebec / Qubec", "fedfname": "Louis-Hbert", "pruid": "24", "fedename": "Louis-Hbert", "id": "CA.QC.24037", "fedname": "Louis-Hbert"}}, {"geometry": {"type": "Polygon", "coordinates": [[[-8178, 6175], [-8177, 6159], [-8192, 6158], [-8192, 6146], [-8219, 6146], [-8220, 6145], [-8220, 6124], [-8216, 6124], [-8216, 6106], [-8276, 6091], [-8302, 6084], [-8373, 6067], [-8401, 6059], [-8386, 6042], [-8392, 6046], [-8397, 6043], [-8390, 6038], [-8417, 6031], [-8417, 6031], [-8439, 6025], [-8451, 6045], [-8488, 6035], [-8486, 6032], [-8478, 6027], [-8479, 6021], [-8523, 6021], [-8523, 6034], [-8562, 6058], [-8553, 6065], [-8564, 6073], [-8564, 6076], [-8583, 6087], [-8578, 6090], [-8574, 6090], [-8566, 6094], [-8552, 6100], [-8546, 6100], [-8540, 6102], [-8537, 6105], [-8532, 6104], [-8524, 6107], [-8515, 6113], [-8509, 6115], [-8491, 6120], [-8479, 6124], [-8471, 6128], [-8465, 6128], [-8451, 6134], [-8440, 6135], [-8439, 6136], [-8424, 6139], [-8386, 6153], [-8381, 6153], [-8372, 6158], [-8354, 6160], [-8348, 6163], [-8338, 6163], [-8333, 6166], [-8308, 6171], [-8274, 6175], [-8265, 6174], [-8260, 6175], [-8247, 6176], [-8245, 6175], [-8237, 6177], [-8223, 6179], [-8196, 6178], [-8188, 6176], [-8178, 6175]]]}, "type": "Feature", "properties": {"feduid": "24041", "name": "Haute-Gaspsie - La Mitis - Matane - Matapdia", "prname": "Quebec / Qubec", "fedfname": "Haute-Gaspsie - La Mitis - Matane - Matapdia", "pruid": "24", "fedename": "Haute-Gaspsie - La Mitis - Matane - Matapdia", "id": "CA.QC.24041", "fedname": "Haute-Gaspsie - La Mitis - Matane - Matapdia"}}, {"geometry": {"type": "Polygon", "coordinates": [[[-8930, 5888], [-8929, 5877], [-8930, 5874], [-8936, 5873], [-8939, 5875], [-8934, 5879], [-8942, 5888], [-8934, 5892], [-8930, 5888]]]}, "type": "Feature", "properties": {"feduid": "24007", "name": "Beauport - Limoilou", "prname": "Quebec / Qubec", "fedfname": "Beauport - Limoilou", "pruid": "24", "fedename": "Beauport - Limoilou", "id": "CA.QC.24007", "fedname": "Beauport - Limoilou"}}, {"geometry": {"type": "Polygon", "coordinates": [[[-8922, 5675], [-8935, 5676], [-8942, 5682], [-8951, 5676], [-8958, 5674], [-8956, 5670], [-8961, 5662], [-8959, 5661], [-8969, 5650], [-8969, 5646], [-9044, 5645], [-9061, 5645], [-9066, 5653], [-9066, 5661], [-9062, 5665], [-9044, 5665], [-9044, 5693], [-9040, 5695], [-9040, 5700], [-9028, 5700], [-9029, 5693], [-9021, 5691], [-9020, 5692], [-9009, 5694], [-9009, 5701], [-9015, 5701], [-9018, 5703], [-9016, 5707], [-9021, 5710], [-9003, 5726], [-8996, 5722], [-8995, 5725], [-8983, 5734], [-8979, 5731], [-8961, 5745], [-8932, 5725], [-8935, 5723], [-8931, 5720], [-8935, 5718], [-8926, 5712], [-8926, 5702], [-8923, 5702], [-8922, 5675]]]}, "type": "Feature", "properties": {"feduid": "24017", "name": "Compton - Stanstead", "prname": "Quebec / Qubec", "fedfname": "Compton - Stanstead", "pruid": "24", "fedename": "Compton - Stanstead", "id": "CA.QC.24017", "fedname": "Compton - Stanstead"}}, {"geometry": {"type": "Polygon", "coordinates": [[[-9224, 5706], [-9230, 5699], [-9232, 5699], [-9232, 5699], [-9231, 5703], [-9231, 5703], [-9229, 5706], [-9224, 5706]]]}, "type": "Feature", "properties": {"feduid": "24024", "name": "Jeanne-Le Ber", "prname": "Quebec / Qubec", "fedfname": "Jeanne-Le Ber", "pruid": "24", "fedename": "Jeanne-Le Ber", "id": "CA.QC.24024", "fedname": "Jeanne-Le Ber"}}, {"geometry": {"type": "MultiPolygon", "coordinates": [[[[-9221, 5704], [-9221, 5704], [-9222, 5707], [-9222, 5707], [-9222, 5707], [-9222, 5707], [-9221, 5704]]], [[[-9222, 5712], [-9212, 5709], [-9213, 5705], [-9220, 5704], [-9222, 5712]]]]}, "type": "Feature", "properties": {"feduid": "24065", "name": "Saint-Lambert", "prname": "Quebec / Qubec", "fedfname": "Saint-Lambert", "pruid": "24", "fedename": "Saint-Lambert", "id": "CA.QC.24065", "fedname": "Saint-Lambert"}}, {"geometry": {"type": "Polygon", "coordinates": [[[-9084, 5821], [-9090, 5819], [-9101, 5810], [-9108, 5815], [-9114, 5811], [-9118, 5816], [-9124, 5820], [-9120, 5823], [-9116, 5822], [-9106, 5829], [-9098, 5823], [-9092, 5826], [-9084, 5821]]]}, "type": "Feature", "properties": {"feduid": "24072", "name": "Trois-Rivires", "prname": "Quebec / Qubec", "fedfname": "Trois-Rivires", "pruid": "24", "fedename": "Trois-Rivires", "id": "CA.QC.24072", "fedname": "Trois-Rivires"}}, {"geometry": {"type": "Polygon", "coordinates": [[[-9193, 5714], [-9199, 5705], [-9204, 5699], [-9213, 5705], [-9212, 5709], [-9208, 5714], [-9204, 5711], [-9202, 5717], [-9193, 5714]]]}, "type": "Feature", "properties": {"feduid": "24062", "name": "Saint-Bruno - Saint-Hubert", "prname": "Quebec / Qubec", "fedfname": "Saint-Bruno - Saint-Hubert", "pruid": "24", "fedename": "Saint-Bruno - Saint-Hubert", "id": "CA.QC.24062", "fedname": "Saint-Bruno - Saint-Hubert"}}, {"geometry": {"type": "MultiPolygon", "coordinates": [[[[-9249, 5721], [-9254, 5717], [-9258, 5721], [-9251, 5727], [-9249, 5721]]], [[[-9250, 5729], [-9258, 5722], [-9265, 5725], [-9267, 5727], [-9259, 5725], [-9256, 5730], [-9250, 5729]]]]}, "type": "Feature", "properties": {"feduid": "24040", "name": "Marc-Aurle-Fortin", "prname": "Quebec / Qubec", "fedfname": "Marc-Aurle-Fortin", "pruid": "24", "fedename": "Marc-Aurle-Fortin", "id": "CA.QC.24040", "fedname": "Marc-Aurle-Fortin"}}, {"geometry": {"type": "Polygon", "coordinates": [[[-9235, 5710], [-9235, 5706], [-9237, 5704], [-9242, 5703], [-9242, 5706], [-9238, 5711], [-9238, 5711], [-9235, 5710]]]}, "type": "Feature", "properties": {"feduid": "24044", "name": "Mont-Royal / Mount Royal", "prname": "Quebec / Qubec", "fedfname": "Mont-Royal", "pruid": "24", "fedename": "Mount Royal", "id": "CA.QC.24044", "fedname": "Mont-Royal / Mount Royal"}}, {"geometry": {"type": "MultiPolygon", "coordinates": [[[[-7727, 5965], [-7737, 5961], [-7740, 5956], [-7745, 5952], [-7749, 5944], [-7756, 5946], [-7747, 5950], [-7746, 5955], [-7741, 5957], [-7738, 5961], [-7730, 5965], [-7727, 5965]]], [[[-7702, 5975], [-7712, 5969], [-7714, 5973], [-7726, 5970], [-7730, 5967], [-7738, 5963], [-7745, 5958], [-7758, 5949], [-7758, 5945], [-7762, 5939], [-7768, 5938], [-7768, 5932], [-7764, 5925], [-7771, 5922], [-7778, 5922], [-7780, 5925], [-7774, 5931], [-7771, 5938], [-7772, 5944], [-7769, 5946], [-7759, 5949], [-7752, 5953], [-7740, 5963], [-7721, 5973], [-7702, 5975]]], [[[-8479, 6021], [-8478, 6027], [-8486, 6032], [-8488, 6035], [-8451, 6045], [-8439, 6025], [-8417, 6031], [-8417, 6031], [-8390, 6038], [-8397, 6043], [-8392, 6046], [-8386, 6042], [-8401, 6059], [-8373, 6067], [-8302, 6084], [-8276, 6091], [-8216, 6106], [-8216, 6124], [-8220, 6124], [-8220, 6145], [-8219, 6146], [-8192, 6146], [-8192, 6158], [-8177, 6159], [-8178, 6175], [-8167, 6175], [-8144, 6172], [-8131, 6169], [-8122, 6164], [-8106, 6161], [-8087, 6153], [-8066, 6140], [-8054, 6130], [-8054, 6128], [-8058, 6122], [-8075, 6127], [-8085, 6129], [-8088, 6125], [-8080, 6124], [-8075, 6121], [-8075, 6117], [-8070, 6115], [-8061, 6109], [-8057, 6105], [-8050, 6100], [-8058, 6099], [-8065, 6096], [-8064, 6090], [-8055, 6088], [-8056, 6084], [-8066, 6080], [-8071, 6073], [-8077, 6073], [-8101, 6068], [-8113, 6064], [-8115, 6059], [-8121, 6056], [-8125, 6047], [-8131, 6046], [-8136, 6044], [-8151, 6042], [-8148, 6040], [-8158, 6034], [-8174, 6026], [-8192, 6022], [-8193, 6021], [-8210, 6021], [-8213, 6025], [-8219, 6029], [-8227, 6030], [-8245, 6035], [-8255, 6036], [-8266, 6045], [-8271, 6046], [-8280, 6040], [-8285, 6035], [-8290, 6033], [-8300, 6035], [-8311, 6034], [-8314, 6029], [-8320, 6028], [-8327, 6032], [-8338, 6032], [-8342, 6031], [-8345, 6027], [-8366, 6022], [-8370, 6022], [-8377, 6020], [-8385, 6021], [-8394, 6019], [-8399, 6014], [-8401, 6007], [-8412, 6013], [-8421, 6008], [-8431, 6005], [-8442, 6008], [-8446, 6007], [-8451, 6001], [-8454, 6004], [-8465, 6009], [-8480, 6013], [-8481, 6018], [-8479, 6021]]]]}, "type": "Feature", "properties": {"feduid": "24019", "name": "Gaspsie - les-de-la-Madeleine", "prname": "Quebec / Qubec", "fedfname": "Gaspsie - les-de-la-Madeleine", "pruid": "24", "fedename": "Gaspsie - les-de-la-Madeleine", "id": "CA.QC.24019", "fedname": "Gaspsie - les-de-la-Madeleine"}}, {"geometry": {"type": "Polygon", "coordinates": [[[-9138, 5755], [-9138, 5753], [-9120, 5740], [-9117, 5742], [-9112, 5739], [-9107, 5744], [-9104, 5739], [-9071, 5719], [-9074, 5720], [-9082, 5711], [-9082, 5701], [-9088, 5701], [-9088, 5707], [-9105, 5707], [-9107, 5712], [-9116, 5712], [-9118, 5710], [-9128, 5710], [-9132, 5712], [-9134, 5704], [-9139, 5704], [-9147, 5701], [-9152, 5704], [-9166, 5704], [-9167, 5708], [-9165, 5712], [-9174, 5717], [-9173, 5718], [-9169, 5722], [-9169, 5728], [-9171, 5731], [-9168, 5736], [-9164, 5738], [-9168, 5741], [-9172, 5747], [-9167, 5750], [-9164, 5756], [-9155, 5756], [-9149, 5754], [-9145, 5755], [-9144, 5759], [-9138, 5755]]]}, "type": "Feature", "properties": {"feduid": "24063", "name": "Saint-Hyacinthe - Bagot", "prname": "Quebec / Qubec", "fedfname": "Saint-Hyacinthe - Bagot", "pruid": "24", "fedename": "Saint-Hyacinthe - Bagot", "id": "CA.QC.24063", "fedname": "Saint-Hyacinthe - Bagot"}}, {"geometry": {"type": "MultiPolygon", "coordinates": [[[[-9224, 5696], [-9224, 5696], [-9222, 5697], [-9220, 5697], [-9220, 5699], [-9221, 5704], [-9221, 5704], [-9220, 5702], [-9220, 5699], [-9220, 5698], [-9221, 5697], [-9222, 5696], [-9224, 5696]]], [[[-9204, 5699], [-9205, 5696], [-9206, 5688], [-9208, 5686], [-9215, 5681], [-9218, 5682], [-9224, 5692], [-9224, 5695], [-9221, 5696], [-9218, 5699], [-9220, 5704], [-9213, 5705], [-9204, 5699]]]]}, "type": "Feature", "properties": {"feduid": "24011", "name": "Brossard - La Prairie", "prname": "Quebec / Qubec", "fedfname": "Brossard - La Prairie", "pruid": "24", "fedename": "Brossard - La Prairie", "id": "CA.QC.24011", "fedname": "Brossard - La Prairie"}}, {"geometry": {"type": "Polygon", "coordinates": [[[-9256, 5705], [-9254, 5700], [-9274, 5695], [-9279, 5698], [-9275, 5704], [-9270, 5702], [-9265, 5706], [-9263, 5703], [-9256, 5705]]]}, "type": "Feature", "properties": {"feduid": "24027", "name": "Lac-Saint-Louis", "prname": "Quebec / Qubec", "fedfname": "Lac-Saint-Louis", "pruid": "24", "fedename": "Lac-Saint-Louis", "id": "CA.QC.24027", "fedname": "Lac-Saint-Louis"}}, {"geometry": {"type": "Polygon", "coordinates": [[[-9234, 5732], [-9243, 5732], [-9246, 5730], [-9248, 5730], [-9250, 5729], [-9256, 5730], [-9259, 5725], [-9267, 5727], [-9273, 5730], [-9268, 5734], [-9264, 5735], [-9271, 5741], [-9260, 5747], [-9248, 5739], [-9246, 5740], [-9234, 5732]]]}, "type": "Feature", "properties": {"feduid": "24071", "name": "Terrebonne - Blainville", "prname": "Quebec / Qubec", "fedfname": "Terrebonne - Blainville", "pruid": "24", "fedename": "Terrebonne - Blainville", "id": "CA.QC.24071", "fedname": "Terrebonne - Blainville"}}, {"geometry": {"type": "Polygon", "coordinates": [[[-9473, 6002], [-9473, 5991], [-9476, 5990], [-9473, 5985], [-9464, 5978], [-9460, 5974], [-9454, 5974], [-9452, 5972], [-9453, 5967], [-9446, 5964], [-9455, 5954], [-9456, 5949], [-9465, 5942], [-9467, 5938], [-9465, 5935], [-9467, 5931], [-9473, 5927], [-9478, 5921], [-9486, 5918], [-9486, 5923], [-9489, 5931], [-9497, 5929], [-9508, 5935], [-9513, 5934], [-9527, 5923], [-9536, 5920], [-9545, 5919], [-9544, 5912], [-9546, 5899], [-9552, 5896], [-9550, 5894], [-9549, 5885], [-9536, 5881], [-9529, 5880], [-9518, 5872], [-9510, 5875], [-9502, 5875], [-9502, 5842], [-9501, 5825], [-9496, 5825], [-9496, 5809], [-9510, 5809], [-9506, 5806], [-9510, 5799], [-9508, 5792], [-9504, 5792], [-9503, 5773], [-9500, 5772], [-9505, 5765], [-9500, 5759], [-9500, 5748], [-9472, 5751], [-9469, 5733], [-9454, 5734], [-9451, 5712], [-9457, 5710], [-9465, 5710], [-9474, 5707], [-9476, 5715], [-9498, 5713], [-9498, 5710], [-9503, 5710], [-9501, 5704], [-9513, 5705], [-9522, 5705], [-9520, 5695], [-9527, 5702], [-9531, 5705], [-9544, 5709], [-9558, 5710], [-9562, 5708], [-9564, 5703], [-9578, 5702], [-9587, 5706], [-9598, 5709], [-9609, 5711], [-9616, 5715], [-9618, 5717], [-9617, 5722], [-9622, 5728], [-9619, 5731], [-9622, 5735], [-9626, 5735], [-9631, 5743], [-9629, 5746], [-9631, 5754], [-9645, 5757], [-9649, 5756], [-9649, 5751], [-9647, 5746], [-9650, 5744], [-9657, 5743], [-9665, 5746], [-9669, 5749], [-9682, 5753], [-9693, 5764], [-9693, 5771], [-9704, 5777], [-9707, 5779], [-9729, 5790], [-9742, 5795], [-9745, 5793], [-9765, 5796], [-9766, 5803], [-9764, 5809], [-9760, 5815], [-9756, 5817], [-9751, 5821], [-9756, 5827], [-9754, 5834], [-9757, 5842], [-9757, 5846], [-9766, 5850], [-9766, 5852], [-9761, 5859], [-9763, 5869], [-9761, 5872], [-9769, 5874], [-9770, 5881], [-9764, 5886], [-9765, 5900], [-9762, 5903], [-9764, 5907], [-9766, 5925], [-9771, 5926], [-9775, 5929], [-9740, 5929], [-9740, 5932], [-9713, 5932], [-9713, 5914], [-9659, 5914], [-9659, 5932], [-9605, 5932], [-9605, 5971], [-9586, 5960], [-9584, 5966], [-9586, 5971], [-9591, 5974], [-9584, 5977], [-9576, 5978], [-9564, 5984], [-9563, 5986], [-9555, 5987], [-9553, 5985], [-9546, 5986], [-9535, 5986], [-9531, 5989], [-9530, 5993], [-9524, 5996], [-9522, 5995], [-9515, 5996], [-9512, 5992], [-9514, 5985], [-9507, 5983], [-9504, 5998], [-9499, 6002], [-9473, 6002]]]}, "type": "Feature", "properties": {"feduid": "24050", "name": "Pontiac", "prname": "Quebec / Qubec", "fedfname": "Pontiac", "pruid": "24", "fedename": "Pontiac", "id": "CA.QC.24050", "fedname": "Pontiac"}}, {"geometry": {"type": "Polygon", "coordinates": [[[-9214, 5763], [-9215, 5758], [-9220, 5757], [-9224, 5755], [-9227, 5749], [-9226, 5744], [-9223, 5739], [-9218, 5734], [-9223, 5732], [-9234, 5732], [-9246, 5740], [-9248, 5739], [-9260, 5747], [-9258, 5748], [-9270, 5756], [-9276, 5762], [-9274, 5763], [-9279, 5767], [-9272, 5772], [-9266, 5774], [-9256, 5767], [-9246, 5774], [-9239, 5771], [-9235, 5774], [-9228, 5774], [-9226, 5775], [-9220, 5772], [-9225, 5767], [-9214, 5763]]]}, "type": "Feature", "properties": {"feduid": "24043", "name": "Montcalm", "prname": "Quebec / Qubec", "fedfname": "Montcalm", "pruid": "24", "fedename": "Montcalm", "id": "CA.QC.24043", "fedname": "Montcalm"}}, {"geometry": {"type": "Polygon", "coordinates": [[[-9231, 5715], [-9235, 5711], [-9235, 5710], [-9238, 5711], [-9235, 5714], [-9231, 5715]]]}, "type": "Feature", "properties": {"feduid": "24048", "name": "Papineau", "prname": "Quebec / Qubec", "fedfname": "Papineau", "pruid": "24", "fedename": "Papineau", "id": "CA.QC.24048", "fedname": "Papineau"}}, {"geometry": {"type": "Polygon", "coordinates": [[[-9239, 5717], [-9237, 5717], [-9235, 5714], [-9238, 5711], [-9238, 5711], [-9246, 5712], [-9242, 5713], [-9239, 5717]]]}, "type": "Feature", "properties": {"feduid": "24002", "name": "Ahuntsic", "prname": "Quebec / Qubec", "fedfname": "Ahuntsic", "pruid": "24", "fedename": "Ahuntsic", "id": "CA.QC.24002", "fedname": "Ahuntsic"}}, {"geometry": {"type": "MultiPolygon", "coordinates": [[[[-8479, 7324], [-8473, 7321], [-8469, 7316], [-8475, 7312], [-8484, 7311], [-8489, 7316], [-8483, 7317], [-8483, 7321], [-8479, 7324]]], [[[-9853, 7355], [-9847, 7352], [-9858, 7351], [-9859, 7355], [-9853, 7355]]], [[[-9834, 7395], [-9833, 7392], [-9839, 7390], [-9842, 7390], [-9843, 7393], [-9834, 7395]]], [[[-8657, 7403], [-8652, 7401], [-8653, 7398], [-8663, 7398], [-8662, 7402], [-8657, 7403]]], [[[-8669, 7418], [-8665, 7413], [-8672, 7413], [-8669, 7418]]], [[[-8682, 7420], [-8676, 7418], [-8676, 7414], [-8670, 7409], [-8673, 7404], [-8680, 7400], [-8683, 7395], [-8689, 7397], [-8693, 7401], [-8689, 7410], [-8698, 7417], [-8685, 7421], [-8682, 7420]]], [[[-7972, 6899], [-8028, 6899], [-8122, 6899], [-8185, 6899], [-8283, 6899], [-8311, 6899], [-8323, 6909], [-8337, 6919], [-8341, 6925], [-8354, 6933], [-8363, 6933], [-8366, 6937], [-8376, 6943], [-8382, 6937], [-8377, 6933], [-8367, 6927], [-8373, 6926], [-8374, 6922], [-8372, 6919], [-8378, 6914], [-8373, 6913], [-8371, 6904], [-8364, 6903], [-8365, 6899], [-8375, 6899], [-8432, 6899], [-8436, 6902], [-8435, 6906], [-8445, 6910], [-8455, 6910], [-8462, 6907], [-8457, 6899], [-8530, 6899], [-8592, 6899], [-8655, 6899], [-8718, 6899], [-8780, 6899], [-8780, 6855], [-8780, 6799], [-8780, 6752], [-8780, 6683], [-8780, 6638], [-8784, 6638], [-8783, 6610], [-8790, 6604], [-8802, 6597], [-8802, 6594], [-8804, 6587], [-8809, 6581], [-8813, 6580], [-8815, 6575], [-8809, 6575], [-8817, 6566], [-8828, 6565], [-8846, 6561], [-8851, 6562], [-8862, 6558], [-8868, 6558], [-8872, 6555], [-8882, 6552], [-8883, 6555], [-8888, 6556], [-8911, 6549], [-8923, 6544], [-8926, 6539], [-8931, 6534], [-8939, 6529], [-8937, 6525], [-8945, 6518], [-8947, 6512], [-8950, 6511], [-8953, 6504], [-8972, 6502], [-8977, 6499], [-8978, 6491], [-8982, 6484], [-8982, 6473], [-8979, 6471], [-8980, 6466], [-8979, 6464], [-8980, 6459], [-8989, 6457], [-8992, 6453], [-8995, 6444], [-9000, 6441], [-9003, 6443], [-9014, 6441], [-9016, 6435], [-9015, 6432], [-9023, 6431], [-9026, 6427], [-9030, 6426], [-9031, 6420], [-9041, 6416], [-9049, 6406], [-9051, 6400], [-9051, 6394], [-9056, 6396], [-9055, 6400], [-9059, 6400], [-9065, 6391], [-9068, 6391], [-9070, 6386], [-9075, 6383], [-9082, 6373], [-9086, 6370], [-9097, 6365], [-9102, 6366], [-9100, 6380], [-9106, 6378], [-9110, 6369], [-9116, 6366], [-9119, 6369], [-9122, 6370], [-9125, 6375], [-9141, 6373], [-9143, 6369], [-9149, 6367], [-9149, 6361], [-9153, 6360], [-9160, 6355], [-9162, 6360], [-9174, 6366], [-9178, 6364], [-9180, 6360], [-9184, 6360], [-9188, 6357], [-9194, 6350], [-9196, 6345], [-9199, 6344], [-9202, 6338], [-9206, 6335], [-9205, 6332], [-9213, 6325], [-9214, 6319], [-9220, 6320], [-9230, 6317], [-9232, 6315], [-9237, 6306], [-9243, 6298], [-9254, 6299], [-9256, 6294], [-9254, 6292], [-9255, 6281], [-9258, 6276], [-9269, 6266], [-9271, 6259], [-9277, 6252], [-9283, 6247], [-9290, 6245], [-9293, 6243], [-9298, 6233], [-9304, 6231], [-9307, 6227], [-9306, 6223], [-9313, 6218], [-9315, 6211], [-9321, 6206], [-9326, 6209], [-9331, 6205], [-9330, 6202], [-9334, 6199], [-9332, 6192], [-9336, 6187], [-9329, 6184], [-9321, 6179], [-9312, 6182], [-9312, 6174], [-9314, 6165], [-9316, 6163], [-9316, 6157], [-9320, 6151], [-9320, 6147], [-9323, 6145], [-9323, 6138], [-9330, 6139], [-9338, 6137], [-9340, 6141], [-9344, 6143], [-9347, 6146], [-9355, 6142], [-9361, 6142], [-9367, 6146], [-9408, 6146], [-9473, 6146], [-9473, 6109], [-9473, 6060], [-9473, 6002], [-9499, 6002], [-9504, 5998], [-9507, 5983], [-9514, 5985], [-9512, 5992], [-9515, 5996], [-9522, 5995], [-9524, 5996], [-9530, 5993], [-9531, 5989], [-9535, 5986], [-9546, 5986], [-9553, 5985], [-9555, 5987], [-9563, 5986], [-9564, 5984], [-9576, 5978], [-9584, 5977], [-9591, 5974], [-9586, 5971], [-9584, 5966], [-9586, 5960], [-9605, 5971], [-9605, 5932], [-9659, 5932], [-9659, 5914], [-9713, 5914], [-9713, 5932], [-9740, 5932], [-9740, 5929], [-9775, 5929], [-9770, 5934], [-9763, 5936], [-9759, 5943], [-9755, 5945], [-9754, 5949], [-9747, 5948], [-9741, 5949], [-9736, 5947], [-9734, 5951], [-9723, 5955], [-9720, 5960], [-9715, 5963], [-9720, 5965], [-9717, 5972], [-9717, 5977], [-9711, 5984], [-9725, 5984], [-9812, 5984], [-9811, 6020], [-9822, 6020], [-9820, 6026], [-9821, 6039], [-9821, 6064], [-9819, 6063], [-9818, 6058], [-9812, 6058], [-9812, 6053], [-9798, 6053], [-9793, 6057], [-9773, 6057], [-9729, 6057], [-9729, 6084], [-9702, 6084], [-9702, 6093], [-9676, 6093], [-9675, 6097], [-9671, 6101], [-9671, 6109], [-9669, 6112], [-9674, 6123], [-9672, 6126], [-9676, 6129], [-9673, 6138], [-9666, 6142], [-9666, 6146], [-9721, 6146], [-9782, 6146], [-9838, 6146], [-9909, 6146], [-9909, 6203], [-9909, 6272], [-9974, 6272], [-9974, 6320], [-9974, 6351], [-9974, 6405], [-9974, 6455], [-9972, 6457], [-9976, 6464], [-9969, 6470], [-9963, 6472], [-9956, 6476], [-9955, 6479], [-9948, 6480], [-9945, 6477], [-9938, 6476], [-9942, 6468], [-9939, 6463], [-9931, 6462], [-9922, 6464], [-9916, 6461], [-9907, 6455], [-9906, 6447], [-9903, 6439], [-9893, 6440], [-9897, 6444], [-9879, 6458], [-9887, 6461], [-9886, 6464], [-9890, 6472], [-9894, 6477], [-9900, 6478], [-9903, 6484], [-9908, 6485], [-9909, 6489], [-9914, 6493], [-9906, 6497], [-9901, 6496], [-9891, 6500], [-9888, 6504], [-9894, 6510], [-9892, 6515], [-9874, 6519], [-9874, 6523], [-9862, 6533], [-9857, 6535], [-9852, 6542], [-9851, 6547], [-9856, 6555], [-9855, 6559], [-9848, 6563], [-9847, 6565], [-9849, 6568], [-9853, 6575], [-9848, 6580], [-9851, 6585], [-9859, 6589], [-9864, 6589], [-9876, 6593], [-9871, 6598], [-9880, 6603], [-9873, 6608], [-9883, 6614], [-9888, 6614], [-9891, 6617], [-9886, 6620], [-9881, 6617], [-9874, 6620], [-9879, 6626], [-9877, 6629], [-9886, 6630], [-9893, 6636], [-9897, 6637], [-9885, 6643], [-9888, 6648], [-9899, 6646], [-9907, 6649], [-9899, 6655], [-9906, 6658], [-9903, 6662], [-9903, 6667], [-9898, 6673], [-9897, 6681], [-9905, 6683], [-9903, 6686], [-9907, 6692], [-9902, 6696], [-9907, 6701], [-9914, 6700], [-9921, 6705], [-9924, 6711], [-9909, 6718], [-9903, 6716], [-9896, 6719], [-9905, 6720], [-9904, 6723], [-9912, 6725], [-9909, 6733], [-9920, 6736], [-9915, 6740], [-9915, 6750], [-9919, 6760], [-9909, 6760], [-9911, 6763], [-9921, 6765], [-9916, 6767], [-9917, 6773], [-9911, 6773], [-9912, 6778], [-9921, 6778], [-9926, 6785], [-9918, 6785], [-9923, 6790], [-9923, 6794], [-9938, 6794], [-9955, 6797], [-9953, 6799], [-9946, 6801], [-9950, 6805], [-9955, 6805], [-9961, 6810], [-9968, 6812], [-9966, 6816], [-9971, 6822], [-9968, 6824], [-9969, 6830], [-9973, 6833], [-9972, 6838], [-9977, 6844], [-9975, 6847], [-9984, 6852], [-9999, 6853], [-9999, 6856], [-9984, 6861], [-9982, 6863], [-9966, 6866], [-9957, 6869], [-9952, 6869], [-9940, 6872], [-9911, 6879], [-9907, 6878], [-9901, 6883], [-9889, 6888], [-9880, 6887], [-9873, 6891], [-9857, 6894], [-9846, 6899], [-9835, 6901], [-9823, 6905], [-9801, 6917], [-9788, 6921], [-9782, 6924], [-9774, 6926], [-9765, 6931], [-9757, 6933], [-9751, 6938], [-9738, 6946], [-9731, 6947], [-9712, 6959], [-9702, 6964], [-9697, 6969], [-9691, 6971], [-9683, 6976], [-9679, 6981], [-9674, 6982], [-9673, 6990], [-9658, 7000], [-9644, 7013], [-9637, 7016], [-9633, 7024], [-9623, 7027], [-9620, 7030], [-9619, 7035], [-9614, 7040], [-9615, 7049], [-9610, 7050], [-9612, 7054], [-9602, 7062], [-9599, 7071], [-9600, 7076], [-9598, 7082], [-9602, 7084], [-9603, 7089], [-9600, 7104], [-9600, 7129], [-9602, 7139], [-9605, 7143], [-9603, 7148], [-9605, 7156], [-9602, 7162], [-9605, 7166], [-9608, 7179], [-9612, 7189], [-9620, 7201], [-9623, 7206], [-9628, 7207], [-9632, 7217], [-9640, 7227], [-9639, 7233], [-9643, 7236], [-9650, 7246], [-9653, 7247], [-9658, 7253], [-9658, 7255], [-9665, 7259], [-9670, 7268], [-9677, 7270], [-9686, 7278], [-9704, 7286], [-9715, 7296], [-9723, 7300], [-9724, 7304], [-9732, 7303], [-9744, 7310], [-9749, 7310], [-9759, 7313], [-9769, 7317], [-9778, 7317], [-9791, 7322], [-9787, 7324], [-9795, 7329], [-9797, 7332], [-9803, 7331], [-9816, 7339], [-9820, 7339], [-9824, 7344], [-9837, 7343], [-9843, 7347], [-9845, 7353], [-9857, 7358], [-9851, 7360], [-9847, 7365], [-9857, 7372], [-9848, 7378], [-9854, 7381], [-9857, 7390], [-9847, 7392], [-9841, 7390], [-9839, 7388], [-9830, 7389], [-9822, 7398], [-9821, 7403], [-9824, 7407], [-9812, 7407], [-9812, 7411], [-9799, 7412], [-9807, 7420], [-9795, 7428], [-9785, 7429], [-9785, 7431], [-9774, 7435], [-9770, 7433], [-9763, 7436], [-9757, 7445], [-9750, 7448], [-9751, 7453], [-9765, 7453], [-9773, 7450], [-9770, 7464], [-9764, 7466], [-9753, 7467], [-9751, 7472], [-9753, 7477], [-9758, 7480], [-9760, 7486], [-9757, 7488], [-9740, 7489], [-9726, 7487], [-9730, 7494], [-9717, 7495], [-9720, 7497], [-9711, 7499], [-9697, 7499], [-9701, 7505], [-9708, 7511], [-9707, 7515], [-9710, 7519], [-9701, 7521], [-9698, 7530], [-9704, 7529], [-9708, 7533], [-9715, 7532], [-9732, 7532], [-9736, 7539], [-9730, 7541], [-9719, 7542], [-9729, 7548], [-9723, 7552], [-9722, 7556], [-9733, 7562], [-9733, 7567], [-9741, 7571], [-9748, 7572], [-9754, 7574], [-9746, 7584], [-9740, 7587], [-9732, 7588], [-9730, 7594], [-9733, 7597], [-9741, 7594], [-9749, 7597], [-9750, 7599], [-9758, 7600], [-9764, 7607], [-9763, 7609], [-9748, 7613], [-9739, 7620], [-9741, 7625], [-9723, 7630], [-9726, 7631], [-9741, 7627], [-9756, 7625], [-9766, 7622], [-9772, 7625], [-9783, 7623], [-9793, 7628], [-9807, 7625], [-9810, 7631], [-9808, 7634], [-9801, 7636], [-9797, 7641], [-9782, 7648], [-9782, 7651], [-9772, 7656], [-9762, 7658], [-9762, 7669], [-9754, 7675], [-9747, 7677], [-9752, 7680], [-9752, 7684], [-9755, 7687], [-9756, 7692], [-9754, 7699], [-9761, 7707], [-9758, 7710], [-9751, 7707], [-9742, 7710], [-9736, 7709], [-9729, 7711], [-9745, 7718], [-9734, 7721], [-9742, 7725], [-9750, 7726], [-9750, 7729], [-9757, 7732], [-9760, 7738], [-9780, 7737], [-9785, 7742], [-9791, 7756], [-9796, 7763], [-9794, 7765], [-9802, 7780], [-9803, 7791], [-9807, 7795], [-9805, 7806], [-9801, 7813], [-9804, 7814], [-9797, 7819], [-9795, 7822], [-9786, 7823], [-9776, 7826], [-9776, 7829], [-9761, 7831], [-9755, 7835], [-9749, 7836], [-9742, 7841], [-9731, 7843], [-9722, 7849], [-9711, 7850], [-9705, 7847], [-9697, 7847], [-9675, 7844], [-9649, 7843], [-9633, 7842], [-9613, 7837], [-9613, 7834], [-9596, 7833], [-9564, 7827], [-9546, 7824], [-9542, 7819], [-9535, 7821], [-9523, 7820], [-9517, 7817], [-9486, 7813], [-9483, 7811], [-9472, 7811], [-9466, 7814], [-9448, 7816], [-9442, 7814], [-9434, 7814], [-9417, 7811], [-9404, 7810], [-9397, 7809], [-9369, 7795], [-9366, 7796], [-9372, 7802], [-9371, 7807], [-9359, 7809], [-9346, 7807], [-9335, 7807], [-9321, 7811], [-9315, 7817], [-9309, 7818], [-9303, 7818], [-9278, 7823], [-9276, 7827], [-9266, 7833], [-9245, 7837], [-9240, 7837], [-9234, 7831], [-9227, 7827], [-9198, 7821], [-9196, 7818], [-9181, 7817], [-9181, 7811], [-9164, 7800], [-9153, 7799], [-9145, 7797], [-9140, 7791], [-9126, 7795], [-9115, 7794], [-9108, 7791], [-9109, 7782], [-9105, 7779], [-9104, 7773], [-9114, 7772], [-9110, 7769], [-9104, 7771], [-9096, 7767], [-9092, 7768], [-9084, 7765], [-9060, 7762], [-9054, 7759], [-9054, 7756], [-9048, 7753], [-9047, 7747], [-9041, 7747], [-9032, 7742], [-9006, 7738], [-8985, 7733], [-8975, 7728], [-8971, 7724], [-8982, 7721], [-9003, 7720], [-9004, 7718], [-8997, 7711], [-9015, 7706], [-9009, 7704], [-9003, 7705], [-8988, 7702], [-8987, 7699], [-8994, 7698], [-8991, 7693], [-8999, 7687], [-8986, 7686], [-8971, 7678], [-8962, 7680], [-8960, 7672], [-8953, 7670], [-8933, 7672], [-8917, 7668], [-8909, 7668], [-8897, 7666], [-8892, 7662], [-8882, 7661], [-8870, 7661], [-8851, 7654], [-8843, 7660], [-8826, 7658], [-8821, 7663], [-8812, 7664], [-8807, 7661], [-8800, 7663], [-8794, 7660], [-8800, 7652], [-8791, 7647], [-8792, 7642], [-8786, 7632], [-8779, 7632], [-8769, 7627], [-8762, 7630], [-8759, 7638], [-8754, 7639], [-8748, 7636], [-8736, 7636], [-8735, 7640], [-8741, 7646], [-8739, 7655], [-8730, 7662], [-8718, 7660], [-8711, 7647], [-8702, 7642], [-8705, 7636], [-8702, 7629], [-8708, 7628], [-8708, 7624], [-8729, 7618], [-8733, 7615], [-8741, 7614], [-8736, 7605], [-8739, 7601], [-8734, 7600], [-8744, 7594], [-8751, 7594], [-8757, 7591], [-8749, 7584], [-8749, 7577], [-8738, 7571], [-8747, 7568], [-8748, 7564], [-8738, 7562], [-8735, 7556], [-8728, 7554], [-8733, 7543], [-8733, 7536], [-8738, 7534], [-8759, 7534], [-8760, 7528], [-8753, 7528], [-8753, 7522], [-8744, 7522], [-8743, 7517], [-8747, 7514], [-8743, 7512], [-8731, 7511], [-8723, 7509], [-8729, 7506], [-8730, 7500], [-8728, 7494], [-8734, 7490], [-8730, 7486], [-8718, 7485], [-8718, 7481], [-8725, 7475], [-8735, 7474], [-8740, 7470], [-8748, 7465], [-8737, 7459], [-8735, 7453], [-8734, 7448], [-8741, 7444], [-8745, 7444], [-8750, 7441], [-8742, 7439], [-8730, 7440], [-8716, 7443], [-8711, 7446], [-8700, 7445], [-8699, 7440], [-8687, 7438], [-8684, 7431], [-8690, 7427], [-8702, 7430], [-8699, 7426], [-8706, 7425], [-8710, 7429], [-8715, 7427], [-8722, 7419], [-8702, 7416], [-8698, 7412], [-8704, 7410], [-8710, 7403], [-8714, 7404], [-8714, 7395], [-8710, 7389], [-8711, 7386], [-8721, 7386], [-8722, 7378], [-8724, 7377], [-8737, 7375], [-8742, 7378], [-8741, 7387], [-8743, 7390], [-8741, 7396], [-8753, 7398], [-8756, 7403], [-8761, 7402], [-8764, 7396], [-8757, 7394], [-8753, 7380], [-8766, 7380], [-8770, 7378], [-8785, 7376], [-8790, 7374], [-8789, 7371], [-8783, 7367], [-8773, 7372], [-8768, 7372], [-8771, 7362], [-8760, 7364], [-8754, 7362], [-8760, 7360], [-8763, 7356], [-8763, 7353], [-8754, 7350], [-8749, 7354], [-8746, 7361], [-8735, 7364], [-8734, 7368], [-8729, 7372], [-8717, 7373], [-8704, 7384], [-8691, 7386], [-8684, 7389], [-8678, 7385], [-8674, 7388], [-8661, 7389], [-8655, 7386], [-8639, 7386], [-8629, 7390], [-8622, 7388], [-8609, 7389], [-8605, 7388], [-8591, 7379], [-8579, 7378], [-8579, 7375], [-8573, 7373], [-8577, 7366], [-8571, 7361], [-8572, 7351], [-8565, 7349], [-8565, 7343], [-8561, 7341], [-8553, 7344], [-8545, 7342], [-8533, 7340], [-8530, 7348], [-8525, 7346], [-8526, 7341], [-8505, 7334], [-8494, 7332], [-8493, 7326], [-8497, 7314], [-8485, 7308], [-8470, 7307], [-8462, 7312], [-8455, 7309], [-8448, 7312], [-8447, 7314], [-8431, 7318], [-8429, 7321], [-8421, 7323], [-8415, 7321], [-8412, 7324], [-8415, 7327], [-8406, 7328], [-8401, 7335], [-8392, 7338], [-8388, 7335], [-8392, 7333], [-8386, 7329], [-8378, 7335], [-8378, 7337], [-8368, 7338], [-8364, 7336], [-8357, 7338], [-8361, 7343], [-8357, 7348], [-8355, 7353], [-8349, 7354], [-8351, 7357], [-8344, 7366], [-8335, 7366], [-8338, 7371], [-8335, 7379], [-8326, 7382], [-8307, 7375], [-8299, 7368], [-8291, 7365], [-8289, 7361], [-8282, 7364], [-8283, 7371], [-8292, 7372], [-8282, 7383], [-8278, 7384], [-8270, 7381], [-8258, 7380], [-8251, 7381], [-8251, 7384], [-8261, 7384], [-8270, 7386], [-8278, 7389], [-8257, 7396], [-8261, 7399], [-8250, 7399], [-8242, 7395], [-8238, 7399], [-8249, 7401], [-8251, 7403], [-8239, 7408], [-8231, 7406], [-8235, 7415], [-8243, 7420], [-8240, 7426], [-8245, 7427], [-8242, 7430], [-8245, 7434], [-8240, 7435], [-8227, 7430], [-8217, 7437], [-8223, 7439], [-8225, 7448], [-8215, 7447], [-8207, 7440], [-8203, 7442], [-8208, 7446], [-8204, 7451], [-8209, 7456], [-8217, 7460], [-8202, 7461], [-8202, 7463], [-8208, 7472], [-8207, 7474], [-8216, 7483], [-8220, 7489], [-8219, 7494], [-8211, 7495], [-8210, 7499], [-8200, 7502], [-8195, 7506], [-8182, 7505], [-8185, 7509], [-8175, 7514], [-8175, 7516], [-8167, 7521], [-8170, 7533], [-8158, 7535], [-8162, 7538], [-8150, 7546], [-8147, 7553], [-8148, 7558], [-8135, 7563], [-8130, 7567], [-8134, 7573], [-8122, 7571], [-8108, 7569], [-8101, 7567], [-8103, 7564], [-8119, 7563], [-8135, 7560], [-8136, 7555], [-8122, 7550], [-8121, 7547], [-8103, 7547], [-8102, 7541], [-8107, 7539], [-8120, 7540], [-8117, 7537], [-8121, 7533], [-8131, 7532], [-8140, 7534], [-8133, 7522], [-8126, 7524], [-8120, 7520], [-8111, 7520], [-8108, 7514], [-8114, 7511], [-8121, 7512], [-8131, 7504], [-8127, 7503], [-8130, 7499], [-8127, 7496], [-8128, 7492], [-8123, 7489], [-8131, 7485], [-8139, 7484], [-8140, 7481], [-8137, 7474], [-8144, 7475], [-8146, 7472], [-8133, 7470], [-8124, 7465], [-8119, 7459], [-8113, 7457], [-8102, 7459], [-8098, 7462], [-8091, 7464], [-8082, 7469], [-8068, 7465], [-8081, 7459], [-8085, 7458], [-8092, 7454], [-8095, 7447], [-8090, 7444], [-8096, 7440], [-8089, 7433], [-8093, 7425], [-8087, 7423], [-8089, 7413], [-8080, 7412], [-8073, 7409], [-8067, 7409], [-8061, 7402], [-8065, 7401], [-8076, 7401], [-8086, 7398], [-8099, 7404], [-8112, 7405], [-8114, 7410], [-8126, 7410], [-8136, 7403], [-8133, 7398], [-8131, 7390], [-8124, 7391], [-8119, 7394], [-8110, 7394], [-8105, 7389], [-8097, 7387], [-8092, 7387], [-8085, 7389], [-8070, 7389], [-8057, 7384], [-8057, 7373], [-8050, 7374], [-8045, 7369], [-8037, 7372], [-8033, 7377], [-8027, 7377], [-8015, 7380], [-8004, 7381], [-8000, 7386], [-7988, 7384], [-7982, 7382], [-7977, 7383], [-7971, 7380], [-7964, 7372], [-7966, 7368], [-7980, 7366], [-7997, 7365], [-8010, 7363], [-8017, 7364], [-8022, 7361], [-8034, 7363], [-8038, 7357], [-8041, 7355], [-8041, 7346], [-8034, 7342], [-8024, 7342], [-8016, 7347], [-8010, 7346], [-8010, 7338], [-8004, 7337], [-8013, 7329], [-8018, 7331], [-8026, 7331], [-8029, 7328], [-8031, 7322], [-8036, 7320], [-8049, 7321], [-8055, 7306], [-8059, 7304], [-8075, 7301], [-8081, 7299], [-8082, 7284], [-8068, 7283], [-8059, 7280], [-8053, 7272], [-8053, 7267], [-8048, 7266], [-8047, 7261], [-8042, 7252], [-8037, 7246], [-8027, 7252], [-8020, 7249], [-8013, 7239], [-8009, 7240], [-7995, 7233], [-7991, 7233], [-7985, 7238], [-7986, 7241], [-7977, 7243], [-7977, 7233], [-7984, 7228], [-7990, 7227], [-7999, 7224], [-7997, 7217], [-8000, 7212], [-7998, 7205], [-7991, 7203], [-7993, 7200], [-7990, 7196], [-8001, 7194], [-8003, 7191], [-8010, 7192], [-8013, 7185], [-8011, 7178], [-8004, 7183], [-7995, 7180], [-7999, 7174], [-7998, 7167], [-8005, 7159], [-8014, 7161], [-8014, 7151], [-8017, 7147], [-8016, 7141], [-8011, 7135], [-8029, 7131], [-8029, 7122], [-8038, 7121], [-8046, 7112], [-8039, 7106], [-8031, 7106], [-8034, 7100], [-8019, 7091], [-8021, 7086], [-8019, 7083], [-8012, 7081], [-8027, 7076], [-8040, 7078], [-8047, 7080], [-8050, 7078], [-8042, 7075], [-8044, 7071], [-8040, 7068], [-8042, 7065], [-8046, 7063], [-8039, 7059], [-8039, 7057], [-8031, 7058], [-8024, 7056], [-8017, 7057], [-8017, 7053], [-8011, 7051], [-8028, 7046], [-8032, 7044], [-8028, 7037], [-8030, 7033], [-8019, 7037], [-8016, 7040], [-8010, 7042], [-8008, 7037], [-8004, 7035], [-8007, 7030], [-7994, 7033], [-7982, 7027], [-7975, 7027], [-7965, 7029], [-7958, 7028], [-7966, 7025], [-7973, 7025], [-7982, 7020], [-7994, 7015], [-8002, 7016], [-8008, 7009], [-7999, 7006], [-8000, 6999], [-7987, 6994], [-7993, 6990], [-7992, 6981], [-7986, 6981], [-7988, 6975], [-7986, 6967], [-7989, 6963], [-8000, 6959], [-8000, 6957], [-7995, 6954], [-7986, 6952], [-7975, 6952], [-7962, 6953], [-7959, 6951], [-7952, 6950], [-7942, 6951], [-7943, 6945], [-7958, 6942], [-7972, 6942], [-7970, 6938], [-7983, 6935], [-7984, 6930], [-7966, 6928], [-7960, 6931], [-7955, 6929], [-7957, 6925], [-7973, 6922], [-7970, 6919], [-7979, 6910], [-7978, 6907], [-7972, 6903], [-7972, 6899]]]]}, "type": "Feature", "properties": {"feduid": "24046", "name": "Abitibi - Baie-James - Nunavik - Eeyou", "prname": "Quebec / Qubec", "fedfname": "Abitibi - Baie-James - Nunavik - Eeyou", "pruid": "24", "fedename": "Abitibi - Baie-James - Nunavik - Eeyou", "id": "CA.QC.24046", "fedname": "Abitibi - Baie-James - Nunavik - Eeyou"}}], "ac-tx": {"default": {"crs": "wsg84", "scale": 125.43439658943315, "xoffset": 0, "yoffset": 0}}}