{"crs": {"type": "name", "properties": {"name": "urn:ogc:def:crs:EPSG:32631"}}, "ac-tx": {"default": {"crs": "+proj=utm +zone=31 +datum=WGS84 +units=m +no_defs", "scale": 1}}, "arcs": [[[4650, 4142], [28, 57], [-19, 9], [-10, 3], [-20, 5], [-326, 45], [-66, 15], [-29, 10], [-26, 10], [-22, 12], [-20, 13], [-12, 12], [-11, 13], [-14, 33], [-5, 27], [8, 80], [6, 18], [17, 55], [21, 39], [28, 33], [4, 10], [1, 10], [-4, 11], [-14, 13], [-11, 6], [-11, 4], [-96, 23], [-24, 8], [-16, 7], [-20, 11], [-20, 12], [-16, 14], [-6, 9], [-14, 34], [-9, 52], [2, 92], [16, 54], [48, 70], [30, 11], [24, 7], [16, 3], [53, 4], [77, 3], [122, -2], [19, 2], [17, 3], [14, 3], [12, 5], [20, 9], [13, 9], [13, 21], [130, 416], [0, 22], [-29, 29], [-55, 24], [-66, 35], [-43, 34], [-6, 7], [-63, 90], [-3, 21], [3, 28], [28, 85], [25, 46], [1, 31], [-29, 79], [28, 25], [2, 1], [5, 2], [4, 7], [3, 8], [-28, 32]], [[4325, 6171], [-14, 31], [-1, 6], [6, 9], [11, 12], [25, 15], [18, 9], [18, 6], [30, 6], [33, 5], [178, 3], [52, 5], [130, 23], [28, 8], [25, 10], [23, 12], [11, 7], [6, 20], [4, 32], [-25, 115], [-46, 75], [-11, 25], [-49, 62], [-15, 13], [-20, 12], [-83, 39], [-19, 12], [-12, 13], [-3, 4], [-3, 9], [-1, 24], [7, 23], [21, 26], [39, 35], [82, 53], [9, 3], [11, 5], [70, 19]], [[4860, 6957], [156, 0], [170, 20], [165, 5], [165, 14], [512, -19], [521, 34], [177, -2], [475, -48], [784, 32], [782, 79], [1229, 68], [2, 0]], [[9998, 7140], [1, -50], [-25, -43], [-82, -81], [-29, -43], [-3, -84], [-22, -30], [-49, -30], [-50, -4], [-209, 53], [-68, 6], [-64, -10], [-63, -31], [-22, -15], [-9, -10], [-3, -32], [-13, -19], [-82, -63], [-66, -73], [3, -30], [47, -37], [221, -112], [29, -20], [10, -26], [-9, -28], [-2, -10], [-30, -35], [-40, -15], [-48, -11], [-50, -24], [-21, -26], [-20, -138], [-33, -33], [-105, -62], [-85, -77], [-58, -26], [-195, 10], [-127, -16], [-234, -48], [-53, -19], [-28, -32], [-8, -37], [12, -32], [40, -50], [26, -49], [-23, -42], [-106, -29], [-57, 1], [-64, 6], [-52, -8], [-25, -40], [4, -11], [17, -20], [-3, -9], [-199, -127], [-24, -11], [-53, -9], [-23, -8], [-63, -50], [-13, -45], [22, -45], [42, -51], [11, -27], [0, -105], [-20, -33], [-67, -63], [-109, -166], [-50, -51], [-80, -27], [-223, -29], [-38, 0], [-33, 8], [-31, 11], [-36, 8], [-35, 2], [-101, -2], [-35, -3], [-34, -11], [-28, -14], [-31, -12], [-44, -3], [-252, 11], [11, -43], [-7, -103], [-18, -44], [-11, -10], [-37, -27], [-8, -3], [6, -14], [14, -3], [16, -3], [12, -11], [-1, -25], [-41, -46], [-12, -25], [4, -14], [17, -25], [-4, -14], [-18, -9], [-55, -12], [-18, -12], [-1, -18], [0, -1]], [[6375, 4132], [-1, 0], [-1724, 10]], [[4860, 6957], [36, 10], [-14, 515], [6, 27], [12, 20], [34, 28], [64, 36], [193, 79], [-105, 50], [-38, 13], [-8, 2], [-15, 0], [-17, 4], [-16, 5], [-28, 6], [-40, 4], [-31, 1], [-160, 112], [-627, 559], [-15, 8]], [[4091, 8436], [428, 213], [237, 95], [173, 47], [45, 22], [12, 15], [-3, 18], [2, 28], [35, 46], [125, 68], [46, 42], [117, 156], [-6, 17], [-38, 28], [-4, 18], [18, 21], [28, 3], [30, -2], [28, 4], [22, 12], [25, 23], [23, 12], [32, 1], [34, -6], [24, 3], [2, 27], [-7, 21], [-21, 7], [-30, 4], [-35, 8], [-33, 13], [-23, 13], [-18, 16], [-108, 152], [-32, 90], [-2, 37], [28, 28], [79, 18], [44, 2], [74, -1], [41, 2], [8, 4], [27, 18], [17, 6], [24, -3], [18, -9], [16, -3], [19, 17], [15, 20], [23, 5], [30, -3], [38, 0], [9, -4], [5, -9], [10, -7], [24, 1], [19, 5], [29, 14], [15, 4], [114, 16], [13, -1], [28, -8], [16, -1], [20, 4], [38, 15], [23, 2], [113, -15], [30, 8], [45, 35], [11, 13], [6, 12], [9, 12], [18, 9], [35, 7], [34, -11], [33, 4], [30, 12], [52, 30], [36, 12], [31, 3], [65, -2], [33, 4], [77, 1], [38, 25], [155, -69], [65, -17], [33, -17], [25, -20], [20, -37], [27, -13], [35, -9], [38, -7], [108, -6], [27, -4], [12, -9], [31, -30], [131, -95], [556, -249], [10, -9], [44, -16], [10, -9], [8, -34], [16, -37], [24, -29], [74, -62], [46, -26], [27, -12], [40, -14], [45, -5], [43, 10], [46, 13], [38, -4], [34, -10], [37, -5], [145, -44], [118, -21], [36, -12], [26, -13], [109, -76], [22, -9], [18, -5], [14, -7], [12, -13], [17, -25], [12, -13], [6, -14], [12, -12], [27, -7], [30, -26], [23, -9], [-71, -37], [-224, -189], [-39, -73], [-20, -24], [-65, -87], [6, -38], [49, -43], [582, -403], [78, -36], [27, -3], [31, 3], [3, 0], [27, -1], [27, -12], [-33, -63], [0, -35], [13, -33], [25, -29], [33, -28], [68, -144], [-4, -48], [-70, -85], [-4, -28], [17, -19], [26, -14], [29, -12], [24, -13], [16, -18], [31, -53], [31, -18], [41, -6], [46, -4], [42, -12], [30, -31], [16, -47], [1, -39]], [[6375, 4132], [63, -395], [8, -47], [-26, -54], [-26, -19], [-65, -37], [-18, -20], [0, -14], [8, -30], [0, -15], [-25, -67], [-5, -31], [12, -38], [25, -36], [65, -67], [22, -35], [-2, -35], [-26, -30], [-34, -27], [-25, -27], [-9, -30], [-7, -97], [-42, -102], [-12, -102], [-12, -14], [-33, -31], [-8, -12], [2, -8], [2, -6], [26, -20], [37, -46], [78, -43], [29, -23], [10, -24], [-32, -218]], [[6355, 2332], [-1, 0], [-674, 3], [-43, -1], [-50, -68], [-8, -45], [22, -42], [-7, -18], [-47, -8], [-33, -10], [-103, -72], [-39, -35], [9, -39], [23, -40]], [[5404, 1957], [-587, 132], [-231, 36], [-190, 9], [-173, -2], [-155, 13], [-124, 42], [-122, 53], [-179, 37], [-146, 16], [-662, -18], [-65, 3]], [[2770, 2278], [0, 28], [0, 321], [-1, 256], [10, 257], [7, 186], [-34, 138], [-16, 15], [-19, 4], [-10, 6], [17, 40], [0, 28], [5, 14], [108, 87], [13, 28], [-14, 16], [-84, 53], [-17, 18], [-4, 19], [-1, 48]], [[2730, 3840], [59, -2], [175, -3], [62, 2], [17, 0], [37, 2], [284, 37], [53, 4], [40, 1], [20, -2], [35, -7], [28, -9], [25, -10], [88, -47], [13, -5], [15, -4], [17, -3], [18, -3], [21, -1], [99, 0], [19, -1], [16, -3], [14, -5], [12, -6], [48, -31], [24, -11], [28, -9], [31, -8], [96, -14], [14, -4], [38, -15], [15, -4], [18, -1], [80, 0], [39, -4], [90, -16], [20, -2], [19, -1], [78, 1], [55, 8], [39, 9], [29, 9], [46, 17], [26, 20], [-19, 9], [-23, 39], [44, 139], [-53, 144], [-23, 22], [-30, 20], [24, 50]], [[5532, 291], [-155, -9], [-70, -10], [-58, -18], [-41, -19], [-30, -40]], [[5178, 195], [-174, -8], [-263, -28], [-785, -43]], [[3956, 116], [2, 14], [-12, 29], [-28, 42], [-50, 36], [-10, 50], [17, 34], [72, 91], [19, 23], [9, 19], [4, 33], [-11, 92], [-3, 44], [4, 15], [10, 13], [25, 20], [17, 11], [27, 13], [8, 11], [6, 17], [-4, 30], [18, 42]], [[4076, 795], [44, 44], [-3, 31], [-6, 20], [5, 14], [12, 16], [47, 41], [27, 15], [15, 14], [52, 65], [21, 19], [15, 25], [-29, 40]], [[4276, 1139], [986, 1]], [[5262, 1140], [113, -90], [32, -66], [10, -93], [13, -174], [3, -48], [23, -147], [36, -32], [19, -2], [19, -4], [14, -4], [39, -13], [14, -74], [-13, -39], [-52, -63]], [[5532, 291], [-11, -33], [25, -11], [16, -1], [16, -5], [7, -27]], [[5585, 214], [-407, -19]], [[4076, 795], [-200, 49], [-101, 14], [-109, 3], [-179, -19], [-207, -38], [-309, -35], [-72, 1], [-55, 3], [-179, 43], [-14, 3]], [[2651, 819], [26, 17], [13, 25], [-19, 39], [-25, 33], [-14, 28], [-2, 28], [25, 67], [-6, 23], [-30, 17], [-48, 18], [-6, 2], [-36, 27], [-63, 115], [247, -1], [60, 9], [-1, 237], [0, 235], [-1, 241], [0, 159]], [[2771, 2138], [105, -10], [70, -42], [25, -20], [170, -180], [19, -41], [12, -13], [18, -13], [6, -11], [5, -31], [13, -13], [26, -15], [50, -19], [127, -80], [15, -18], [13, -10], [41, -13], [50, -43], [43, -76], [30, -70], [41, -34], [22, -8], [19, -4], [52, -20], [69, -52], [53, -37], [53, -13], [44, -33], [15, -29], [7, -7], [18, -8], [112, -41], [28, -6], [22, -1], [34, 7], [55, 14], [23, -9]], [[5706, 1257], [-6, -82], [31, -82], [157, -187], [67, -190], [63, -50], [160, -66], [50, -27], [128, -106], [1, -1]], [[6357, 466], [-12, -16], [-11, -33], [-25, -72], [-2, -99], [-2, 0], [-720, -32]], [[5262, 1140], [6, 33], [36, 31], [54, 36], [53, 13], [91, 5], [204, -1]], [[5404, 1957], [18, -30], [0, -73], [11, -14], [18, -12], [15, -16], [0, -25], [11, -19], [51, -95], [50, -54], [155, -52], [19, -11], [1, -9], [-4, -27], [72, -180], [16, -72], [-1, -1], [-2, -2], [-8, -5], [-14, -4], [-20, -1], [-24, 0], [-62, 2]], [[2771, 2138], [-1, 140]], [[6355, 2332], [-8, -52], [17, -64], [66, -60], [97, -57], [72, -59], [-9, -68], [-7, -14], [-3, -9], [-10, -4], [-71, 7], [-34, 1], [-25, -7], [-9, -18], [69, -398], [-4, -22], [-10, -16], [-27, -16], [-30, -31], [-14, -11], [-3, -11], [12, -21], [28, -18], [86, -34], [19, -16], [-13, -17], [-33, -9], [-42, -6], [-39, -9], [-85, -58], [11, -59], [44, -62], [17, -67], [-35, -68], [-9, -35], [16, -32], [25, -16], [28, -10], [34, -5], [40, -2], [20, -7], [6, -17], [11, -74], [-18, -19], [-41, -13], [-59, -26], [-38, -34], [-1, -34], [28, -68], [-7, -34], [-60, -87]], [[3956, 116], [-339, -19], [-871, -97], [-23, 33], [68, 18], [422, 48], [68, 2], [-61, 119], [-63, 122], [-84, 66], [-28, 11], [-71, 18], [-22, 8], [-7, 15], [9, 34], [-4, 17], [-21, 13], [-54, 23], [-9, 11], [-4, 18], [-24, 4], [-32, -1], [-31, 2], [-26, 7], [-27, 11], [-26, 13], [-19, 13], [-11, 17], [2, 15], [6, 13], [-1, 13], [-35, 32], [-43, 17], [-21, 19], [28, 36], [49, 32]], [[4325, 6171], [-923, 16], [-123, -22], [-114, -32], [-107, -43], [-139, -34], [-164, -19], [-205, 12], [-138, 16], [-158, 9], [-138, 3], [-184, -18], [-41, -7]], [[1891, 6052], [-1, 12], [-41, 55], [-342, 114], [-464, 154], [-276, 92], [-187, 62], [-308, 102], [-244, 82], [-26, 24], [-2, 37], [47, 167], [49, 90], [4, 63], [-24, 146], [47, 54], [178, 82], [42, 30], [11, 16], [5, 37], [7, 18], [51, 47], [-4, 18], [-27, 33], [-7, 17], [9, 32], [85, 99], [99, -27], [43, -3], [58, 0], [14, 8], [8, 19], [-2, 19], [-19, 9], [-26, 6], [-11, 15], [-2, 18], [4, 16], [12, 4], [28, 20], [19, 20], [22, 14], [14, 3], [15, -3], [71, -5], [22, -8], [16, -8], [18, -3], [9, -4], [17, -16], [5, -3], [21, 0], [35, 9], [13, 1], [100, -5], [33, -6], [8, -8], [23, -16], [24, -11], [11, 7], [4, 26], [-37, 19], [-20, 17], [-5, 18], [-1, 18], [-6, 19], [-6, 0], [-31, 7], [-9, 3], [-2, 8], [6, 20], [-4, 7], [-30, 3], [-21, -9], [-12, -2], [-3, 24], [17, 4], [107, 11], [19, 7], [22, 29], [15, 9], [34, -1], [65, -15], [33, -6], [-16, 28], [-12, 55], [-60, 49], [16, 21], [34, 15], [34, 26], [31, -13], [24, -18], [-4, -9], [28, 0], [17, 4], [17, 5], [28, 3], [62, -1], [52, -8], [107, -25], [42, 37], [5, 13], [-7, 15], [-32, 16], [-7, 13], [17, 19], [36, -9], [37, -21], [21, -18], [22, 14], [23, 4], [23, -4], [22, -14], [57, 24], [-6, 21], [-31, 22], [-19, 28], [29, 30], [64, 21], [74, 15], [53, 16], [-30, 35], [4, 13], [27, 20], [42, 15], [40, 6], [1, 0], [33, 9], [19, 23], [53, -14], [63, -7], [304, -13], [-7, -10], [-7, -23], [-6, -11], [56, 2], [67, -63], [64, 11], [55, 14], [150, 16], [62, 14], [51, 8], [143, -5], [61, 2], [128, 24], [61, 7], [57, -9], [31, 10], [39, -3], [84, -19], [137, -27], [114, -4], [89, 21], [15, 7]], [[2730, 3840], [-4, 217], [-3, 150], [-3, 176], [-4, 203], [-17, 44], [-26, 39], [-67, 58], [-201, 105], [-260, 135], [-16, 13], [-62, 47], [-46, 64], [-21, 164], [-37, 46], [-56, -13], [-48, 24], [-33, 40], [-10, 33], [14, 21], [58, 43], [21, 21], [4, 16], [-1, 33], [8, 16], [5, 20], [-25, 75], [-3, 126], [-4, 177], [-2, 119]]], "transform": {"translate": [254744.4160333742, 687048.6911117546], "scale": [33.68963686289622, 68.37265406194341]}, "objects": {"features": {"type": "GeometryCollection", "geometries": [{"type": "Polygon", "properties": {"labelrank": 7, "code_hasc": "BJ.BO", "name": "Borgou", "admin": "Benin", "type_en": "Department", "region": "", "woe_id": 2344826, "longitude": 2, "woe_name": "Borgou", "fips": "BN10", "woe_label": "Borgou, BJ, Benin", "latitude": 9, "iso_a2": "BJ", "postal": "BO", "type": "Département", "id": "BJ.BO"}, "arcs": [[0, 1, 2, 3, 4]]}, {"type": "Polygon", "properties": {"labelrank": 7, "code_hasc": "BJ.AL", "name": "Alibori", "admin": "Benin", "type_en": "Department", "region": "", "woe_id": 55967672, "longitude": 2, "woe_name": "Alibori", "fips": "BN07", "woe_label": "Alibori, BJ, Benin", "latitude": 11, "iso_a2": "BJ", "postal": "AL", "type": "Département", "id": "BJ.AL"}, "arcs": [[5, 6, -3]]}, {"type": "Polygon", "properties": {"labelrank": 7, "code_hasc": "BJ.CL", "name": "Collines", "admin": "Benin", "type_en": "Department", "region": "", "woe_id": 55967670, "longitude": 2, "woe_name": "Collines", "fips": "BN11", "woe_label": "Collines, BJ, Benin", "latitude": 8, "iso_a2": "BJ", "postal": "CL", "type": "Département", "id": "BJ.CL"}, "arcs": [[7, 8, 9, 10, 11, -5]]}, {"type": "Polygon", "properties": {"labelrank": 7, "code_hasc": "BJ.AQ", "name": "Atlantique", "admin": "Benin", "type_en": "Department", "region": "", "woe_id": 2344825, "longitude": 2, "woe_name": "Atlantique", "fips": "BN09", "woe_label": "Atlantique, BJ, Benin", "latitude": 6, "iso_a2": "BJ", "postal": "AQ", "type": "Département", "id": "BJ.AQ"}, "arcs": [[12, 13, 14, 15, 16, 17]]}, {"type": "Polygon", "properties": {"labelrank": 7, "code_hasc": "BJ.LI", "name": "Littoral", "admin": "Benin", "type_en": "Department", "region": "", "woe_id": 55967673, "longitude": 2, "woe_name": "Littoral", "fips": "BN14", "woe_label": "Littoral, BJ, Benin", "latitude": 6, "iso_a2": "BJ", "postal": "LI", "type": "Département", "id": "BJ.LI"}, "arcs": [[-13, 18, 19]]}, {"type": "Polygon", "properties": {"labelrank": 7, "code_hasc": "BJ.CF", "name": "Kouffo", "admin": "Benin", "type_en": "Department", "region": "", "woe_id": 55967668, "longitude": 1, "woe_name": "Kouffo", "fips": "BN12", "woe_label": "Kouffo, BJ, Benin", "latitude": 6, "iso_a2": "BJ", "postal": "CF", "type": "Département", "id": "BJ.CF"}, "arcs": [[-16, 20, 21, 22]]}, {"type": "Polygon", "properties": {"labelrank": 7, "code_hasc": "BJ.OU", "name": "Ouémé", "admin": "Benin", "type_en": "Department", "region": "", "woe_id": 2344828, "longitude": 2, "woe_name": "Ouémé", "fips": "BN16", "woe_label": "Oueme, BJ, Benin", "latitude": 6, "iso_a2": "BJ", "postal": "OU", "type": "Département", "id": "BJ.OU"}, "arcs": [[23, 24, -19, -18, 25]]}, {"type": "Polygon", "properties": {"labelrank": 7, "code_hasc": "BJ.ZO", "name": "Zou", "admin": "Benin", "type_en": "Department", "region": "", "woe_id": 2344829, "longitude": 2, "woe_name": "Zou", "fips": "BN18", "woe_label": "Zou, BJ, Benin", "latitude": 7, "iso_a2": "BJ", "postal": "ZO", "type": "Département", "id": "BJ.ZO"}, "arcs": [[26, -26, -17, -23, 27, -10]]}, {"type": "Polygon", "properties": {"labelrank": 7, "code_hasc": "BJ.PL", "name": "Plateau", "admin": "Benin", "type_en": "Department", "region": "", "woe_id": 55967669, "longitude": 2, "woe_name": "Plateau", "fips": "BN17", "woe_label": "Plateau, BJ, Benin", "latitude": 7, "iso_a2": "BJ", "postal": "PL", "type": "Département", "id": "BJ.PL"}, "arcs": [[28, -24, -27, -9]]}, {"type": "Polygon", "properties": {"labelrank": 7, "code_hasc": "BJ.CF", "name": "Mono", "admin": "Benin", "type_en": "Department", "region": "", "woe_id": 2344827, "longitude": 1, "woe_name": "Mono", "fips": "BN15", "woe_label": "Mono, BJ, Benin", "latitude": 6, "iso_a2": "BJ", "postal": "CF", "type": "Département", "id": "BJ.1764"}, "arcs": [[-15, 29, -21]]}, {"type": "Polygon", "properties": {"labelrank": 7, "code_hasc": "BJ.AK", "name": "Atakora", "admin": "Benin", "type_en": "Department", "region": "", "woe_id": 2344824, "longitude": 1, "woe_name": "Atakora", "fips": "BN08", "woe_label": "Atakora, BJ, Benin", "latitude": 10, "iso_a2": "BJ", "postal": "AK", "type": "Département", "id": "BJ.AK"}, "arcs": [[-2, 30, 31, -6]]}, {"type": "Polygon", "properties": {"labelrank": 7, "code_hasc": "BJ.DO", "name": "Donga", "admin": "Benin", "type_en": "Department", "region": "", "woe_id": 55967671, "longitude": 1, "woe_name": "Donga", "fips": "BN13", "woe_label": "", "latitude": 9, "iso_a2": "BJ", "postal": "DO", "type": "Département", "id": "BJ.DO"}, "arcs": [[-1, -12, 32, -31]]}]}}, "bbox": [254744.4160333742, 687048.6911117546, 591607.0950254735, 1370706.8590771267], "type": "Topology"}