{"crs": {"type": "name", "properties": {"name": "urn:ogc:def:crs:EPSG:4326"}}, "ac-tx": {"default": {"crs": "wsg84", "scale": 74.19020935735847, "xoffset": 0, "yoffset": 0}}, "arcs": [[[3493, 7371], [10, 134], [-511, 577], [-160, 13], [-200, -254], [-280, 0], [-891, -134], [-280, 174], [-241, 844], [-330, 201], [-160, -187], [-450, 281], [370, 496], [-240, 268], [160, 54], [851, 67], [280, 94], [490, -68], [361, -227], [340, -108], [240, 54], [340, -121], [341, -469], [210, -228], [-40, -174], [190, -80], [-70, -188], [190, -201], [190, -429], [40, -322]], [[4243, 7438], [-400, -67], [-200, 94], [-150, -94]], [[8317, 4195], [-170, -282], [-511, -187]], [[7636, 3726], [-130, -14]], [[7506, 3712], [-250, -40], [-310, 147], [-10, -160], [-351, -67], [-220, 187]], [[6365, 3779], [30, 349], [-190, 321], [170, 322], [150, -147], [141, 147], [360, 54], [-80, -215], [220, -415], [440, 13], [50, -67], [661, 54]], [[6625, 2600], [241, -121], [340, 27], [190, 308]], [[7396, 2814], [330, -134], [51, -281]], [[7777, 2399], [-171, 0], [-190, -309], [-390, 14]], [[7026, 2104], [-461, 53], [-30, 255]], [[6535, 2412], [90, 188]], [[7777, 2399], [350, -54], [310, 308], [140, -40], [190, 349], [221, 67], [340, -27]], [[9328, 3002], [30, -255], [-300, -375], [-50, -228], [-221, -214], [-10, -309], [-200, -67], [-640, 188], [-241, -27], [-40, -147], [-490, -228]], [[7166, 1340], [-250, 214], [-110, 268], [220, 282]], [[7636, 3726], [-10, -349], [351, 94], [110, -174], [500, -40], [190, 120], [121, 402], [290, 242], [370, 13], [90, -121]], [[9648, 3913], [-320, -911]], [[7396, 2814], [-410, 268], [-30, 228], [260, 174], [380, 67], [-90, 161]], [[6075, 3109], [150, 107], [-110, 188], [250, 375]], [[6625, 2600], [-70, 295], [-170, 214], [-310, 0]], [[8317, 4195], [400, 388], [381, 27], [140, 121], [530, 161], [220, -54], [-160, -335], [171, -281], [-211, -295], [-140, -14]], [[2542, 5388], [130, 268], [260, 134], [-30, 630], [220, 375], [231, 228], [140, 348]], [[4243, 7438], [251, -402], [10, -281], [110, -469], [200, -228], [751, -40], [200, -188], [170, 0]], [[5935, 5830], [-40, -295], [200, -134], [-581, -523], [-220, -53], [-230, -268]], [[5064, 4557], [-190, -14], [-60, -214], [-811, -134], [-110, -134]], [[3893, 4061], [60, 375], [-80, 255], [-160, -40], [-350, 174], [-41, 201], [71, 281], [-261, 27], [-170, -147], [-420, 201]], [[3893, 4061], [-90, -201], [-821, -94]], [[2982, 3766], [-210, 188], [-290, -161], [-140, 26], [-401, -455], [-130, -241], [70, -336]], [[1881, 2787], [-500, -53], [-130, 321], [440, 121], [-260, 161], [-160, -134], [-471, 616], [120, 175], [471, 295], [290, 227], [370, 389], [171, -67], [170, 215], [150, 335]], [[2982, 3766], [-140, -536], [100, -322], [-210, 0], [120, -348], [190, -175], [190, 14], [80, -402]], [[3312, 1997], [-60, 13]], [[3252, 2010], [-460, -147], [-40, 120], [-460, -53], [-261, 308], [-30, 402], [-120, 147]], [[5064, 4557], [140, -175], [-50, -375], [160, -281], [-280, -175], [-340, -80], [340, -389], [100, -27]], [[5134, 3055], [-310, 27], [-180, -80], [-130, 147], [-411, -187], [-320, -402], [-40, -322], [-250, -40], [-181, -201]], [[7166, 1340], [110, -134], [140, -657], [-80, -509], [-280, -40], [-320, 201], [-60, 294], [-171, -160], [-220, 53], [-400, -80], [-30, -241], [-260, 0], [-281, 589], [0, 188], [-160, 107]], [[5154, 951], [110, 215], [250, 26], [201, 215], [140, 308], [-80, 375], [400, 295], [360, 27]], [[5935, 5830], [300, -67], [110, -188], [270, -241], [291, -80], [-60, -175], [180, -254]], [[7026, 4825], [-360, -54], [-141, -147], [-150, 147], [-170, -322], [190, -321], [-30, -349]], [[6075, 3109], [-350, -134], [-411, 134], [-180, -54]], [[5154, 951], [-120, -322], [-230, -53], [-140, 147], [-140, 402], [-311, 134], [70, 161], [-90, 148], [-300, 174], [-190, -107], [-290, 53], [-161, 322]]], "transform": {"translate": [9000, 3227], "scale": [0.0999099909990999, 0.0746074607460746]}, "objects": {"features": {"type": "GeometryCollection", "geometries": [{"type": "Polygon", "properties": {"admin_leve": "5", "localname": "大兴安岭地区 / Da Hinggan Ling", "boundary": "administrative", "id": "CN.heilongjiang.199127", "name": "Da Hinggan Ling Prefecture"}, "arcs": [[0, 1]]}, {"type": "Polygon", "properties": {"name": "Hegang City", "admin_leve": "5", "wikipedia": "en:Hegang", "localname": "鹤岗市 / Hegang", "boundary": "administrative", "id": "CN.heilongjiang.199170"}, "arcs": [[2, 3, 4, 5]]}, {"type": "Polygon", "properties": {"admin_leve": "5", "localname": "七台河 / Qitaihe", "boundary": "administrative", "id": "CN.heilongjiang.199174", "name": "Qitaihe"}, "arcs": [[6, 7, 8, 9, 10]]}, {"type": "Polygon", "properties": {"admin_leve": "5", "localname": "鸡西市", "boundary": "administrative", "id": "CN.heilongjiang.199188", "name": "Jixi"}, "arcs": [[-9, 11, 12, 13]]}, {"type": "Polygon", "properties": {"name": "Shuangyashan", "admin_leve": "5", "wikipedia": "en:Shuangyashan", "localname": "双鸭山市 / Shuangyashan", "boundary": "administrative", "id": "CN.heilongjiang.203483"}, "arcs": [[14, 15, -12, -8, 16, -4]]}, {"type": "MultiPolygon", "properties": {"name": "Jiamusi City", "admin_leve": "5", "wikipedia": "en:Jiamusi", "localname": "佳木斯市 / Jiamusi", "boundary": "administrative", "id": "CN.heilongjiang.206437"}, "arcs": [[[17, -5, -17, -7, 18]], [[-3, 19, -15]]]}, {"type": "Polygon", "properties": {"admin_leve": "5", "localname": "黑河市", "boundary": "administrative", "id": "CN.heilongjiang.2754980", "name": "Heihe City"}, "arcs": [[20, -2, 21, 22, 23, 24]]}, {"type": "Polygon", "properties": {"admin_leve": "5", "localname": "齐齐哈尔市 / Qiqihar", "boundary": "administrative", "id": "CN.heilongjiang.2755137", "name": "Qiqihar City"}, "arcs": [[25, 26, 27, -25]]}, {"type": "Polygon", "properties": {"admin_leve": "5", "localname": "大庆市", "boundary": "administrative", "id": "CN.heilongjiang.2755197", "name": "Daqing City"}, "arcs": [[28, 29, 30, -27]]}, {"type": "Polygon", "properties": {"admin_leve": "5", "localname": "绥化市 / Suihua", "boundary": "administrative", "id": "CN.heilongjiang.2755376", "name": "Suihua City"}, "arcs": [[-26, -24, 31, 32, -29]]}, {"type": "Polygon", "properties": {"admin_leve": "5", "localname": "牡丹江市 / Mudanjiang", "boundary": "administrative", "id": "CN.heilongjiang.2755604", "name": "Mudanjiang City"}, "arcs": [[-10, -14, 33, 34]]}, {"type": "Polygon", "properties": {"admin_leve": "5", "localname": "伊春市 / Yichun", "boundary": "administrative", "id": "CN.heilongjiang.2755605", "name": "Yichun City"}, "arcs": [[-23, 35, 36, -18, 37, -32]]}, {"type": "Polygon", "properties": {"name": "Harbin City", "admin_leve": "5", "wikipedia": "en:Harbin", "localname": "哈尔滨市 / Harbin", "boundary": "administrative", "id": "CN.heilongjiang.2755608"}, "arcs": [[-33, -38, -19, -11, -35, 38, -30]]}]}}, "bbox": [9000, 3227, 9999, 3973], "type": "Topology"}