{"crs": {"type": "name", "properties": {"name": "urn:ogc:def:crs:EPSG:4326"}}, "ac-tx": {"default": {"crs": "wsg84", "scale": 92.88725906889924, "xoffset": 0, "yoffset": 0}}, "arcs": [[[5506, 1024], [435, -162]], [[5941, 862], [217, -862], [-905, 134]], [[5253, 134], [-182, 917]], [[5071, 1051], [435, -27]], [[4564, 1051], [507, 0]], [[5253, 134], [-1413, 405]], [[3840, 539], [724, 512]], [[6195, 2290], [1159, -161], [290, -270], [-73, -728], [-362, -242], [-1268, -27]], [[5506, 1024], [73, 458], [616, 808]], [[4456, 2102], [108, -1051]], [[3840, 539], [-471, 431], [-616, -27], [-544, 404], [508, 728]], [[2717, 2075], [1739, 27]], [[5035, 3045], [906, 135]], [[5941, 3180], [254, -890]], [[4456, 2102], [-145, 269], [724, 674]], [[1992, 4204], [652, -270], [978, -80]], [[3622, 3854], [906, -189], [507, -620]], [[2717, 2075], [-435, 808], [-471, 297], [435, 350], [-580, 539]], [[1666, 4069], [326, 135]], [[1666, 4069], [-761, 135], [-905, 943], [2065, 728], [470, -54]], [[2535, 5821], [508, -862], [-435, -566], [-616, -189]], [[3079, 5902], [1051, 81], [362, -351]], [[4492, 5632], [217, -215], [-1123, -593], [145, -216]], [[3731, 4608], [-109, -754]], [[2535, 5821], [544, 81]], [[6158, 9810], [-72, -728]], [[6086, 9082], [-399, -323], [-942, 539]], [[4745, 9298], [1413, 512]], [[6158, 9810], [978, 189], [254, -647]], [[7390, 9352], [-1304, -270]], [[7390, 9352], [254, -378], [-942, -835]], [[6702, 8139], [-254, 135]], [[6448, 8274], [-1992, 539]], [[4456, 8813], [289, 485]], [[6448, 8274], [-181, -351], [-942, -54]], [[5325, 7869], [-145, 351]], [[5180, 8220], [-1123, 161]], [[4057, 8381], [399, 432]], [[5325, 7869], [36, -242]], [[5361, 7627], [-724, -216]], [[4637, 7411], [543, 809]], [[5180, 6926], [507, 539]], [[5687, 7465], [363, -54]], [[6050, 7411], [1159, -377]], [[7209, 7034], [-217, -458], [434, -297], [-1268, -916]], [[6158, 5363], [-434, 81]], [[5724, 5444], [-580, 1347]], [[5144, 6791], [36, 135]], [[6702, 8139], [-652, -728]], [[5687, 7465], [-326, 162]], [[4637, 7411], [-725, 404]], [[3912, 7815], [145, 566]], [[5180, 6926], [-1232, 350]], [[3948, 7276], [-36, 539]], [[7209, 7034], [1159, -27], [833, -512], [798, -216], [-1087, -701], [-254, -619], [290, -432], [-1485, -161], [-942, 107]], [[6521, 4473], [289, 378], [-579, 431]], [[6231, 5282], [-73, 81]], [[3079, 5902], [616, 269], [253, 1105]], [[5144, 6791], [-471, -1105]], [[4673, 5686], [-181, -54]], [[3731, 4608], [1884, -162], [-326, 486], [942, 350]], [[6521, 4473], [145, -808], [-725, -485]], [[5724, 5444], [-689, -162], [-362, 404]]], "transform": {"translate": [9723, 3284], "scale": [0.0276027602760276, 0.0371037103710371]}, "objects": {"features": {"type": "GeometryCollection", "geometries": [{"type": "Polygon", "properties": {"name": "Jingyuan County", "admin_leve": "6", "wikipedia": "zh:泾源县", "localname": "泾源县 (Jingyuan)", "boundary": "administrative", "id": "CN.ningxia.2700340"}, "arcs": [[0, 1, 2, 3]]}, {"type": "Polygon", "properties": {"name": "Longde County", "admin_leve": "6", "wikipedia": "zh:隆德县", "localname": "隆德县 (Longde)", "boundary": "administrative", "id": "CN.ningxia.2700341"}, "arcs": [[4, -3, 5, 6]]}, {"type": "Polygon", "properties": {"name": "Pengyang County", "admin_leve": "6", "wikipedia": "zh:彭阳县", "localname": "彭阳县 / Pengyang", "boundary": "administrative", "id": "CN.ningxia.2793580"}, "arcs": [[7, -1, 8]]}, {"type": "Polygon", "properties": {"name": "Xiji County", "admin_leve": "6", "wikipedia": "zh:西吉县", "localname": "西吉县 / Xiji", "boundary": "administrative", "id": "CN.ningxia.2793581"}, "arcs": [[9, -7, 10, 11]]}, {"type": "Polygon", "properties": {"name": "Yuanzhou District", "admin_leve": "6", "wikipedia": "zh:原州区", "localname": "原州区 / Yuanzhou", "boundary": "administrative", "id": "CN.ningxia.2793582"}, "arcs": [[12, 13, -9, -4, -5, -10, 14]]}, {"type": "Polygon", "properties": {"name": "Haiyuan County", "admin_leve": "6", "wikipedia": "zh:海原县", "localname": "海原县 / Haiyuan", "boundary": "administrative", "id": "CN.ningxia.2793619"}, "arcs": [[15, 16, -15, -12, 17, 18]]}, {"type": "Polygon", "properties": {"name": "Shapotou District", "admin_leve": "6", "wikipedia": "zh:沙坡头区", "localname": "沙坡头区", "boundary": "administrative", "id": "CN.ningxia.2793620"}, "arcs": [[-19, 19, 20]]}, {"type": "Polygon", "properties": {"name": "Zhongning County", "admin_leve": "6", "wikipedia": "zh:中宁县", "localname": "中宁县 / Zhongning", "boundary": "administrative", "id": "CN.ningxia.2793621"}, "arcs": [[21, 22, 23, -16, -21, 24]]}, {"type": "Polygon", "properties": {"name": "Dawukou District", "admin_leve": "6", "wikipedia": "en:Dawukou District", "localname": "大武口区 (Dawukou)", "boundary": "administrative", "id": "CN.ningxia.3307095"}, "arcs": [[25, 26, 27]]}, {"type": "Polygon", "properties": {"name": "Huinong District", "admin_leve": "6", "wikipedia": "en:Huinong District", "localname": "惠农区 (Huinong)", "boundary": "administrative", "id": "CN.ningxia.3307096"}, "arcs": [[28, 29, -26]]}, {"type": "Polygon", "properties": {"name": "Pingluo County", "admin_leve": "6", "wikipedia": "en:Pingluo County", "localname": "平罗县 (Pingluo)", "boundary": "administrative", "id": "CN.ningxia.3307097"}, "arcs": [[-30, 30, 31, 32, 33, -27]]}, {"type": "Polygon", "properties": {"name": "Helan County", "admin_leve": "6", "wikipedia": "en:Helan County", "localname": "贺兰县 (Helan)", "boundary": "administrative", "id": "CN.ningxia.3307199"}, "arcs": [[-33, 34, 35, 36, 37]]}, {"type": "Polygon", "properties": {"name": "Jinfeng District", "admin_leve": "6", "wikipedia": "en:Jinfeng District", "localname": "金凤区 (Jinfeng)", "boundary": "administrative", "id": "CN.ningxia.3307200"}, "arcs": [[-36, 38, 39, 40]]}, {"type": "Polygon", "properties": {"name": "Lingwu City", "admin_leve": "6", "wikipedia": "zh:灵武市", "localname": "灵武市 (Lingwu)", "boundary": "administrative", "id": "CN.ningxia.3307201"}, "arcs": [[41, 42, 43, 44, 45, 46, 47]]}, {"type": "Polygon", "properties": {"name": "Xingqing District", "admin_leve": "6", "wikipedia": "en:Xingqing District", "localname": "兴庆区 (Xingqing)", "boundary": "administrative", "id": "CN.ningxia.3307202"}, "arcs": [[-35, -32, 48, -43, 49, -39]]}, {"type": "Polygon", "properties": {"name": "Xixia District", "admin_leve": "6", "wikipedia": "en:Xixia District", "localname": "西夏区 (Xixia)", "boundary": "administrative", "id": "CN.ningxia.3307203"}, "arcs": [[-37, -41, 50, 51]]}, {"type": "Polygon", "properties": {"name": "Yongning County", "admin_leve": "6", "wikipedia": "en:Yongning County", "localname": "永宁县 (Yongning)", "boundary": "administrative", "id": "CN.ningxia.3307204"}, "arcs": [[-40, -50, -42, 52, 53, -51]]}, {"type": "Polygon", "properties": {"name": "Yanchi County", "admin_leve": "6", "wikipedia": "en:Yanchi County", "localname": "盐池县 (Yanchi)", "boundary": "administrative", "id": "CN.ningxia.3924669"}, "arcs": [[-45, 54, 55, 56]]}, {"type": "Polygon", "properties": {"name": "Qingtongxia City", "admin_leve": "6", "wikipedia": "en:Qingtongxia", "localname": "青铜峡市 (Qingtongxia)", "boundary": "administrative", "id": "CN.ningxia.4429427"}, "arcs": [[57, -53, -48, 58, 59, -22]]}, {"type": "Polygon", "properties": {"name": "Tongxin County", "admin_leve": "6", "wikipedia": "en:Tongxin County", "localname": "同心县 / Tongxin / ﺗْﻮسٍ ﺷِﯿًﺎ‎", "boundary": "administrative", "id": "CN.ningxia.4562843"}, "arcs": [[60, -56, 61, -13, -17, -24]]}, {"type": "Polygon", "properties": {"name": "Litong District", "admin_leve": "6", "wikipedia": "en:Litong District", "localname": "利通区 / Litong / لِتْو ٿُو‎", "boundary": "administrative", "id": "CN.ningxia.4563635"}, "arcs": [[62, -59, -47]]}, {"type": "Polygon", "properties": {"name": "Hongsibao District", "admin_leve": "6", "wikipedia": "zh:红寺堡区", "localname": "红寺堡区 / Hongsibao", "boundary": "administrative", "id": "CN.ningxia.4563684"}, "arcs": [[-63, -46, -57, -61, -23, -60]]}]}}, "bbox": [9723, 3284, 9999, 3655], "type": "Topology"}