{"crs": {"type": "name", "properties": {"name": "urn:ogc:def:crs:EPSG:4326"}}, "ac-tx": {"default": {"crs": "wsg84", "scale": 82.00000160736077, "xoffset": 0, "yoffset": 0}}, "arcs": [[[5098, 3351], [-220, -279], [-132, -307], [132, -56], [-22, -391], [264, -308]], [[5120, 2010], [-176, -418], [88, -336]], [[5032, 1256], [-176, -167], [-527, 0], [-132, 223], [220, 140], [66, 251], [-44, 280], [-396, 55], [-176, 224], [-66, 223], [-263, 196], [44, 307], [219, 307], [242, 28], [110, 279], [-22, 308], [-176, 56], [-44, 223], [572, -28], [329, -251]], [[4812, 3910], [-44, -475], [330, -84]], [[4065, 8267], [-132, -140], [-44, -307], [-154, -140], [-329, 28], [-242, 84], [-264, -28], [330, -698], [-44, -196]], [[3186, 6870], [-396, -56], [-373, 84], [44, 280], [-352, 223], [-88, 168], [-307, 55], [-286, -27], [-286, 223], [-198, 531], [-175, -28], [-176, 195], [-418, 224], [-175, 307], [109, 447], [308, 84], [396, -28], [373, -336], [286, -726], [242, 308], [241, -252], [154, -56], [418, 391], [527, 56], [154, -251], [0, -363], [396, 83]], [[3604, 8406], [439, 28], [22, -167]], [[4065, 8267], [286, 0], [461, 112], [66, -475], [154, -252]], [[5032, 7652], [-330, -474], [-241, 0], [-132, -168], [22, -559], [-176, -586], [-593, -307], [-286, 0]], [[3296, 5558], [-330, -84], [-176, 279], [154, 251], [242, 866]], [[3604, 8406], [43, 392], [198, 251], [374, -28], [0, 223], [329, 587], [352, 0], [220, 168], [-66, -671], [1055, -838]], [[6109, 8490], [-88, -335], [-418, -335], [110, -335]], [[5713, 7485], [-549, 28], [-132, 139]], [[5120, 2010], [154, 84], [22, 419], [219, 84], [506, -279], [132, 195], [-22, 475], [307, -84]], [[6438, 2904], [110, -111]], [[6548, 2793], [-44, -308], [286, -28], [66, -167], [-220, -335], [88, -224], [-505, 28], [-286, 196], [-132, -112], [-154, -475], [0, -447]], [[5647, 921], [-285, 84], [-330, 251]], [[5098, 3351], [308, 28], [615, 196], [176, -28]], [[6197, 3547], [88, -112], [153, -531]], [[5713, 7485], [132, -280], [-154, -139], [-154, -503], [176, -531]], [[5713, 6032], [-593, -83], [-154, -308], [286, -195], [0, -698], [-220, 0]], [[5032, 4748], [-154, 0], [-154, 307], [-307, 0], [-176, -503], [-594, -56], [-307, 280], [-44, 782]], [[6109, 8490], [417, -84], [462, -279], [132, -475], [593, -1312], [418, -1201], [65, -810]], [[8196, 4329], [-483, -112], [-154, 84], [-264, 0], [-87, 167], [-308, -83], [-44, -168]], [[6856, 4217], [-154, 84], [88, 335], [264, 503], [-22, 307], [-396, 112], [-593, -112], [-44, 167]], [[5999, 5613], [-286, 419]], [[4812, 3910], [286, 251], [-66, 587]], [[5999, 5613], [-154, -139], [88, -447], [396, -754], [-132, -140], [66, -279], [-66, -307]], [[6856, 4217], [154, -475], [110, -28], [22, -558], [285, -84], [44, -196]], [[7471, 2876], [-307, -28]], [[7164, 2848], [-198, -139], [-418, 84]], [[8196, 4329], [198, -224], [594, -279], [153, -447], [22, -223], [616, -224], [220, -670], [-220, -252], [-703, 308], [-264, 251], [-330, -251]], [[8482, 2318], [-351, 83], [-242, 447], [-418, 28]], [[8482, 2318], [506, -531], [-418, -195], [-132, -671], [-351, -56], [44, -251], [-352, -112], [0, -195], [-220, -84], [-154, -223], [-241, 446], [-374, -28], [-286, 196], [-153, 335]], [[6351, 949], [153, 196], [198, 28], [198, 223], [571, 251], [110, 112], [-22, 587], [-373, 307], [-22, 195]], [[6351, 949], [-704, -28]]], "transform": {"translate": [9544, 2522], "scale": [0.045504550455045506, 0.035803580358035804]}, "objects": {"features": {"type": "GeometryCollection", "geometries": [{"type": "Polygon", "properties": {"name": "Nanjing City", "admin_leve": "5", "wikipedia": "zh:南京市", "localname": "南京市", "boundary": "administrative", "id": "CN.jiangsu.2131524"}, "arcs": [[0, 1, 2, 3]]}, {"type": "Polygon", "properties": {"name": "Xuzhou City", "admin_leve": "5", "wikipedia": "en:Xuzhou", "localname": "徐州市 / Xuzhou", "boundary": "administrative", "id": "CN.jiangsu.3218572"}, "arcs": [[4, 5, 6]]}, {"type": "Polygon", "properties": {"name": "Suqian City", "admin_leve": "5", "wikipedia": "en:Suqian", "localname": "宿迁市 / Suqian", "boundary": "administrative", "id": "CN.jiangsu.3293941"}, "arcs": [[7, 8, 9, -5]]}, {"type": "Polygon", "properties": {"name": "Lianyungang City", "admin_leve": "5", "wikipedia": "en:Lianyungang", "localname": "连云港市", "boundary": "administrative", "id": "CN.jiangsu.3320347"}, "arcs": [[10, 11, 12, -8, -7]]}, {"type": "Polygon", "properties": {"name": "Changzhou City", "admin_leve": "5", "wikipedia": "en:Changzhou", "localname": "常州市 / Changzhou", "boundary": "administrative", "id": "CN.jiangsu.3429666"}, "arcs": [[13, 14, 15, 16, -2]]}, {"type": "Polygon", "properties": {"name": "Zhenjiang City", "admin_leve": "5", "wikipedia": "en:Zhenjiang", "localname": "镇江市 / Zhenjiang", "boundary": "administrative", "id": "CN.jiangsu.3429680"}, "arcs": [[17, 18, -14, -1]]}, {"type": "Polygon", "properties": {"name": "Huai'an City", "admin_leve": "5", "wikipedia": "en:Huai'an", "localname": "淮安市 / Huai'an", "boundary": "administrative", "id": "CN.jiangsu.3429722"}, "arcs": [[-13, 19, 20, 21, -9]]}, {"type": "Polygon", "properties": {"name": "Yancheng City", "admin_leve": "5", "wikipedia": "en:Yancheng", "localname": "盐城市 / Yancheng", "boundary": "administrative", "id": "CN.jiangsu.3473496"}, "arcs": [[-12, 22, 23, 24, 25, -20]]}, {"type": "Polygon", "properties": {"name": "Yangzhou City", "admin_leve": "5", "wikipedia": "en:Yangzhou", "localname": "扬州市 / Yangzhou", "boundary": "administrative", "id": "CN.jiangsu.4430826"}, "arcs": [[26, -21, -26, 27, -18, -4]]}, {"type": "Polygon", "properties": {"name": "Taizhou City", "admin_leve": "5", "wikipedia": "en:Taizhou, Jiangsu", "localname": "泰州市 / Taizhou", "boundary": "administrative", "id": "CN.jiangsu.4430874"}, "arcs": [[-25, 28, 29, 30, -15, -19, -28]]}, {"type": "Polygon", "properties": {"name": "Nantong City", "admin_leve": "5", "wikipedia": "en:Nantong", "localname": "南通市 / Nantong", "boundary": "administrative", "id": "CN.jiangsu.4430899"}, "arcs": [[31, 32, -29, -24]]}, {"type": "Polygon", "properties": {"name": "Suzhou City", "admin_leve": "5", "wikipedia": "en:Suzhou", "localname": "苏州市 / Suzhou", "boundary": "administrative", "id": "CN.jiangsu.4430941"}, "arcs": [[-30, -33, 33, 34]]}, {"type": "Polygon", "properties": {"name": "Wuxi City", "admin_leve": "5", "wikipedia": "en:Wuxi", "localname": "无锡市 / Wuxi", "boundary": "administrative", "id": "CN.jiangsu.4430942"}, "arcs": [[-31, -35, 35, -16]]}]}}, "bbox": [9544, 2522, 9999, 2880], "type": "Topology"}