{"crs": {"type": "name", "properties": {"name": "urn:ogc:def:crs:EPSG:32717"}}, "type": "FeatureCollection", "features": [{"geometry": {"type": "Polygon", "coordinates": [[[760, 9564], [761, 9558], [769, 9563], [774, 9556], [758, 9547], [747, 9506], [718, 9481], [705, 9471], [704, 9450], [700, 9447], [691, 9468], [683, 9466], [676, 9479], [661, 9481], [638, 9482], [646, 9497], [641, 9502], [628, 9509], [628, 9511], [628, 9512], [629, 9514], [635, 9521], [635, 9522], [635, 9525], [634, 9528], [634, 9530], [634, 9533], [635, 9535], [659, 9560], [661, 9561], [662, 9562], [665, 9565], [665, 9566], [665, 9567], [665, 9568], [663, 9571], [667, 9571], [669, 9570], [679, 9561], [693, 9546], [703, 9554], [724, 9535], [731, 9536], [736, 9550], [760, 9564]]]}, "type": "Feature", "properties": {"labelrank": 7, "code_hasc": "EC.AZ", "name": "Azuay", "admin": "Ecuador", "type_en": "Province", "region": "", "woe_id": 2345203, "longitude": -79, "woe_name": "Azuay", "fips": "EC02", "woe_label": "Azuay, EC, Ecuador", "latitude": -3, "iso_a2": "EC", "postal": "AZ", "type": "Provincia", "id": "EC.AZ"}}, {"geometry": {"type": "Polygon", "coordinates": [[[628, 9509], [641, 9502], [646, 9497], [638, 9482], [661, 9481], [665, 9467], [658, 9448], [664, 9452], [671, 9445], [665, 9430], [644, 9435], [630, 9426], [583, 9421], [572, 9470], [564, 9476], [568, 9482], [567, 9476], [570, 9482], [587, 9481], [595, 9494], [598, 9487], [613, 9511], [622, 9511], [623, 9511], [628, 9509]]]}, "type": "Feature", "properties": {"labelrank": 7, "code_hasc": "EC.EO", "name": "El Oro", "admin": "Ecuador", "type_en": "Province", "region": "", "woe_id": 2345209, "longitude": -79, "woe_name": "El Oro", "fips": "EC08", "woe_label": "El Oro, EC, Ecuador", "latitude": -3, "iso_a2": "EC", "postal": "EO", "type": "Provincia", "id": "EC.EO"}}, {"geometry": {"type": "Polygon", "coordinates": [[[700, 9447], [690, 9437], [698, 9420], [694, 9392], [699, 9385], [698, 9363], [688, 9353], [679, 9355], [660, 9324], [653, 9340], [655, 9350], [639, 9360], [620, 9355], [586, 9377], [560, 9356], [549, 9360], [564, 9386], [550, 9384], [548, 9406], [555, 9410], [566, 9406], [583, 9421], [630, 9426], [644, 9435], [665, 9430], [671, 9445], [664, 9452], [658, 9448], [665, 9467], [661, 9481], [676, 9479], [683, 9466], [691, 9468], [700, 9447]]]}, "type": "Feature", "properties": {"labelrank": 7, "code_hasc": "EC.LJ", "name": "Loja", "admin": "Ecuador", "type_en": "Province", "region": "", "woe_id": 2345213, "longitude": -79, "woe_name": "Loja", "fips": "EC12", "woe_label": "Loja, EC, Ecuador", "latitude": -4, "iso_a2": "EC", "postal": "LJ", "type": "Provincia", "id": "EC.LJ"}}, {"geometry": {"type": "Polygon", "coordinates": [[[779, 9458], [774, 9430], [766, 9413], [759, 9409], [745, 9372], [750, 9360], [746, 9347], [722, 9332], [720, 9313], [713, 9312], [703, 9297], [677, 9303], [660, 9324], [679, 9355], [688, 9353], [698, 9363], [699, 9385], [694, 9392], [698, 9420], [690, 9437], [700, 9447], [704, 9450], [705, 9471], [718, 9481], [727, 9474], [725, 9467], [730, 9457], [745, 9453], [750, 9457], [779, 9458]]]}, "type": "Feature", "properties": {"labelrank": 7, "code_hasc": "EC.ZC", "name": "Zamora Chinchipe", "admin": "Ecuador", "type_en": "Province", "region": "", "woe_id": 2345221, "longitude": -78, "woe_name": "Zamora Chinchipe", "fips": "EC20", "woe_label": "Zamora-Chinchipe, EC, Ecuador", "latitude": -3, "iso_a2": "EC", "postal": "ZC", "type": "Provincia", "id": "EC.ZC"}}, {"geometry": {"type": "MultiPolygon", "coordinates": [[[[-460, 9695], [-455, 9690], [-470, 9693], [-460, 9695]]], [[[-550, 9709], [-538, 9703], [-545, 9694], [-556, 9699], [-550, 9709]]], [[[-421, 9767], [-415, 9768], [-417, 9759], [-433, 9742], [-447, 9738], [-457, 9741], [-433, 9764], [-421, 9767]]], [[[-524, 9787], [-518, 9782], [-519, 9771], [-526, 9761], [-539, 9757], [-558, 9768], [-552, 9785], [-524, 9787]]], [[[-659, 9814], [-653, 9809], [-653, 9793], [-665, 9789], [-677, 9793], [-683, 9811], [-659, 9814]]], [[[-584, 9827], [-559, 9812], [-563, 9803], [-589, 9805], [-595, 9813], [-584, 9827]]], [[[-647, 9860], [-632, 9842], [-628, 9818], [-604, 9796], [-608, 9779], [-586, 9761], [-593, 9742], [-626, 9729], [-655, 9731], [-665, 9744], [-643, 9767], [-626, 9768], [-618, 9777], [-632, 9789], [-635, 9801], [-650, 9812], [-656, 9840], [-671, 9837], [-676, 9842], [-664, 9855], [-647, 9860]]], [[[-548, 9872], [-558, 9880], [-546, 9881], [-543, 9877], [-548, 9872]]], [[[-580, 9907], [-587, 9906], [-586, 9915], [-580, 9907]]]]}, "type": "Feature", "properties": {"labelrank": 7, "code_hasc": "EC.GA", "name": "Galápagos", "admin": "Ecuador", "type_en": "Province", "region": "", "woe_id": 2345202, "longitude": -89, "woe_name": "Galápagos", "fips": "EC01", "woe_label": "Galapagos, EC, Ecuador", "latitude": -1, "iso_a2": "EC", "postal": "GA", "type": "Provincia", "id": "EC.GA"}}, {"geometry": {"type": "Polygon", "coordinates": [[[726, 9715], [719, 9692], [724, 9684], [727, 9662], [711, 9649], [709, 9614], [697, 9603], [697, 9607], [697, 9608], [696, 9609], [692, 9608], [691, 9607], [690, 9608], [685, 9608], [687, 9612], [689, 9618], [681, 9631], [686, 9644], [673, 9665], [684, 9675], [676, 9683], [679, 9698], [674, 9702], [669, 9699], [680, 9712], [699, 9717], [712, 9711], [726, 9715]]]}, "type": "Feature", "properties": {"labelrank": 7, "code_hasc": "EC.BO", "name": "Bolivar", "admin": "Ecuador", "type_en": "Province", "region": "", "woe_id": 2345204, "longitude": -79, "woe_name": "Bolivar", "fips": "EC03", "woe_label": "Bolivar, EC, Ecuador", "latitude": -1, "iso_a2": "EC", "postal": "BO", "type": "Provincia", "id": "EC.BO"}}, {"geometry": {"type": "Polygon", "coordinates": [[[757, 9591], [768, 9584], [767, 9570], [760, 9564], [736, 9550], [731, 9536], [724, 9535], [703, 9554], [693, 9546], [679, 9561], [669, 9570], [667, 9571], [663, 9571], [657, 9569], [655, 9570], [655, 9571], [661, 9577], [664, 9579], [665, 9580], [664, 9581], [664, 9582], [664, 9582], [664, 9583], [664, 9586], [667, 9588], [672, 9592], [685, 9594], [688, 9595], [690, 9596], [693, 9598], [694, 9599], [696, 9601], [697, 9603], [717, 9582], [757, 9591]]]}, "type": "Feature", "properties": {"labelrank": 7, "code_hasc": "EC.CN", "name": "Cañar", "admin": "Ecuador", "type_en": "Province", "region": "", "woe_id": 2345205, "longitude": -78, "woe_name": "Cañar", "fips": "EC04", "woe_label": "Canar, EC, Ecuador", "latitude": -2, "iso_a2": "EC", "postal": "CN", "type": "Provincia", "id": "EC.CN"}}, {"geometry": {"type": "Polygon", "coordinates": [[[777, 9768], [772, 9741], [778, 9738], [770, 9725], [760, 9727], [748, 9719], [726, 9715], [712, 9711], [699, 9717], [680, 9712], [676, 9721], [678, 9740], [702, 9783], [706, 9779], [712, 9785], [708, 9791], [720, 9805], [743, 9772], [767, 9777], [777, 9768]]]}, "type": "Feature", "properties": {"labelrank": 7, "code_hasc": "EC.CT", "name": "Cotopaxi", "admin": "Ecuador", "type_en": "Province", "region": "", "woe_id": 2345208, "longitude": -78, "woe_name": "Cotopaxi", "fips": "EC07", "woe_label": "Cotopaxi, EC, Ecuador", "latitude": 0, "iso_a2": "EC", "postal": "CT", "type": "Provincia", "id": "EC.CT"}}, {"geometry": {"type": "MultiPolygon", "coordinates": [[[[589, 9517], [572, 9514], [578, 9546], [595, 9553], [612, 9547], [589, 9517]]], [[[620, 9556], [614, 9557], [621, 9572], [626, 9566], [620, 9556]]], [[[636, 9719], [630, 9713], [618, 9691], [617, 9686], [616, 9684], [616, 9678], [616, 9676], [617, 9672], [617, 9665], [628, 9658], [640, 9635], [642, 9635], [652, 9638], [654, 9638], [656, 9637], [658, 9636], [663, 9633], [667, 9631], [670, 9628], [685, 9608], [690, 9608], [691, 9607], [692, 9608], [695, 9609], [696, 9609], [697, 9608], [697, 9607], [697, 9603], [696, 9601], [694, 9599], [693, 9598], [690, 9596], [688, 9595], [685, 9594], [672, 9592], [667, 9588], [664, 9586], [664, 9582], [664, 9581], [665, 9580], [664, 9579], [661, 9577], [655, 9571], [655, 9570], [657, 9569], [663, 9571], [665, 9568], [665, 9567], [665, 9566], [665, 9565], [662, 9562], [635, 9535], [634, 9533], [634, 9530], [634, 9528], [635, 9525], [635, 9522], [635, 9521], [629, 9514], [628, 9512], [628, 9511], [628, 9509], [623, 9511], [622, 9511], [613, 9511], [632, 9561], [619, 9584], [616, 9608], [627, 9625], [613, 9613], [613, 9566], [602, 9559], [595, 9562], [601, 9573], [609, 9573], [598, 9574], [607, 9592], [600, 9590], [582, 9561], [571, 9559], [575, 9549], [571, 9546], [550, 9558], [542, 9568], [550, 9575], [557, 9580], [571, 9585], [576, 9593], [578, 9604], [578, 9613], [574, 9620], [570, 9623], [564, 9627], [555, 9629], [549, 9633], [546, 9638], [545, 9643], [554, 9643], [566, 9659], [569, 9658], [572, 9660], [577, 9660], [578, 9661], [577, 9667], [572, 9669], [571, 9671], [571, 9672], [571, 9672], [577, 9673], [581, 9676], [582, 9677], [582, 9677], [580, 9679], [580, 9680], [580, 9682], [580, 9683], [580, 9686], [581, 9687], [587, 9691], [588, 9698], [597, 9704], [602, 9718], [602, 9720], [603, 9721], [604, 9722], [605, 9721], [604, 9721], [604, 9720], [604, 9719], [608, 9718], [612, 9720], [618, 9724], [619, 9726], [621, 9729], [623, 9732], [624, 9733], [624, 9733], [624, 9734], [624, 9736], [625, 9736], [626, 9738], [628, 9741], [632, 9747], [633, 9748], [636, 9749], [643, 9750], [647, 9751], [651, 9752], [653, 9752], [654, 9751], [655, 9749], [654, 9746], [652, 9741], [653, 9738], [652, 9738], [650, 9735], [648, 9729], [637, 9722], [637, 9721], [636, 9719]]]]}, "type": "Feature", "properties": {"labelrank": 7, "code_hasc": "EC.GU", "name": "Guayas", "admin": "Ecuador", "type_en": "Province", "region": "", "woe_id": 2345211, "longitude": -79, "woe_name": "Guayas", "fips": "EC10", "woe_label": "Guayas, EC, Ecuador", "latitude": -1, "iso_a2": "EC", "postal": "GU", "type": "Provincia", "id": "EC.GU"}}, {"geometry": {"type": "Polygon", "coordinates": [[[702, 9783], [678, 9740], [676, 9721], [680, 9712], [669, 9699], [674, 9702], [679, 9698], [676, 9683], [684, 9675], [673, 9665], [686, 9644], [681, 9631], [689, 9618], [687, 9612], [685, 9608], [670, 9628], [667, 9631], [663, 9633], [658, 9636], [656, 9637], [654, 9638], [646, 9635], [642, 9635], [640, 9635], [628, 9658], [617, 9665], [616, 9668], [617, 9669], [617, 9671], [617, 9672], [616, 9676], [616, 9678], [616, 9684], [617, 9686], [618, 9691], [630, 9713], [636, 9718], [636, 9719], [637, 9722], [648, 9729], [653, 9738], [653, 9739], [652, 9740], [652, 9741], [654, 9751], [653, 9752], [651, 9752], [643, 9750], [645, 9755], [647, 9762], [659, 9784], [674, 9783], [672, 9771], [677, 9767], [702, 9783]]]}, "type": "Feature", "properties": {"labelrank": 7, "code_hasc": "EC.LR", "name": "Los Rios", "admin": "Ecuador", "type_en": "Province", "region": "", "woe_id": 2345214, "longitude": -79, "woe_name": "Los Rios", "fips": "EC13", "woe_label": "Los Rios, EC, Ecuador", "latitude": -1, "iso_a2": "EC", "postal": "LR", "type": "Provincia", "id": "EC.LR"}}, {"geometry": {"type": "Polygon", "coordinates": [[[646, 9841], [645, 9840], [645, 9838], [646, 9835], [666, 9822], [667, 9801], [659, 9784], [647, 9762], [645, 9755], [643, 9750], [636, 9749], [633, 9748], [632, 9747], [626, 9738], [625, 9736], [624, 9736], [624, 9735], [624, 9734], [624, 9733], [624, 9733], [623, 9732], [622, 9730], [619, 9726], [618, 9724], [612, 9720], [608, 9718], [605, 9719], [604, 9719], [604, 9720], [604, 9721], [605, 9721], [604, 9722], [602, 9720], [597, 9704], [588, 9698], [587, 9691], [581, 9687], [580, 9686], [580, 9683], [580, 9682], [580, 9680], [580, 9679], [582, 9677], [582, 9677], [581, 9676], [577, 9673], [571, 9672], [571, 9672], [571, 9671], [572, 9669], [577, 9667], [578, 9661], [577, 9660], [569, 9658], [566, 9659], [554, 9643], [550, 9642], [545, 9643], [540, 9645], [538, 9662], [512, 9660], [508, 9670], [520, 9697], [502, 9729], [512, 9740], [539, 9744], [552, 9777], [569, 9771], [559, 9775], [547, 9801], [594, 9849], [598, 9882], [600, 9878], [602, 9880], [606, 9872], [607, 9871], [608, 9871], [609, 9871], [609, 9871], [610, 9871], [611, 9873], [612, 9873], [612, 9874], [612, 9874], [613, 9876], [613, 9877], [613, 9877], [614, 9878], [614, 9878], [614, 9878], [620, 9878], [622, 9878], [624, 9879], [625, 9880], [628, 9882], [628, 9883], [629, 9883], [630, 9884], [631, 9884], [632, 9884], [633, 9883], [634, 9882], [635, 9881], [635, 9881], [635, 9881], [635, 9880], [635, 9880], [635, 9880], [634, 9879], [633, 9878], [633, 9877], [633, 9877], [633, 9877], [633, 9876], [633, 9876], [639, 9872], [639, 9872], [640, 9871], [640, 9871], [640, 9871], [639, 9870], [637, 9868], [634, 9864], [634, 9864], [634, 9863], [636, 9861], [637, 9861], [638, 9862], [639, 9862], [639, 9862], [639, 9861], [640, 9860], [640, 9859], [640, 9859], [640, 9859], [641, 9859], [643, 9860], [646, 9856], [648, 9856], [648, 9856], [649, 9856], [649, 9856], [649, 9855], [649, 9855], [646, 9852], [645, 9849], [644, 9849], [643, 9848], [643, 9847], [643, 9847], [644, 9846], [644, 9846], [644, 9845], [644, 9844], [646, 9841]]]}, "type": "Feature", "properties": {"labelrank": 7, "code_hasc": "EC.MN", "name": "Manabi", "admin": "Ecuador", "type_en": "Province", "region": "", "woe_id": 2345215, "longitude": -80, "woe_name": "Manabi", "fips": "EC14", "woe_label": "Manabi, EC, Ecuador", "latitude": 0, "iso_a2": "EC", "postal": "MN", "type": "Provincia", "id": "EC.MN"}}, {"geometry": {"type": "Polygon", "coordinates": [[[782, 9677], [781, 9666], [771, 9656], [775, 9641], [767, 9629], [772, 9617], [757, 9591], [717, 9582], [697, 9603], [709, 9614], [711, 9649], [727, 9662], [724, 9684], [733, 9688], [753, 9681], [768, 9686], [782, 9677]]]}, "type": "Feature", "properties": {"labelrank": 7, "code_hasc": "EC.CB", "name": "Chimborazo", "admin": "Ecuador", "type_en": "Province", "region": "", "woe_id": 2345207, "longitude": -78, "woe_name": "Chimborazo", "fips": "EC06", "woe_label": "Chimborazo, EC, Ecuador", "latitude": -1, "iso_a2": "EC", "postal": "CB", "type": "Provincia", "id": "EC.CB"}}, {"geometry": {"type": "Polygon", "coordinates": [[[966, 9563], [835, 9517], [799, 9476], [802, 9464], [795, 9461], [792, 9471], [784, 9474], [779, 9458], [750, 9457], [745, 9453], [730, 9457], [725, 9467], [727, 9474], [718, 9481], [747, 9506], [758, 9547], [774, 9556], [769, 9563], [761, 9558], [760, 9564], [767, 9570], [768, 9584], [757, 9591], [772, 9617], [767, 9629], [775, 9641], [771, 9656], [781, 9666], [782, 9677], [802, 9685], [812, 9679], [820, 9661], [830, 9661], [838, 9634], [852, 9622], [917, 9591], [935, 9567], [966, 9563]]]}, "type": "Feature", "properties": {"labelrank": 7, "code_hasc": "EC.MS", "name": "Morona Santiago", "admin": "Ecuador", "type_en": "Province", "region": "", "woe_id": 2345216, "longitude": -77, "woe_name": "Morona Santiago", "fips": "EC15", "woe_label": "Morona-Santiago, EC, Ecuador", "latitude": -2, "iso_a2": "EC", "postal": "MS", "type": "Provincia", "id": "EC.MS"}}, {"geometry": {"type": "Polygon", "coordinates": [[[1121, 9773], [1118, 9761], [1125, 9737], [1112, 9736], [1105, 9742], [1086, 9674], [1054, 9698], [1029, 9704], [1009, 9700], [989, 9706], [980, 9728], [951, 9724], [945, 9717], [924, 9724], [925, 9733], [927, 9742], [909, 9750], [917, 9766], [903, 9752], [867, 9740], [876, 9767], [863, 9784], [870, 9793], [886, 9788], [901, 9804], [898, 9836], [925, 9832], [938, 9835], [972, 9796], [977, 9799], [995, 9787], [1010, 9794], [1029, 9795], [1032, 9788], [1047, 9781], [1046, 9797], [1068, 9797], [1121, 9773]]]}, "type": "Feature", "properties": {"labelrank": 7, "code_hasc": "EC.NA", "name": "Orellana", "admin": "Ecuador", "type_en": "Province", "region": "", "woe_id": 20070099, "longitude": -76, "woe_name": "Orellana", "fips": "EC24", "woe_label": "Orellano, EC, Ecuador", "latitude": 0, "iso_a2": "EC", "postal": "NA", "type": "Provincia", "id": "EC.NA"}}, {"geometry": {"type": "Polygon", "coordinates": [[[710, 9872], [717, 9866], [778, 9869], [781, 9861], [796, 9857], [812, 9864], [827, 9860], [824, 9855], [839, 9846], [819, 9828], [801, 9822], [792, 9785], [785, 9771], [777, 9768], [767, 9777], [743, 9772], [720, 9805], [723, 9810], [737, 9812], [739, 9819], [734, 9826], [720, 9835], [700, 9834], [700, 9843], [671, 9848], [678, 9862], [678, 9862], [678, 9863], [677, 9864], [676, 9865], [673, 9867], [673, 9867], [673, 9868], [673, 9869], [678, 9872], [681, 9874], [695, 9877], [710, 9872]]]}, "type": "Feature", "properties": {"labelrank": 7, "code_hasc": "EC.PI", "name": "Pichincha", "admin": "Ecuador", "type_en": "Province", "region": "", "woe_id": 2345219, "longitude": -78, "woe_name": "Pichincha", "fips": "EC19", "woe_label": "Pichincha, EC, Ecuador", "latitude": 0, "iso_a2": "EC", "postal": "PI", "type": "Provincia", "id": "EC.PI"}}, {"geometry": {"type": "Polygon", "coordinates": [[[1086, 9674], [1030, 9610], [966, 9563], [935, 9567], [917, 9591], [852, 9622], [838, 9634], [830, 9661], [820, 9661], [812, 9679], [802, 9685], [808, 9708], [832, 9708], [905, 9731], [925, 9733], [924, 9724], [945, 9717], [951, 9724], [980, 9728], [989, 9706], [1009, 9700], [1029, 9704], [1054, 9698], [1086, 9674]]]}, "type": "Feature", "properties": {"labelrank": 7, "code_hasc": "EC.PA", "name": "Pastaza", "admin": "Ecuador", "type_en": "Province", "region": "", "woe_id": 2345218, "longitude": -76, "woe_name": "Pastaza", "fips": "EC17", "woe_label": "Pastaza, EC, Ecuador", "latitude": -1, "iso_a2": "EC", "postal": "PA", "type": "Provincia", "id": "EC.PA"}}, {"geometry": {"type": "Polygon", "coordinates": [[[808, 9708], [802, 9685], [782, 9677], [768, 9686], [753, 9681], [733, 9688], [724, 9684], [719, 9692], [726, 9715], [748, 9719], [760, 9727], [770, 9725], [778, 9738], [784, 9727], [783, 9716], [797, 9719], [808, 9708]]]}, "type": "Feature", "properties": {"labelrank": 7, "code_hasc": "EC.", "name": "Napo", "admin": "Ecuador", "type_en": "Province", "region": "", "woe_id": 2345220, "longitude": -78, "woe_name": "Napo", "fips": "", "woe_label": "Tungurahua, EC, Ecuador", "latitude": -1, "iso_a2": "EC", "postal": "", "type": "Provincia", "id": "EC.1076"}}, {"geometry": {"type": "Polygon", "coordinates": [[[898, 9836], [901, 9804], [886, 9788], [870, 9793], [863, 9784], [876, 9767], [867, 9740], [903, 9752], [917, 9766], [909, 9750], [927, 9742], [925, 9733], [905, 9731], [832, 9708], [808, 9708], [797, 9719], [783, 9716], [784, 9727], [778, 9738], [772, 9741], [777, 9768], [785, 9771], [792, 9785], [801, 9822], [819, 9828], [839, 9846], [849, 9834], [866, 9832], [880, 9840], [882, 9829], [888, 9828], [898, 9836]]]}, "type": "Feature", "properties": {"labelrank": 7, "code_hasc": "EC.TU", "name": "Tungurahua", "admin": "Ecuador", "type_en": "Province", "region": "", "woe_id": 2345217, "longitude": -77, "woe_name": "Tungurahua", "fips": "EC23", "woe_label": "Napo, EC, Ecuador", "latitude": 0, "iso_a2": "EC", "postal": "TU", "type": "Provincia", "id": "EC.TU"}}, {"geometry": {"type": "MultiPolygon", "coordinates": [[[[722, 9981], [716, 9977], [712, 9983], [722, 9992], [722, 9981]]], [[[746, 9982], [768, 9972], [766, 9970], [767, 9963], [763, 9954], [762, 9948], [763, 9946], [763, 9944], [765, 9942], [768, 9941], [772, 9938], [772, 9934], [772, 9932], [772, 9930], [771, 9929], [770, 9927], [766, 9927], [765, 9926], [765, 9926], [765, 9925], [768, 9919], [770, 9913], [773, 9909], [774, 9907], [774, 9905], [774, 9904], [774, 9903], [762, 9899], [752, 9887], [750, 9885], [748, 9883], [727, 9889], [722, 9885], [721, 9882], [717, 9879], [713, 9872], [710, 9872], [695, 9877], [681, 9874], [678, 9872], [673, 9869], [673, 9868], [673, 9867], [673, 9867], [676, 9865], [677, 9864], [678, 9863], [678, 9862], [678, 9862], [678, 9861], [676, 9859], [671, 9847], [669, 9845], [662, 9843], [662, 9842], [662, 9842], [663, 9840], [664, 9840], [665, 9840], [665, 9839], [665, 9839], [664, 9837], [663, 9837], [662, 9838], [662, 9839], [660, 9839], [657, 9840], [646, 9841], [644, 9844], [644, 9845], [644, 9846], [644, 9846], [643, 9847], [643, 9847], [643, 9848], [644, 9849], [645, 9849], [646, 9852], [646, 9852], [649, 9855], [649, 9855], [649, 9856], [649, 9856], [648, 9856], [646, 9856], [643, 9860], [642, 9860], [641, 9859], [640, 9859], [640, 9859], [640, 9859], [640, 9860], [639, 9861], [639, 9862], [639, 9862], [638, 9862], [637, 9861], [636, 9861], [634, 9863], [634, 9864], [634, 9864], [637, 9868], [639, 9870], [640, 9871], [640, 9871], [640, 9871], [639, 9872], [639, 9872], [633, 9876], [633, 9876], [633, 9877], [633, 9877], [633, 9877], [633, 9878], [634, 9879], [635, 9880], [635, 9880], [635, 9880], [635, 9881], [635, 9881], [635, 9881], [635, 9881], [634, 9882], [633, 9883], [632, 9884], [631, 9884], [630, 9884], [629, 9883], [628, 9883], [628, 9882], [625, 9880], [624, 9879], [622, 9878], [620, 9878], [614, 9878], [614, 9878], [614, 9878], [613, 9877], [613, 9877], [613, 9876], [612, 9874], [612, 9874], [612, 9873], [611, 9873], [610, 9871], [609, 9871], [609, 9871], [608, 9871], [607, 9871], [606, 9872], [597, 9893], [598, 9911], [590, 9918], [593, 9932], [639, 9952], [638, 9943], [644, 9935], [642, 9950], [664, 9960], [693, 9963], [705, 9975], [712, 9965], [719, 9978], [732, 9982], [724, 9986], [730, 9999], [746, 9982]]]]}, "type": "Feature", "properties": {"labelrank": 7, "code_hasc": "EC.ES", "name": "Esmeraldas", "admin": "Ecuador", "type_en": "Province", "region": "", "woe_id": 2345210, "longitude": -78, "woe_name": "Esmeraldas", "fips": "EC09", "woe_label": "Esmeraldas, EC, Ecuador", "latitude": 1, "iso_a2": "EC", "postal": "ES", "type": "Provincia", "id": "EC.ES"}}, {"geometry": {"type": "Polygon", "coordinates": [[[874, 9915], [857, 9912], [859, 9907], [841, 9881], [807, 9898], [793, 9927], [781, 9936], [776, 9936], [772, 9938], [772, 9938], [770, 9939], [768, 9941], [765, 9942], [763, 9944], [763, 9946], [762, 9948], [763, 9954], [767, 9963], [768, 9972], [812, 9941], [830, 9938], [838, 9931], [853, 9935], [860, 9921], [874, 9915]]]}, "type": "Feature", "properties": {"labelrank": 7, "code_hasc": "EC.CR", "name": "Carchi", "admin": "Ecuador", "type_en": "Province", "region": "", "woe_id": 2345206, "longitude": -78, "woe_name": "Carchi", "fips": "EC05", "woe_label": "Carchi, EC, Ecuador", "latitude": 0, "iso_a2": "EC", "postal": "CR", "type": "Provincia", "id": "EC.CR"}}, {"geometry": {"type": "Polygon", "coordinates": [[[841, 9881], [827, 9860], [812, 9864], [796, 9857], [781, 9861], [778, 9869], [717, 9866], [710, 9872], [712, 9872], [713, 9872], [713, 9872], [727, 9889], [748, 9883], [750, 9885], [752, 9887], [762, 9899], [774, 9903], [774, 9904], [774, 9905], [774, 9907], [773, 9909], [770, 9913], [768, 9919], [765, 9925], [765, 9926], [765, 9926], [766, 9927], [770, 9927], [771, 9929], [772, 9930], [772, 9932], [772, 9934], [772, 9938], [776, 9936], [781, 9936], [793, 9927], [807, 9898], [841, 9881]]]}, "type": "Feature", "properties": {"labelrank": 7, "code_hasc": "EC.IM", "name": "Imbabura", "admin": "Ecuador", "type_en": "Province", "region": "", "woe_id": 2345212, "longitude": -78, "woe_name": "Imbabura", "fips": "EC11", "woe_label": "Imbabura, EC, Ecuador", "latitude": 0, "iso_a2": "EC", "postal": "IM", "type": "Provincia", "id": "EC.IM"}}, {"geometry": {"type": "Polygon", "coordinates": [[[1121, 9773], [1068, 9797], [1046, 9797], [1047, 9781], [1032, 9788], [1029, 9795], [1010, 9794], [995, 9787], [977, 9799], [972, 9796], [938, 9835], [925, 9832], [898, 9836], [888, 9828], [882, 9829], [880, 9840], [866, 9832], [849, 9834], [839, 9846], [824, 9855], [827, 9860], [841, 9881], [859, 9907], [857, 9912], [874, 9915], [879, 9914], [887, 9885], [922, 9881], [944, 9869], [960, 9868], [961, 9873], [978, 9866], [994, 9869], [995, 9887], [1007, 9893], [1027, 9881], [1035, 9883], [1061, 9854], [1082, 9851], [1119, 9831], [1103, 9825], [1080, 9829], [1097, 9816], [1106, 9794], [1121, 9785], [1121, 9773]]]}, "type": "Feature", "properties": {"labelrank": 7, "code_hasc": "EC.SU", "name": "Sucumbios", "admin": "Ecuador", "type_en": "Province", "region": "", "woe_id": 2345222, "longitude": -76, "woe_name": "Sucumbios", "fips": "EC22", "woe_label": "Sucumbios, EC, Ecuador", "latitude": 0, "iso_a2": "EC", "postal": "SU", "type": "Provincia", "id": "EC.SU"}}, {"geometry": {"type": "Polygon", "coordinates": [[[545, 9643], [546, 9638], [549, 9633], [555, 9629], [564, 9627], [574, 9620], [578, 9613], [578, 9604], [576, 9593], [571, 9585], [557, 9580], [550, 9575], [542, 9568], [530, 9580], [502, 9591], [491, 9606], [502, 9602], [520, 9614], [521, 9636], [512, 9660], [538, 9662], [540, 9645], [545, 9643]]]}, "type": "Feature", "properties": {"labelrank": 7, "code_hasc": "EC.SE", "name": "Santa Elena", "admin": "Ecuador", "type_en": "Province", "region": "", "woe_id": 56189815, "longitude": -80, "woe_name": "", "fips": "EC25", "woe_label": "Santa Elena", "latitude": -2, "iso_a2": "EC", "postal": "SE", "type": "Provincia", "id": "EC.SE"}}, {"geometry": {"type": "Polygon", "coordinates": [[[720, 9805], [708, 9791], [712, 9785], [706, 9779], [702, 9783], [677, 9767], [672, 9771], [674, 9783], [659, 9784], [667, 9801], [666, 9822], [646, 9835], [645, 9838], [645, 9840], [646, 9841], [657, 9840], [660, 9839], [662, 9839], [662, 9838], [663, 9837], [664, 9837], [665, 9839], [665, 9839], [665, 9840], [664, 9840], [663, 9840], [662, 9842], [662, 9842], [662, 9843], [669, 9845], [671, 9847], [671, 9848], [700, 9843], [700, 9834], [720, 9835], [734, 9826], [739, 9819], [737, 9812], [723, 9810], [720, 9805]]]}, "type": "Feature", "properties": {"labelrank": 7, "code_hasc": "EC.SD", "name": "Santo Domingo de los Tsáchilas", "admin": "Ecuador", "type_en": "Province", "region": "", "woe_id": 56189814, "longitude": -79, "woe_name": "", "fips": "EC26", "woe_label": "Santo Domingo de los TsÃ¡chilas", "latitude": 0, "iso_a2": "EC", "postal": "SD", "type": "Provincia", "id": "EC.SD"}}], "ac-tx": {"default": {"crs": "+proj=utm +zone=17 +south +datum=WGS84 +units=m +no_defs", "scale": 0.0009842842214227343}}}