{"crs": {"type": "name", "properties": {"name": "urn:ogc:def:crs:EPSG:32734"}}, "ac-tx": {"default": {"crs": "+proj=utm +zone=34 +south +datum=WGS84 +units=m +no_defs", "scale": 0.0012453654618352194}}, "arcs": [[[5795, 4279], [-224, -400], [-2305, 56]], [[3266, 3935], [-3250, 16]], [[16, 3951], [-16, 1440], [1061, 8], [8, 1104]], [[1069, 6503], [3117, -32]], [[4186, 6471], [1609, -2192]], [[3266, 3935], [-16, -96], [-83, -16], [-17, -48], [8, -120], [75, 0], [17, -80], [0, -400]], [[3250, 3175], [-17, -928], [1070, -32], [157, -168], [8, -552], [150, -160], [91, -32], [8, -96]], [[4717, 1207], [-166, 8], [-157, 144], [-191, -24], [-17, 40], [-66, -16], [-182, 184], [-58, 16], [-232, 200], [-249, 16], [-158, -64], [-41, 32], [-191, -200], [-41, -216], [-75, -104], [25, -56], [-58, -72], [0, -120], [-50, -24], [0, -32], [-124, -168], [-100, -8], [-107, -112], [-100, -32], [-199, -296], [-58, -40], [-232, -24], [-17, -144], [-99, -64], [-249, 48], [-307, -48], [-224, 72], [-223, -103], [-75, 151], [17, 176], [-25, 112], [16, 72], [224, 312], [-41, 104], [-9, 176], [-41, 80], [-25, -8], [-17, 104], [-74, 112], [33, 48], [-58, 96], [41, 40], [-58, 0], [9, 40], [-75, 48], [-25, 112], [-83, 96], [9, 32], [-75, 136], [-141, 120], [-141, 56], [-124, 128], [-17, 1608]], [[1069, 6503], [-8, 2952], [547, 24], [1650, 296], [340, 16], [108, -208], [116, -56], [66, -120], [-17, -24], [34, -112], [33, -8], [116, 64], [215, 200], [9, 32], [207, 104], [124, 104], [83, -16], [67, 72], [49, 8], [116, -128], [75, 16], [166, 168], [108, 56], [157, 56], [25, -40], [66, 16], [9, -24], [157, 48], [66, -16], [-41, -120], [75, -184], [99, -80], [125, -288], [273, -264], [50, -208], [133, -120], [24, -88]], [[6491, 8631], [-1061, 24], [-25, -1096], [191, -88], [-25, -296], [-812, -56], [-158, 184], [-50, 0], [-49, 48], [-150, -48], [-33, -56], [-74, -16], [-42, 16], [-17, -776]], [[6491, 8631], [-16, -112], [207, -488], [158, -48], [33, -40], [-25, -40], [249, -160], [49, -80], [83, -32], [42, -48], [232, -88], [108, -16], [74, -64], [108, -32], [66, -160], [-8, -288]], [[7851, 6935], [-66, -312], [0, -184], [83, -136], [124, -392], [58, -64], [75, -48], [315, -24], [141, -48]], [[8581, 5727], [41, -24], [307, -48], [157, -72], [158, 8], [257, -136], [191, -48], [16, -40], [-49, -120], [24, -88], [67, -64], [141, -8], [108, -136], [-133, 16], [-58, -32], [-141, -8], [-91, -88], [8, -80], [-66, -80], [-75, 8], [-33, -40], [-207, -72], [-307, -8], [-158, -88], [-49, -112], [-117, -64], [-16, -80], [-108, -56], [-17, -104], [-124, -48], [8, -16], [-49, 0], [16, -48], [-41, -56], [-58, 32], [-58, -40], [-42, 16], [-66, -160], [-141, -48], [-8, 24], [-58, -32], [-9, 32], [-58, -64], [-107, -40], [8, -32], [-83, 0], [8, -48], [-83, -40], [-8, -64], [-58, 24], [-41, -112]], [[7379, 3343], [-67, -40], [-16, 24], [-58, -104], [-42, 8], [-91, -96], [-721, 448]], [[6384, 3583], [-183, 248], [-108, 40], [-298, 408]], [[6616, 6919], [16, -40], [116, -24], [9, 40], [-141, 24]], [[8382, 5279], [-17, -32], [66, 8], [-8, 72], [-41, -48]], [[7379, 3343], [-158, -568], [-158, -64], [-174, -136], [-141, -192], [-82, 16], [-175, -32]], [[6491, 2367], [-132, 112]], [[6359, 2479], [-83, 64]], [[6276, 2543], [-58, 32], [-9, 56], [83, 280], [92, 672]], [[6276, 2543], [-125, -120]], [[6151, 2423], [-165, -160]], [[5986, 2263], [-108, 8], [-116, 72], [-680, 232]], [[5082, 2575], [-182, 64]], [[4900, 2639], [-1650, 536]], [[6491, 2367], [-315, -88], [9, -152], [-257, -632]], [[5928, 1495], [-116, 72], [140, 416], [-66, 24], [100, 256]], [[6151, 2423], [17, -96], [108, -8], [83, 160]], [[5936, 1743], [50, 16], [-17, 56], [-33, -72]], [[4900, 2639], [-9, -224], [191, 8], [0, 152]], [[5928, 1495], [-75, -168], [-216, -128], [-215, -16], [-174, 24], [-108, -64], [-116, -24], [-174, 16], [-133, 72]], [[7851, 6935], [75, 16], [273, -8], [116, -48], [-24, -136], [24, -136], [-41, -120], [-17, -224], [224, -280], [58, -144], [0, -80], [42, -48]], [[8009, 6135], [41, -8], [83, 8], [-8, 104], [-116, -72], [0, -32]], [[8009, 6167], [116, 72], [8, -104], [-83, -8], [-41, 8], [0, 32]], [[8365, 5247], [17, 32], [41, 48], [8, -72], [-66, -8]]], "transform": {"translate": [491, 8749], "scale": [0.12061206120612061, 0.125012501250125]}, "objects": {"features": {"type": "GeometryCollection", "geometries": [{"type": "Polygon", "properties": {"labelrank": 6, "code_hasc": "BW.GH", "name": "Ghanzi", "admin": "Botswana", "type_en": "District", "region": "", "woe_id": 2344743, "longitude": 22, "woe_name": "Ghanzi", "fips": "BC03", "woe_label": "Ghanzi, BW, Botswana", "latitude": -22, "iso_a2": "BW", "postal": "GH", "type": "District", "id": "BW.GH"}, "arcs": [[0, 1, 2, 3, 4]]}, {"type": "Polygon", "properties": {"labelrank": 4, "code_hasc": "BW.KG", "name": "Kgalagadi", "admin": "Botswana", "type_en": "District", "region": "", "woe_id": 2344744, "longitude": 22, "woe_name": "Kgalagadi", "fips": "BC04", "woe_label": "Kgalagadi, BW, Botswana", "latitude": -24, "iso_a2": "BW", "postal": "KG", "type": "District", "id": "BW.KG"}, "arcs": [[5, 6, 7, -2]]}, {"type": "Polygon", "properties": {"labelrank": 4, "code_hasc": "BW.NW", "name": "North-West", "admin": "Botswana", "type_en": "District", "region": "", "woe_id": 55949048, "longitude": 23, "woe_name": "North-West", "fips": "BC08", "woe_label": "North-West, BW, Botswana", "latitude": -19, "iso_a2": "BW", "postal": "NW", "type": "District", "id": "BW.NW"}, "arcs": [[-4, 8, 9]]}, {"type": "Polygon", "properties": {"labelrank": 4, "code_hasc": "BW.CE", "name": "Central", "admin": "Botswana", "type_en": "District", "region": "", "woe_id": 2344741, "longitude": 26, "woe_name": "Central", "fips": "BC01", "woe_label": "Central, BW, Botswana", "latitude": -21, "iso_a2": "BW", "postal": "CE", "type": "District", "id": "BW.CE"}, "arcs": [[10, 11, 12, 13, 14, -5, -10], [15], [16]]}, {"type": "Polygon", "properties": {"labelrank": 4, "code_hasc": "BW.KL", "name": "Kgatleng", "admin": "Botswana", "type_en": "District", "region": "", "woe_id": 2344745, "longitude": 26, "woe_name": "Kgatleng", "fips": "BC05", "woe_label": "Kgatleng, BW, Botswana", "latitude": -24, "iso_a2": "BW", "postal": "KL", "type": "District", "id": "BW.KL"}, "arcs": [[17, 18, 19, 20, -14]]}, {"type": "Polygon", "properties": {"labelrank": 4, "code_hasc": "BW.KW", "name": "Kweneng", "admin": "Botswana", "type_en": "District", "region": "", "woe_id": 2344746, "longitude": 24, "woe_name": "Kweneng", "fips": "BC06", "woe_label": "Kweneng, BW, Botswana", "latitude": -23, "iso_a2": "BW", "postal": "KW", "type": "District", "id": "BW.KW"}, "arcs": [[-21, 21, 22, 23, 24, 25, -6, -1, -15]]}, {"type": "Polygon", "properties": {"labelrank": 4, "code_hasc": "BW.SE", "name": "South-East", "admin": "Botswana", "type_en": "District", "region": "", "woe_id": 2344749, "longitude": 25, "woe_name": "South-East", "fips": "BC09", "woe_label": "South-East, BW, Botswana", "latitude": -24, "iso_a2": "BW", "postal": "SE", "type": "District", "id": "BW.SE"}, "arcs": [[26, 27, -23, 28, -19], [29]]}, {"type": "Polygon", "properties": {"labelrank": 4, "code_hasc": "BW.SO", "name": "Southern", "admin": "Botswana", "type_en": "District", "region": "", "woe_id": 2344750, "longitude": 24, "woe_name": "Southern", "fips": "BC10", "woe_label": "Southern, BW, Botswana", "latitude": -25, "iso_a2": "BW", "postal": "SO", "type": "District", "id": "BW.SO"}, "arcs": [[30, -24, -28, 31, -7, -26]]}, {"type": "Polygon", "properties": {"labelrank": 4, "code_hasc": "BW.NE", "name": "North-East", "admin": "Botswana", "type_en": "District", "region": "", "woe_id": 2344748, "longitude": 27, "woe_name": "North-East", "fips": "BC08", "woe_label": "North-East, BW, Botswana", "latitude": -20, "iso_a2": "BW", "postal": "NE", "type": "District", "id": "BW.NE"}, "arcs": [[32, -12], [33]]}, {"type": "Polygon", "properties": {"labelrank": 4, "code_hasc": "BW.", "name": "Gaborone", "admin": "Botswana", "type_en": "City", "region": "", "woe_id": -2344749, "longitude": 25, "woe_name": "", "fips": "BC", "woe_label": "", "latitude": -24, "iso_a2": "BW", "postal": "SE", "type": "City", "id": "BW.6962"}, "arcs": [[-29, -22, -20]]}, {"type": "Polygon", "properties": {"labelrank": 4, "code_hasc": "BW.", "name": "Francistown", "admin": "Botswana", "type_en": "City", "region": "", "woe_id": -2344748, "longitude": 27, "woe_name": "", "fips": "BC", "woe_label": "", "latitude": -21, "iso_a2": "BW", "postal": "NE", "type": "City", "id": "BW.6963"}, "arcs": [[34]]}, {"type": "Polygon", "properties": {"labelrank": 4, "code_hasc": "BW.", "name": "Lobatse", "admin": "Botswana", "type_en": "Town", "region": "", "woe_id": -2344749, "longitude": 25, "woe_name": "", "fips": "BC", "woe_label": "", "latitude": -25, "iso_a2": "BW", "postal": "SE", "type": "Town", "id": "BW.6964"}, "arcs": [[-30]]}, {"type": "Polygon", "properties": {"labelrank": 4, "code_hasc": "BW.", "name": "Selebi-Phikwe", "admin": "Botswana", "type_en": "Town", "region": "", "woe_id": -2344741, "longitude": 27, "woe_name": "", "fips": "BC", "woe_label": "", "latitude": -21, "iso_a2": "BW", "postal": "NE", "type": "Town", "id": "BW.6967"}, "arcs": [[35]]}, {"type": "Polygon", "properties": {"labelrank": 4, "code_hasc": "BW.", "name": "Sowa", "admin": "Botswana", "type_en": "Township", "region": "", "woe_id": -2344741, "longitude": 26, "woe_name": "", "fips": "BC", "woe_label": "", "latitude": -20, "iso_a2": "BW", "postal": "NE", "type": "Township", "id": "BW.6966"}, "arcs": [[-16]]}, {"type": "Polygon", "properties": {"labelrank": 4, "code_hasc": "BW.", "name": "Jwaneng", "admin": "Botswana", "type_en": "Town", "region": "", "woe_id": -2344750, "longitude": 24, "woe_name": "", "fips": "BC", "woe_label": "", "latitude": -24, "iso_a2": "BW", "postal": "SE", "type": "Town", "id": "BW.6965"}, "arcs": [[-31, -25]]}]}}, "bbox": [491, 8749, 1697, 9999], "type": "Topology"}