{"crs": {"type": "name", "properties": {"name": "urn:ogc:def:crs:EPSG:4326"}}, "ac-tx": {"default": {"crs": "wsg84", "scale": 81.87525713295435, "xoffset": 0, "yoffset": 0}}, "arcs": [[[4509, 4638], [98, 0]], [[4607, 4638], [0, -206]], [[4607, 4432], [-98, 0]], [[4509, 4432], [-98, 103]], [[4411, 4535], [98, 103]], [[4803, 4638], [98, 0]], [[4901, 4638], [-196, -412]], [[4705, 4226], [-98, 206]], [[4607, 4638], [196, 0]], [[4901, 4638], [196, 103]], [[5097, 4741], [392, 206], [0, 413], [-294, 206]], [[5195, 5566], [0, 412]], [[5195, 5978], [1078, -412], [491, -309], [392, -516], [1176, -1443], [490, -721], [196, -928], [-490, -413], [-784, -103], [-686, 207]], [[7058, 1340], [98, 618], [-687, 515], [-980, 104]], [[5489, 2577], [-98, 1030], [-686, -103]], [[4705, 3504], [0, 722]], [[5097, 4741], [-294, 516]], [[4803, 5257], [392, 309]], [[4803, 4638], [-98, 619]], [[4705, 5257], [98, 0]], [[4509, 4638], [-196, 206]], [[4313, 4844], [392, 413]], [[4313, 4844], [-686, 207]], [[3627, 5051], [0, 1133], [-294, 619]], [[3333, 6803], [392, 206], [784, -412], [686, -619]], [[4411, 4535], [-588, 103]], [[3823, 4638], [-196, 413]], [[4509, 4432], [-294, -206]], [[4215, 4226], [-588, -103], [0, 515]], [[3627, 4638], [196, 0]], [[4705, 3504], [-392, 206], [-98, 516]], [[5489, 2577], [-686, 103], [-980, -207]], [[3823, 2473], [-294, 0], [98, 619], [294, 206], [-392, 619]], [[3529, 3917], [-393, 309], [-196, 618]], [[2940, 4844], [687, -206]], [[2940, 4844], [-490, -103], [-294, 206]], [[2156, 4947], [-294, 825], [294, 103], [0, 516], [588, 309], [589, 103]], [[5097, 6700], [686, 0], [981, -516], [490, -515], [-490, 0], [-1275, 722], [-392, 309]], [[7352, 5772], [882, -206], [-98, -412], [-392, -103], [-392, 309], [0, 412]], [[1764, 9071], [882, 721], [588, 207], [589, -207], [588, -721], [2353, -825], [98, -206], [686, -103], [1470, 103], [981, -2165], [-1079, 0], [-1274, 206], [-1079, 310], [-490, 309], [-1666, 412], [-392, 0], [-1667, 1650], [-588, 309]], [[7058, 1340], [-785, -104], [-1176, -309], [-490, -206]], [[4607, 721], [-588, 515], [-294, 619]], [[3725, 1855], [98, 618]], [[1176, 2164], [0, -309], [784, -103], [882, 206], [392, -206], [491, 103]], [[4607, 721], [-588, -309], [-294, -309], [-589, -103], [0, 309], [-490, 515], [-686, -103], [0, 619], [-882, -104], [-196, 413], [0, 515]], [[882, 2164], [294, 0]], [[3529, 3917], [-295, -207], [-882, 104], [-196, -413], [-294, 103], [-196, -515], [98, -722], [-588, -103]], [[882, 2164], [-98, 619], [-686, 0], [98, 515], [-196, 412], [784, 0], [784, 207], [-98, 927], [686, 103]]], "transform": {"translate": [9897, 2513], "scale": [0.0102010201020102, 0.0097009700970097]}, "objects": {"features": {"type": "GeometryCollection", "geometries": [{"type": "Polygon", "properties": {"name": "Jing'an District", "admin_leve": "6", "wikipedia": "en:Jing'an District", "localname": "静安区 (Jing'an)", "boundary": "administrative", "id": "CN.shanghai.371637"}, "arcs": [[0, 1, 2, 3, 4]]}, {"type": "Polygon", "properties": {"name": "Huangpu District", "admin_leve": "6", "wikipedia": "en:Huangpu District, Shanghai", "localname": "黄浦区 (Huangpu)", "boundary": "administrative", "id": "CN.shanghai.371650"}, "arcs": [[5, 6, 7, -2, 8]]}, {"type": "Polygon", "properties": {"name": "Pudong New District", "admin_leve": "6", "wikipedia": "zh:浦东新区", "localname": "浦东新区 (Pudong)", "boundary": "administrative", "id": "CN.shanghai.398348"}, "arcs": [[9, 10, 11, 12, 13, 14, 15, -7]]}, {"type": "Polygon", "properties": {"name": "Yangpu District", "admin_leve": "6", "wikipedia": "en:Yangpu District", "localname": "杨浦区 (Yangpu)", "boundary": "administrative", "id": "CN.shanghai.398350"}, "arcs": [[-11, 16, 17]]}, {"type": "Polygon", "properties": {"name": "Hongkou District", "admin_leve": "6", "wikipedia": "en:Hongkou District", "localname": "虹口区 (Hongkou)", "boundary": "administrative", "id": "CN.shanghai.398351"}, "arcs": [[-17, -10, -6, 18, 19]]}, {"type": "Polygon", "properties": {"name": "Zhabei District", "admin_leve": "6", "wikipedia": "en:Zhabei District", "localname": "闸北区 (Zhabei)", "boundary": "administrative", "id": "CN.shanghai.398353"}, "arcs": [[-9, -1, 20, 21, -19]]}, {"type": "Polygon", "properties": {"name": "Baoshan District", "admin_leve": "6", "wikipedia": "en:Baoshan District, Shanghai", "localname": "宝山区 (Baoshan)", "boundary": "administrative", "id": "CN.shanghai.398374"}, "arcs": [[-18, -20, -22, 22, 23, 24, -12]]}, {"type": "Polygon", "properties": {"name": "Putuo District", "admin_leve": "6", "wikipedia": "en:Putuo District, Shanghai", "localname": "普陀区 (Putuo)", "boundary": "administrative", "id": "CN.shanghai.398886"}, "arcs": [[-21, -5, 25, 26, -23]]}, {"type": "Polygon", "properties": {"name": "Changning District", "admin_leve": "6", "wikipedia": "en:Changning District", "localname": "长宁区 (Changning)", "boundary": "administrative", "id": "CN.shanghai.398899"}, "arcs": [[-26, -4, 27, 28, 29]]}, {"type": "Polygon", "properties": {"name": "Xuhui District", "admin_leve": "6", "wikipedia": "en:Xuhui District", "localname": "徐汇区 (Xuhui)", "boundary": "administrative", "id": "CN.shanghai.1278188"}, "arcs": [[-3, -8, -16, 30, -28]]}, {"type": "Polygon", "properties": {"name": "Minhang District", "admin_leve": "6", "wikipedia": "en:Minhang District", "localname": "闵行区 (Minhang)", "boundary": "administrative", "id": "CN.shanghai.1278189"}, "arcs": [[-29, -31, -15, 31, 32, 33, 34]]}, {"type": "Polygon", "properties": {"name": "Jiading District", "admin_leve": "6", "wikipedia": "en:Jiading District", "localname": "嘉定区 (Jiading)", "boundary": "administrative", "id": "CN.shanghai.1673543"}, "arcs": [[-27, -30, -35, 35, 36, -24]]}, {"type": "MultiPolygon", "properties": {"name": "Chongming County", "admin_leve": "6", "wikipedia": "en:Chongming County", "localname": "崇明县 (Chongming)", "boundary": "administrative", "id": "CN.shanghai.3292750"}, "arcs": [[[37]], [[38]], [[39]]]}, {"type": "Polygon", "properties": {"name": "Fengxian District", "admin_leve": "6", "wikipedia": "en:Fengxian District", "localname": "奉贤区 (Fengxian)", "boundary": "administrative", "id": "CN.shanghai.3292751"}, "arcs": [[-32, -14, 40, 41, 42]]}, {"type": "Polygon", "properties": {"name": "Jinshan District", "admin_leve": "6", "wikipedia": "en:Jinshan District", "localname": "金山区 (Jinshan)", "boundary": "administrative", "id": "CN.shanghai.3292756"}, "arcs": [[43, -42, 44, 45]]}, {"type": "Polygon", "properties": {"name": "Qingpu District", "admin_leve": "6", "wikipedia": "en:Qingpu District, Shanghai", "localname": "青浦区 (Qingpu)", "boundary": "administrative", "id": "CN.shanghai.3292760"}, "arcs": [[-34, 46, -46, 47, -36]]}, {"type": "Polygon", "properties": {"name": "Songjiang District", "admin_leve": "6", "wikipedia": "en:Songjiang District", "localname": "松江区 (Songjiang)", "boundary": "administrative", "id": "CN.shanghai.3293722"}, "arcs": [[-47, -33, -43, -44]]}]}}, "bbox": [9897, 2513, 9999, 2610], "type": "Topology"}