{"crs": {"type": "name", "properties": {"name": "urn:ogc:def:crs:EPSG:4326"}}, "ac-tx": {"default": {"crs": "wsg84", "scale": 83.58641477081207, "xoffset": 0, "yoffset": 0}}, "arcs": [[[6498, 2082], [705, -275], [-25, -343], [529, -458], [705, 298]], [[8412, 1304], [50, -298], [-352, -457], [-882, -549], [-579, 274], [-1058, 46], [-302, 480], [-403, 161]], [[4886, 961], [1360, 503], [252, 618]], [[4785, 3134], [453, -183], [303, 69]], [[5541, 3020], [302, -92], [378, 343], [654, -320], [-352, -252]], [[6523, 2699], [-705, -114], [-907, -297]], [[4911, 2288], [-227, 251], [101, 595]], [[6523, 2699], [252, -366]], [[6775, 2333], [-277, -251]], [[4886, 961], [-177, -389], [-680, -321], [-277, 275], [504, 389], [-327, 297]], [[3929, 1212], [403, 435], [-101, 229], [680, 412]], [[4533, 3500], [252, -366]], [[3929, 1212], [-1008, -526], [-403, 343], [-25, 458], [-378, 343], [-25, 366], [-227, 206], [580, 641]], [[2443, 3043], [654, 297], [932, -206], [504, 366]], [[6775, 2333], [1259, 824], [-76, 435]], [[7958, 3592], [126, 23]], [[8084, 3615], [177, -183], [755, 137], [983, -389], [-126, -481], [-252, -366], [-378, -137], [176, -297], [-252, -252], [-730, 46], [-25, -389]], [[4860, 6315], [882, 366], [353, 229], [302, -115], [327, 320]], [[6724, 7115], [303, 46], [75, -618], [353, -251], [705, 46], [201, 411], [353, 0], [353, -251], [75, -481], [-302, -229], [-403, 229], [-403, -206], [-101, -503], [-554, -275]], [[7379, 5033], [-453, -297], [-454, 0]], [[6472, 4736], [-277, 183], [76, 366], [-907, 320], [-504, 344]], [[4860, 5949], [0, 366]], [[6523, 7459], [-504, -115], [-554, 138], [-479, 297], [-654, -366]], [[4332, 7413], [75, 1373], [-806, 0]], [[3601, 8786], [-176, 526], [-630, 160], [151, 435], [303, 92], [352, -275], [932, -503], [25, -184], [302, -160], [681, -23], [503, -320], [-25, -252], [932, -45], [-428, -778]], [[3173, 8328], [529, 252], [-101, 206]], [[4332, 7413], [-277, 0]], [[4055, 7413], [-26, 229], [-529, 68], [-327, 618]], [[3450, 5788], [50, -823], [479, -206]], [[3979, 4759], [-25, -618], [906, -69], [-327, -572]], [[2443, 3043], [-1235, 503], [-176, 412], [252, 320], [856, 321], [101, 640], [-201, 664], [151, 91]], [[2191, 5994], [503, -228], [353, 137], [403, -115]], [[4055, 7413], [-152, -709]], [[3903, 6704], [-705, -69]], [[3198, 6635], [-1209, 458], [151, 503], [-529, 343]], [[1611, 7939], [-100, 870], [277, 91], [529, -320], [377, -389], [479, 137]], [[3198, 6635], [353, -686], [-101, -161]], [[2191, 5994], [-781, -274], [-302, 297], [-454, 46], [0, 435], [-654, 297], [327, 206], [529, 92], [50, 549], [302, 274], [403, 23]], [[7379, 5033], [-50, -251], [604, -527], [454, -68], [-26, -435], [-277, -137]], [[7958, 3592], [-856, 435], [-604, -92]], [[6498, 3935], [-126, 595], [100, 206]], [[5541, 3020], [125, 503], [328, 366], [504, 46]], [[6523, 7459], [201, -344]], [[4860, 6315], [-327, 0], [-630, 389]], [[4860, 5949], [-201, -23], [-252, -710], [126, -297], [-554, -160]]], "transform": {"translate": [9602, 2460], "scale": [0.039703970397039705, 0.0437043704370437]}, "objects": {"features": {"type": "GeometryCollection", "geometries": [{"type": "Polygon", "properties": {"name": "Huangshan City", "admin_leve": "5", "wikidata": "Q180470", "localname": "黄山市 / Huangshan", "boundary": "administrative", "id": "CN.anhui.2992498"}, "arcs": [[0, 1, 2]]}, {"type": "Polygon", "properties": {"name": "Tongling City", "admin_leve": "5", "wikidata": "Q360326", "localname": "铜陵市 / Tongling", "boundary": "administrative", "id": "CN.anhui.3077734"}, "arcs": [[3, 4, 5, 6]]}, {"type": "Polygon", "properties": {"name": "Chizhou City", "admin_leve": "5", "wikidata": "Q360870", "localname": "池州市 / Chizhou", "boundary": "administrative", "id": "CN.anhui.3164669"}, "arcs": [[-6, 7, 8, -3, 9, 10]]}, {"type": "Polygon", "properties": {"name": "Anqing City", "admin_leve": "5", "wikipedia": "en:Anqing", "wikidata": "Q360374", "localname": "安庆市 / Anqing", "boundary": "administrative", "id": "CN.anhui.3220387"}, "arcs": [[11, -7, -11, 12, 13]]}, {"type": "Polygon", "properties": {"name": "Xuancheng City", "admin_leve": "5", "wikipedia": "en:Xuancheng", "wikidata": "Q360942", "localname": "宣城市 / Xuancheng", "boundary": "administrative", "id": "CN.anhui.3222248"}, "arcs": [[14, 15, 16, -1, -9]]}, {"type": "Polygon", "properties": {"name": "Chuzhou City", "admin_leve": "5", "wikipedia": "en:Chuzhou", "wikidata": "Q114045", "localname": "滁州市 / Chuzhou", "boundary": "administrative", "id": "CN.anhui.3231588"}, "arcs": [[17, 18, 19, 20, 21]]}, {"type": "Polygon", "properties": {"name": "Suzhou City", "admin_leve": "5", "wikipedia": "en:Suzhou, Anhui", "wikidata": "Q360643", "localname": "宿州市 / Suzhou", "boundary": "administrative", "id": "CN.anhui.3231858"}, "arcs": [[22, 23, 24]]}, {"type": "Polygon", "properties": {"name": "Huaibei City", "admin_leve": "5", "wikipedia": "en:Huaibei", "wikidata": "Q360268", "localname": "淮北市 / Huaibei", "boundary": "administrative", "id": "CN.anhui.3231910"}, "arcs": [[25, -24, 26, 27]]}, {"type": "Polygon", "properties": {"name": "Lu'an City", "admin_leve": "5", "wikipedia": "en:Lu'an", "wikidata": "Q360702", "localname": "六安市 / Lu'an", "boundary": "administrative", "id": "CN.anhui.3243393"}, "arcs": [[28, 29, -14, 30, 31]]}, {"type": "Polygon", "properties": {"name": "Bozhou City", "admin_leve": "5", "wikipedia": "en:Bozhou", "wikidata": "Q360769", "localname": "亳州市 / Bozhou", "boundary": "administrative", "id": "CN.anhui.3245950"}, "arcs": [[32, 33, 34, 35, -28]]}, {"type": "Polygon", "properties": {"name": "Fuyang City", "admin_leve": "5", "wikipedia": "en:Fuyang", "wikidata": "Q360584", "localname": "阜阳市 / Fuyang", "boundary": "administrative", "id": "CN.anhui.3246004"}, "arcs": [[36, -32, 37, -35]]}, {"type": "Polygon", "properties": {"name": "Ma'anshan City", "admin_leve": "5", "wikipedia": "en:Ma'anshan", "wikidata": "Q360235", "localname": "马鞍山市 / Ma'anshan", "boundary": "administrative", "id": "CN.anhui.3260816"}, "arcs": [[-20, 38, -16, 39, 40]]}, {"type": "Polygon", "properties": {"name": "Wuhu City", "admin_leve": "5", "wikipedia": "en:Wuhu City", "wikidata": "Q359990", "localname": "芜湖市 / Wuhu", "boundary": "administrative", "id": "CN.anhui.3262036"}, "arcs": [[-40, -15, -8, -5, 41]]}, {"type": "Polygon", "properties": {"name": "Bengbu City", "admin_leve": "5", "wikipedia": "en:Bengbu", "wikidata": "Q360069", "localname": "蚌埠市 / Bengbu", "boundary": "administrative", "id": "CN.anhui.3262334"}, "arcs": [[-27, -23, 42, -18, 43, -33]]}, {"type": "Polygon", "properties": {"name": "Huainan City", "admin_leve": "5", "wikipedia": "en:Huainan", "wikidata": "Q360178", "localname": "淮南市 / Huainan", "boundary": "administrative", "id": "CN.anhui.3262360"}, "arcs": [[-44, -22, 44, -29, -37, -34]]}, {"type": "Polygon", "properties": {"name": "Hefei City", "admin_leve": "5", "wikipedia": "zh:合肥市", "wikidata": "Q185684", "localname": "合肥市", "boundary": "administrative", "id": "CN.anhui.3288965"}, "arcs": [[-45, -21, -41, -42, -4, -12, -30]]}]}}, "bbox": [9602, 2460, 9999, 2897], "type": "Topology"}