{"crs": {"type": "name", "properties": {"name": "urn:ogc:def:crs:EPSG:21292"}}, "ac-tx": {"default": {"crs": "+proj=tmerc +lat_0=13.17638888888889 +lon_0=-59.55972222222222 +k=0.9999986 +x_0=30000 +y_0=75000 +ellps=clrk80 +towgs84=31.95,300.99,419.19,0,0,0,0 +units=m +no_defs", "scale": 1}}, "arcs": [[[7849, 1204], [-517, -271], [-938, -724], [-346, -32], [-281, 3], [-273, -36], [-301, -144], [-433, 563], [-813, 352], [-989, 176], [-587, 32]], [[2371, 1123], [1363, 547], [19, 2], [-5, 45], [-66, 226]], [[3682, 1943], [2524, 724]], [[6206, 2667], [412, -97], [64, -49], [76, -92], [71, -372], [13, -26], [258, -335], [56, -95], [-1, -14], [42, -24], [74, -18], [251, -74], [113, -42], [214, -225]], [[3219, 5407], [-201, 201], [-157, 44], [-524, -23]], [[2337, 5629], [-220, 877]], [[2117, 6506], [26, 1150], [58, 88], [42, 148], [27, 7], [14, 7], [13, 4], [11, -4], [14, -3], [13, -11], [28, -10], [30, -9], [37, -9], [21, 0], [23, 5], [18, 4], [21, 2], [34, -4], [12, 0], [15, 2], [11, 2], [16, -4], [25, -14], [66, 5], [105, 32], [187, 137], [100, 44], [64, 15], [22, -9], [22, -6], [16, -1], [15, -9], [20, -2], [27, 2], [72, 49], [9, 0], [5, -3], [61, -11], [256, 7], [75, 21]], [[3748, 8128], [843, -1380], [176, -184]], [[4767, 6564], [-2, 0], [-102, -17], [-556, -199], [-133, -27], [-55, 20], [-12, 8], [-15, 18], [-11, 7], [-12, 5], [-15, 2], [-19, -2], [-25, -5], [-137, -167], [-454, -800]], [[3682, 1943], [-732, 1810]], [[2950, 3753], [1038, 310], [88, 41], [317, 289]], [[4393, 4393], [590, 81], [30, 1]], [[5013, 4475], [923, -644], [88, -74], [375, -534]], [[6399, 3223], [-193, -556]], [[2337, 5629], [-237, -241], [-65, -48], [-7, 4], [-9, 2], [-5, -2], [-9, -7], [-11, -7], [-7, -2], [-14, 2], [-6, 0], [-12, 2], [-16, 0], [-10, -2], [-10, -6], [-30, -14], [-7, -3], [-14, -5], [-7, -2], [-7, 0], [-48, -32], [-16, -7], [-10, -3], [-8, 0], [-7, -4], [-17, 0], [-9, 0], [-8, -2], [-20, -10], [-82, -23], [-26, -60], [-116, -384], [-62, -113], [-45, -67], [-46, -10], [-16, -9], [-11, -12], [-16, -32], [-9, -18], [-12, -7], [21, -17], [57, -25], [291, -250], [255, -838]], [[1894, 3377], [-467, -275], [-39, -32], [-79, -46], [-217, -72], [-90, -40], [-2, -7], [-55, 24], [-225, 161], [-122, -7], [-3, -1]], [[595, 3082], [-240, 640], [-207, 2674]], [[148, 6396], [2, 0], [276, -55], [737, 262], [954, -97]], [[5013, 4475], [41, 534], [10, 48], [22, 63], [38, 0], [19, 2], [19, 3], [722, 509], [104, 35]], [[5988, 5669], [1154, -667], [666, -291], [396, -98]], [[8204, 4613], [-67, -81], [-482, -444], [-57, -42], [-296, -141], [-315, -95], [-588, -587]], [[4393, 4393], [-374, 570], [-118, 108], [-61, 42], [-621, 294]], [[4767, 6564], [404, -422], [817, -473]], [[56, 7590], [-56, 724], [87, 528], [312, 447], [625, 485], [794, 225], [809, -333], [604, -691], [211, -345]], [[3442, 8630], [-39, -19], [-2361, -581], [-813, -412], [-172, -28], [-1, 0]], [[2371, 1123], [-348, 18], [-591, 318], [-508, 747], [-329, 876]], [[1894, 3377], [705, 109], [63, 21], [288, 246]], [[148, 6396], [-92, 1194]], [[3442, 8630], [306, -502]], [[8204, 4613], [466, -114], [813, -283], [516, -493], [-138, -1175], [-1129, -882], [-883, -462]]], "transform": {"translate": [19762.118455579286, 61148.618445460714], "scale": [2.4639428357180804, 3.2457768712809925]}, "objects": {"features": {"type": "GeometryCollection", "geometries": [{"type": "Polygon", "properties": {"labelrank": 10, "code_hasc": "BB.CC", "name": "Christ Church", "admin": "Barbados", "type_en": "Parish", "region": "", "woe_id": 2344730, "longitude": -59, "woe_name": "Christ Church", "fips": "BB01", "woe_label": "Christ Church, BB, Barbados", "latitude": 13, "iso_a2": "BB", "postal": "CC", "type": "Parish", "id": "BB.CC"}, "arcs": [[0, 1, 2, 3]]}, {"type": "Polygon", "properties": {"labelrank": 10, "code_hasc": "BB.AN", "name": "Saint Andrew", "admin": "Barbados", "type_en": "Parish", "region": "", "woe_id": 2344731, "longitude": -59, "woe_name": "Saint Andrew", "fips": "BB02", "woe_label": "Saint Andrew, BB, Barbados", "latitude": 13, "iso_a2": "BB", "postal": "AN", "type": "Parish", "id": "BB.AN"}, "arcs": [[4, 5, 6, 7, 8]]}, {"type": "Polygon", "properties": {"labelrank": 10, "code_hasc": "BB.GE", "name": "Saint George", "admin": "Barbados", "type_en": "Parish", "region": "", "woe_id": 2344732, "longitude": -59, "woe_name": "Saint George", "fips": "BB03", "woe_label": "Saint George, BB, Barbados", "latitude": 13, "iso_a2": "BB", "postal": "GE", "type": "Parish", "id": "BB.GE"}, "arcs": [[-3, 9, 10, 11, 12, 13]]}, {"type": "Polygon", "properties": {"labelrank": 10, "code_hasc": "BB.JM", "name": "Saint James", "admin": "Barbados", "type_en": "Parish", "region": "", "woe_id": 2344733, "longitude": -59, "woe_name": "Saint James", "fips": "BB04", "woe_label": "Saint James, BB, Barbados", "latitude": 13, "iso_a2": "BB", "postal": "JM", "type": "Parish", "id": "BB.JM"}, "arcs": [[14, 15, 16, 17, -6]]}, {"type": "Polygon", "properties": {"labelrank": 10, "code_hasc": "BB.JN", "name": "Saint John", "admin": "Barbados", "type_en": "Parish", "region": "", "woe_id": 2344734, "longitude": -59, "woe_name": "Saint John", "fips": "BB05", "woe_label": "Saint John, BB, Barbados", "latitude": 13, "iso_a2": "BB", "postal": "JN", "type": "Parish", "id": "BB.JN"}, "arcs": [[-13, 18, 19, 20]]}, {"type": "Polygon", "properties": {"labelrank": 10, "code_hasc": "BB.JS", "name": "Saint Joseph", "admin": "Barbados", "type_en": "Parish", "region": "", "woe_id": 2344735, "longitude": -59, "woe_name": "Saint Joseph", "fips": "BB06", "woe_label": "Saint Joseph, BB, Barbados", "latitude": 13, "iso_a2": "BB", "postal": "JS", "type": "Parish", "id": "BB.JS"}, "arcs": [[-12, 21, -9, 22, -19]]}, {"type": "Polygon", "properties": {"labelrank": 10, "code_hasc": "BB.LU", "name": "Saint Lucy", "admin": "Barbados", "type_en": "Parish", "region": "", "woe_id": 2344736, "longitude": -59, "woe_name": "Saint Lucy", "fips": "BB07", "woe_label": "Saint Lucy, BB, Barbados", "latitude": 13, "iso_a2": "BB", "postal": "LU", "type": "Parish", "id": "BB.LU"}, "arcs": [[23, 24]]}, {"type": "Polygon", "properties": {"labelrank": 10, "code_hasc": "BB.MI", "name": "Saint Michael", "admin": "Barbados", "type_en": "Parish", "region": "", "woe_id": 2344737, "longitude": -59, "woe_name": "Saint Michael", "fips": "BB08", "woe_label": "Saint Michael, BB, Barbados", "latitude": 13, "iso_a2": "BB", "postal": "MI", "type": "Parish", "id": "BB.MI"}, "arcs": [[-2, 25, -16, 26, -10]]}, {"type": "Polygon", "properties": {"labelrank": 10, "code_hasc": "BB.PE", "name": "Saint Peter", "admin": "Barbados", "type_en": "Parish", "region": "", "woe_id": 2344738, "longitude": -59, "woe_name": "Saint Peter", "fips": "BB09", "woe_label": "Saint Peter, BB, Barbados", "latitude": 13, "iso_a2": "BB", "postal": "PE", "type": "Parish", "id": "BB.PE"}, "arcs": [[-18, 27, -25, 28, -7]]}, {"type": "Polygon", "properties": {"labelrank": 10, "code_hasc": "BB.PH", "name": "Saint Philip", "admin": "Barbados", "type_en": "Parish", "region": "", "woe_id": 2344739, "longitude": -59, "woe_name": "Saint Philip", "fips": "BB10", "woe_label": "Saint Philip, BB, Barbados", "latitude": 13, "iso_a2": "BB", "postal": "PH", "type": "Parish", "id": "BB.PH"}, "arcs": [[-14, -21, 29, -4]]}, {"type": "Polygon", "properties": {"labelrank": 10, "code_hasc": "BB.TH", "name": "Saint Thomas", "admin": "Barbados", "type_en": "Parish", "region": "", "woe_id": 2344740, "longitude": -59, "woe_name": "Saint Thomas", "fips": "BB11", "woe_label": "Saint Thomas, BB, Barbados", "latitude": 13, "iso_a2": "BB", "postal": "TH", "type": "Parish", "id": "BB.TH"}, "arcs": [[-22, -11, -27, -15, -5]]}]}}, "bbox": [19762.118455579286, 61148.618445460714, 44399.08286992437, 93603.14138139936], "type": "Topology"}