{"crs": {"type": "name", "properties": {"name": "urn:ogc:def:crs:EPSG:32061"}}, "type": "FeatureCollection", "features": [{"geometry": {"type": "Polygon", "coordinates": [[[7416, 1494], [6957, 1186], [6927, 1087], [6851, 1074], [6784, 1101], [6766, 1129], [6700, 1094], [6639, 1115], [6496, 1078], [6402, 1109], [6321, 1216], [6328, 1256], [6195, 1340], [6085, 1482], [6095, 1647], [6352, 1583], [6526, 1575], [6575, 1579], [6630, 1655], [6783, 1653], [6916, 1570], [6978, 1628], [7007, 1706], [7260, 1665], [7451, 1694], [7496, 1632], [7416, 1494]]]}, "type": "Feature", "properties": {"labelrank": 7, "code_hasc": "GT.BV", "name": "Baja Verapaz", "admin": "Guatemala", "type_en": "Department", "region": "", "woe_id": 2345553, "longitude": -90, "woe_name": "Baja Verapaz", "fips": "GT02", "woe_label": "Baja Verapaz, GT, Guatemala", "latitude": 15, "iso_a2": "GT", "postal": "BV", "type": "Departamento", "id": "GT.BV"}}, {"geometry": {"type": "Polygon", "coordinates": [[[5430, 1659], [5229, 1605], [5190, 1506], [5128, 1498], [5084, 1571], [4985, 1598], [4839, 1796], [4735, 1773], [4631, 1813], [4503, 1763], [4428, 1689], [4352, 1693], [4319, 1886], [4263, 1959], [4811, 2879], [5908, 2886], [5588, 2258], [5447, 2183], [5410, 2024], [5507, 1867], [5624, 1847], [5632, 1703], [5546, 1703], [5430, 1659]]]}, "type": "Feature", "properties": {"labelrank": 9, "code_hasc": "GT.HU", "name": "Huehuetenango", "admin": "Guatemala", "type_en": "Department", "region": "", "woe_id": 2345559, "longitude": -91, "woe_name": "Huehuetenango", "fips": "GT08", "woe_label": "Huehuetenango, GT, Guatemala", "latitude": 15, "iso_a2": "GT", "postal": "HU", "type": "Departamento", "id": "GT.HU"}}, {"geometry": {"type": "Polygon", "coordinates": [[[8500, 2640], [8320, 2649], [8264, 2570], [8093, 2540], [8080, 2627], [7861, 2609], [7744, 2676], [7680, 2645], [7592, 2644], [7540, 2722], [7461, 2737], [7416, 2800], [7394, 2772], [7345, 2794], [7305, 2778], [7054, 2858], [6714, 2900], [6733, 2942], [6702, 2930], [6697, 2956], [6732, 2986], [6713, 3014], [6746, 3027], [6693, 3066], [6698, 3116], [6733, 3138], [6697, 3173], [6743, 3180], [6734, 3222], [6764, 3217], [6718, 3248], [6777, 3283], [6786, 3308], [6754, 3316], [6757, 3338], [6814, 3338], [6792, 3417], [6673, 3434], [6641, 3491], [6589, 3479], [6573, 3525], [6442, 3515], [6473, 3552], [6420, 3585], [6441, 3681], [6392, 3673], [6411, 3718], [6391, 3773], [6292, 3916], [6197, 3978], [6182, 4017], [6151, 4006], [6023, 4053], [5950, 4112], [5970, 4149], [5925, 4152], [5915, 4112], [5824, 4163], [5720, 4341], [5654, 4347], [5569, 4478], [5526, 4494], [5497, 4579], [5372, 4594], [5360, 4631], [5259, 4668], [5265, 4692], [5918, 4687], [5923, 5525], [5965, 5546], [8594, 5547], [8617, 4362], [8500, 2640]]]}, "type": "Feature", "properties": {"labelrank": 7, "code_hasc": "GT.PE", "name": "Petén", "admin": "Guatemala", "type_en": "Department", "region": "", "woe_id": 2345563, "longitude": -90, "woe_name": "Petén", "fips": "GT12", "woe_label": "Peten, GT, Guatemala", "latitude": 16, "iso_a2": "GT", "postal": "PE", "type": "Departamento", "id": "GT.PE"}}, {"geometry": {"type": "Polygon", "coordinates": [[[5128, 1498], [5020, 1457], [5024, 1400], [5100, 1156], [5127, 1122], [5197, 1123], [5259, 982], [5197, 863], [5136, 823], [4997, 814], [4959, 768], [4893, 747], [4855, 762], [4883, 857], [4864, 865], [4765, 800], [4622, 538], [4517, 520], [4407, 563], [4383, 551], [4336, 682], [4205, 712], [4320, 821], [4483, 863], [4660, 865], [4774, 1050], [4803, 1161], [4883, 1232], [4898, 1312], [4847, 1403], [4985, 1598], [5084, 1571], [5128, 1498]]]}, "type": "Feature", "properties": {"labelrank": 9, "code_hasc": "GT.QZ", "name": "Quezaltenango", "admin": "Guatemala", "type_en": "Department", "region": "", "woe_id": 2345564, "longitude": -91, "woe_name": "Quezaltenango", "fips": "GT13", "woe_label": "Quetzaltenango, GT, Guatemala", "latitude": 14, "iso_a2": "GT", "postal": "QZ", "type": "Departamento", "id": "GT.QZ"}}, {"geometry": {"type": "Polygon", "coordinates": [[[5136, 823], [5054, 740], [5049, 675], [4989, 556], [4995, 249], [4946, 56], [4901, -10], [4911, -84], [4541, 173], [4166, 486], [4383, 551], [4407, 563], [4517, 520], [4622, 538], [4765, 800], [4864, 865], [4883, 857], [4855, 762], [4893, 747], [4959, 768], [4997, 814], [5136, 823]]]}, "type": "Feature", "properties": {"labelrank": 9, "code_hasc": "GT.RE", "name": "Retalhuleu", "admin": "Guatemala", "type_en": "Department", "region": "", "woe_id": 2345566, "longitude": -91, "woe_name": "Retalhuleu", "fips": "GT15", "woe_label": "Retalhuleu, GT, Guatemala", "latitude": 14, "iso_a2": "GT", "postal": "RE", "type": "Departamento", "id": "GT.RE"}}, {"geometry": {"type": "Polygon", "coordinates": [[[4985, 1598], [4847, 1403], [4898, 1312], [4883, 1232], [4803, 1161], [4774, 1050], [4660, 865], [4483, 863], [4320, 821], [4205, 712], [4336, 682], [4383, 551], [4166, 486], [4043, 577], [4100, 614], [4171, 785], [4128, 1017], [4183, 1116], [4185, 1261], [4260, 1294], [4306, 1379], [4116, 1629], [4105, 1683], [4263, 1959], [4319, 1886], [4352, 1693], [4428, 1689], [4503, 1763], [4631, 1813], [4735, 1773], [4839, 1796], [4985, 1598]]]}, "type": "Feature", "properties": {"labelrank": 9, "code_hasc": "GT.SM", "name": "San Marcos", "admin": "Guatemala", "type_en": "Department", "region": "", "woe_id": 2345568, "longitude": -91, "woe_name": "San Marcos", "fips": "GT17", "woe_label": "San Marcos, GT, Guatemala", "latitude": 15, "iso_a2": "GT", "postal": "SM", "type": "Departamento", "id": "GT.SM"}}, {"geometry": {"type": "Polygon", "coordinates": [[[8264, 2570], [8139, 2437], [8067, 2397], [7875, 2111], [7983, 1990], [7954, 1929], [7909, 1901], [7897, 1722], [7959, 1531], [7716, 1495], [7612, 1520], [7556, 1499], [7416, 1494], [7496, 1632], [7451, 1694], [7260, 1665], [7007, 1706], [6978, 1628], [6916, 1570], [6783, 1653], [6630, 1655], [6669, 1759], [6413, 1809], [6336, 1856], [6332, 1929], [6429, 1954], [6417, 1981], [6493, 2056], [6429, 2158], [6440, 2204], [6409, 2252], [6222, 2290], [6237, 2336], [6206, 2367], [6227, 2378], [6167, 2399], [6242, 2534], [6294, 2578], [6285, 2604], [6248, 2608], [6289, 2691], [6248, 2733], [6308, 2764], [6333, 2749], [6338, 2805], [6439, 2848], [6460, 2826], [6500, 2837], [6479, 2805], [6551, 2775], [6571, 2795], [6682, 2795], [6731, 2830], [6738, 2878], [6713, 2899], [6714, 2900], [7054, 2858], [7305, 2778], [7345, 2794], [7394, 2772], [7416, 2800], [7461, 2737], [7540, 2722], [7592, 2644], [7680, 2645], [7744, 2676], [7861, 2609], [8080, 2627], [8093, 2540], [8264, 2570]]]}, "type": "Feature", "properties": {"labelrank": 7, "code_hasc": "GT.AV", "name": "Alta Verapaz", "admin": "Guatemala", "type_en": "Department", "region": "", "woe_id": 2345552, "longitude": -90, "woe_name": "Alta Verapaz", "fips": "GT01", "woe_label": "Alta Verapaz, GT, Guatemala", "latitude": 15, "iso_a2": "GT", "postal": "AV", "type": "Departamento", "id": "GT.AV"}}, {"geometry": {"type": "Polygon", "coordinates": [[[6402, 1109], [6386, 1065], [6292, 1019], [6242, 917], [6214, 856], [6232, 754], [6094, 592], [6055, 478], [5984, 417], [5924, 316], [5906, 375], [5868, 356], [5822, 386], [5765, 366], [5727, 389], [5751, 500], [5723, 542], [5736, 697], [5792, 868], [5764, 992], [5815, 1021], [5858, 1130], [5928, 1163], [6113, 1167], [6402, 1109]]]}, "type": "Feature", "properties": {"labelrank": 9, "code_hasc": "GT.CM", "name": "Chimaltenango", "admin": "Guatemala", "type_en": "Department", "region": "", "woe_id": 2345554, "longitude": -90, "woe_name": "Chimaltenango", "fips": "GT03", "woe_label": "Chimaltenango, GT, Guatemala", "latitude": 14, "iso_a2": "GT", "postal": "CM", "type": "Departamento", "id": "GT.CM"}}, {"geometry": {"type": "Polygon", "coordinates": [[[6411, 446], [6430, 389], [6492, 364], [6538, 122], [6505, 55], [6611, 40], [6518, -23], [6551, -89], [6445, -184], [6444, -390], [6325, -377], [6023, -403], [5643, -378], [5418, -333], [5104, -192], [5102, -138], [5211, 25], [5208, 188], [5274, 183], [5276, 277], [5338, 315], [5376, 183], [5446, 217], [5454, 164], [5637, 148], [5727, 389], [5765, 366], [5822, 386], [5868, 356], [5906, 375], [5924, 316], [5984, 417], [6055, 478], [6159, 349], [6282, 448], [6316, 408], [6411, 446]]]}, "type": "Feature", "properties": {"labelrank": 9, "code_hasc": "GT.ES", "name": "Escuintla", "admin": "Guatemala", "type_en": "Department", "region": "", "woe_id": 2345557, "longitude": -91, "woe_name": "Escuintla", "fips": "GT06", "woe_label": "Escuintla, GT, Guatemala", "latitude": 14, "iso_a2": "GT", "postal": "ES", "type": "Departamento", "id": "GT.ES"}}, {"geometry": {"type": "Polygon", "coordinates": [[[6784, 1101], [6764, 1036], [6847, 1038], [6866, 1017], [6874, 876], [7067, 759], [6983, 663], [6954, 515], [6858, 460], [6843, 497], [6801, 488], [6712, 322], [6718, 232], [6538, 122], [6492, 364], [6430, 389], [6411, 446], [6460, 715], [6351, 873], [6296, 874], [6242, 917], [6292, 1019], [6386, 1065], [6402, 1109], [6496, 1078], [6639, 1115], [6700, 1094], [6766, 1129], [6784, 1101]]]}, "type": "Feature", "properties": {"labelrank": 9, "code_hasc": "GT.GU", "name": "Guatemala", "admin": "Guatemala", "type_en": "Department", "region": "", "woe_id": 2345558, "longitude": -90, "woe_name": "Guatemala", "fips": "GT07", "woe_label": "Guatemala, GT, Guatemala", "latitude": 14, "iso_a2": "GT", "postal": "GU", "type": "Departamento", "id": "GT.GU"}}, {"geometry": {"type": "Polygon", "coordinates": [[[5723, 542], [5751, 500], [5727, 389], [5637, 148], [5454, 164], [5446, 217], [5376, 183], [5338, 315], [5276, 277], [5274, 183], [5208, 188], [5211, 25], [5102, -138], [5104, -192], [4911, -84], [4901, -10], [4946, 56], [4995, 249], [4989, 556], [5049, 675], [5054, 740], [5136, 823], [5197, 863], [5229, 784], [5186, 696], [5208, 675], [5295, 660], [5307, 724], [5344, 738], [5384, 707], [5444, 711], [5509, 648], [5520, 578], [5623, 606], [5723, 542]]]}, "type": "Feature", "properties": {"labelrank": 7, "code_hasc": "GT.SU", "name": "Suchitepéquez", "admin": "Guatemala", "type_en": "Department", "region": "", "woe_id": 2345571, "longitude": -91, "woe_name": "Suchitepéquez", "fips": "GT20", "woe_label": "Suchitepequez, GT, Guatemala", "latitude": 14, "iso_a2": "GT", "postal": "SU", "type": "Departamento", "id": "GT.SU"}}, {"geometry": {"type": "Polygon", "coordinates": [[[6411, 446], [6316, 408], [6282, 448], [6159, 349], [6055, 478], [6094, 592], [6232, 754], [6214, 856], [6242, 917], [6296, 874], [6351, 873], [6460, 715], [6411, 446]]]}, "type": "Feature", "properties": {"labelrank": 7, "code_hasc": "GT.SA", "name": "Sacatepéquez", "admin": "Guatemala", "type_en": "Department", "region": "", "woe_id": 2345567, "longitude": -90, "woe_name": "Sacatepéquez", "fips": "GT16", "woe_label": "Sacatepequez, GT, Guatemala", "latitude": 14, "iso_a2": "GT", "postal": "SA", "type": "Departamento", "id": "GT.SA"}}, {"geometry": {"type": "Polygon", "coordinates": [[[5764, 992], [5792, 868], [5736, 697], [5723, 542], [5623, 606], [5520, 578], [5509, 648], [5444, 711], [5384, 707], [5344, 738], [5307, 724], [5295, 660], [5208, 675], [5186, 696], [5229, 784], [5197, 863], [5259, 982], [5346, 1048], [5554, 1045], [5623, 1122], [5721, 1040], [5706, 964], [5740, 1001], [5764, 992]]]}, "type": "Feature", "properties": {"labelrank": 9, "code_hasc": "GT.SO", "name": "Sololá", "admin": "Guatemala", "type_en": "Department", "region": "", "woe_id": 2345570, "longitude": -91, "woe_name": "Sololá", "fips": "GT19", "woe_label": "Solola, GT, Guatemala", "latitude": 14, "iso_a2": "GT", "postal": "SO", "type": "Departamento", "id": "GT.SO"}}, {"geometry": {"type": "Polygon", "coordinates": [[[5430, 1659], [5430, 1566], [5505, 1498], [5548, 1406], [5489, 1321], [5583, 1212], [5577, 1159], [5623, 1122], [5554, 1045], [5346, 1048], [5259, 982], [5197, 1123], [5127, 1122], [5100, 1156], [5024, 1400], [5020, 1457], [5128, 1498], [5190, 1506], [5229, 1605], [5430, 1659]]]}, "type": "Feature", "properties": {"labelrank": 9, "code_hasc": "GT.TO", "name": "Totonicapán", "admin": "Guatemala", "type_en": "Department", "region": "", "woe_id": 2345572, "longitude": -91, "woe_name": "Totonicapán", "fips": "GT21", "woe_label": "Totonicapan, GT, Guatemala", "latitude": 15, "iso_a2": "GT", "postal": "TO", "type": "Departamento", "id": "GT.TO"}}, {"geometry": {"type": "Polygon", "coordinates": [[[7622, 1068], [7563, 1063], [7448, 957], [7319, 924], [7268, 832], [7158, 827], [7067, 759], [6874, 876], [6866, 1017], [6847, 1038], [6764, 1036], [6784, 1101], [6851, 1074], [6927, 1087], [6957, 1186], [7416, 1494], [7556, 1499], [7677, 1322], [7679, 1302], [7595, 1291], [7677, 1177], [7725, 1156], [7719, 1118], [7655, 1105], [7622, 1068]]]}, "type": "Feature", "properties": {"labelrank": 9, "code_hasc": "GT.PR", "name": "El Progreso", "admin": "Guatemala", "type_en": "Department", "region": "", "woe_id": 2345556, "longitude": -90, "woe_name": "El Progreso", "fips": "GT05", "woe_label": "El Progreso, GT, Guatemala", "latitude": 14, "iso_a2": "GT", "postal": "PR", "type": "Departamento", "id": "GT.PR"}}, {"geometry": {"type": "Polygon", "coordinates": [[[7300, 392], [7256, 272], [7147, 248], [7094, 117], [7193, 78], [7291, -10], [7290, -163], [7145, -304], [6983, -234], [6944, -254], [7035, -498], [7021, -591], [6634, -429], [6444, -390], [6445, -184], [6551, -89], [6518, -23], [6611, 40], [6505, 55], [6538, 122], [6718, 232], [6712, 322], [6801, 488], [6843, 497], [6858, 460], [6954, 515], [6984, 485], [7187, 522], [7208, 465], [7300, 392]]]}, "type": "Feature", "properties": {"labelrank": 7, "code_hasc": "GT.SR", "name": "Santa Rosa", "admin": "Guatemala", "type_en": "Department", "region": "", "woe_id": 2345569, "longitude": -90, "woe_name": "Santa Rosa", "fips": "GT18", "woe_label": "Santa Rosa, GT, Guatemala", "latitude": 14, "iso_a2": "GT", "postal": "SR", "type": "Departamento", "id": "GT.SR"}}, {"geometry": {"type": "Polygon", "coordinates": [[[8639, 1369], [8588, 1416], [8562, 1564], [8598, 1608], [8600, 1670], [8544, 1713], [8449, 1713], [8217, 1603], [7959, 1531], [7897, 1722], [7909, 1901], [7954, 1929], [7983, 1990], [7875, 2111], [8067, 2397], [8139, 2437], [8264, 2570], [8320, 2649], [8500, 2640], [8511, 2601], [8586, 2631], [8788, 2635], [8919, 2602], [8975, 2624], [9045, 2574], [9162, 2573], [9212, 2544], [9218, 2512], [9401, 2414], [9387, 2335], [9426, 2336], [9447, 2355], [9431, 2398], [9466, 2401], [9512, 2483], [9500, 2566], [9512, 2545], [9602, 2558], [9426, 2696], [9407, 2718], [9428, 2743], [9999, 2377], [9969, 2320], [9859, 2298], [9739, 2142], [8895, 1476], [8639, 1369]]]}, "type": "Feature", "properties": {"labelrank": 7, "code_hasc": "GT.IZ", "name": "Izabal", "admin": "Guatemala", "type_en": "Department", "region": "", "woe_id": 2345560, "longitude": -88, "woe_name": "Izabal", "fips": "GT09", "woe_label": "Izabal, GT, Guatemala", "latitude": 15, "iso_a2": "GT", "postal": "IZ", "type": "Departamento", "id": "GT.IZ"}}, {"geometry": {"type": "Polygon", "coordinates": [[[8578, 1127], [8514, 1029], [8646, 816], [8623, 622], [8497, 609], [8383, 478], [8334, 459], [8326, 368], [8283, 399], [8273, 384], [8271, 413], [8223, 372], [8126, 378], [8103, 413], [8125, 499], [8100, 532], [7974, 532], [7922, 600], [7844, 613], [7823, 613], [7881, 793], [7870, 891], [7857, 919], [7767, 921], [7806, 1054], [7865, 1106], [7980, 1055], [8081, 1049], [8222, 1135], [8287, 1111], [8384, 1136], [8434, 1116], [8543, 1182], [8578, 1127]]]}, "type": "Feature", "properties": {"labelrank": 9, "code_hasc": "GT.CQ", "name": "Chiquimula", "admin": "Guatemala", "type_en": "Department", "region": "", "woe_id": 2345555, "longitude": -89, "woe_name": "Chiquimula", "fips": "GT04", "woe_label": "Chiquimula, GT, Guatemala", "latitude": 14, "iso_a2": "GT", "postal": "CQ", "type": "Departamento", "id": "GT.CQ"}}, {"geometry": {"type": "Polygon", "coordinates": [[[7622, 1068], [7611, 1042], [7682, 930], [7767, 921], [7857, 919], [7870, 891], [7881, 793], [7823, 613], [7844, 613], [7855, 559], [7730, 495], [7690, 530], [7651, 524], [7568, 468], [7548, 397], [7463, 454], [7394, 393], [7300, 392], [7208, 465], [7187, 522], [6984, 485], [6954, 515], [6983, 663], [7067, 759], [7158, 827], [7268, 832], [7319, 924], [7448, 957], [7563, 1063], [7622, 1068]]]}, "type": "Feature", "properties": {"labelrank": 9, "code_hasc": "GT.JA", "name": "Jalapa", "admin": "Guatemala", "type_en": "Department", "region": "", "woe_id": 2345561, "longitude": -89, "woe_name": "Jalapa", "fips": "GT10", "woe_label": "Jalapa, GT, Guatemala", "latitude": 14, "iso_a2": "GT", "postal": "JA", "type": "Departamento", "id": "GT.JA"}}, {"geometry": {"type": "Polygon", "coordinates": [[[8126, 378], [8059, 315], [8038, 359], [7986, 321], [8008, 271], [7975, 233], [8034, 195], [8085, 87], [7839, -8], [7747, -153], [7754, -210], [7732, -222], [7623, -178], [7344, -365], [7212, -531], [7241, -682], [7021, -591], [7035, -498], [6944, -254], [6983, -234], [7145, -304], [7290, -163], [7291, -10], [7193, 78], [7094, 117], [7147, 248], [7256, 272], [7300, 392], [7394, 393], [7463, 454], [7548, 397], [7568, 468], [7651, 524], [7690, 530], [7730, 495], [7855, 559], [7844, 613], [7922, 600], [7974, 532], [8100, 532], [8125, 499], [8103, 413], [8126, 378]]]}, "type": "Feature", "properties": {"labelrank": 9, "code_hasc": "GT.JU", "name": "Jutiapa", "admin": "Guatemala", "type_en": "Department", "region": "", "woe_id": 2345562, "longitude": -89, "woe_name": "Jutiapa", "fips": "GT11", "woe_label": "Jutiapa, GT, Guatemala", "latitude": 14, "iso_a2": "GT", "postal": "JU", "type": "Departamento", "id": "GT.JU"}}, {"geometry": {"type": "Polygon", "coordinates": [[[8639, 1369], [8578, 1254], [8607, 1187], [8578, 1127], [8543, 1182], [8434, 1116], [8384, 1136], [8287, 1111], [8222, 1135], [8081, 1049], [7980, 1055], [7865, 1106], [7806, 1054], [7767, 921], [7682, 930], [7611, 1042], [7622, 1068], [7655, 1105], [7719, 1118], [7725, 1156], [7677, 1177], [7595, 1291], [7679, 1302], [7677, 1322], [7556, 1499], [7612, 1520], [7716, 1495], [7959, 1531], [8217, 1603], [8449, 1713], [8544, 1713], [8600, 1670], [8598, 1608], [8562, 1564], [8588, 1416], [8639, 1369]]]}, "type": "Feature", "properties": {"labelrank": 9, "code_hasc": "GT.ZA", "name": "Zacapa", "admin": "Guatemala", "type_en": "Department", "region": "", "woe_id": 2345573, "longitude": -89, "woe_name": "Zacapa", "fips": "GT22", "woe_label": "Zacapa, GT, Guatemala", "latitude": 15, "iso_a2": "GT", "postal": "ZA", "type": "Departamento", "id": "GT.ZA"}}, {"geometry": {"type": "Polygon", "coordinates": [[[6630, 1655], [6575, 1579], [6526, 1575], [6352, 1583], [6095, 1647], [6085, 1482], [6195, 1340], [6328, 1256], [6321, 1216], [6402, 1109], [6113, 1167], [5928, 1163], [5858, 1130], [5815, 1021], [5764, 992], [5740, 1001], [5706, 964], [5721, 1040], [5623, 1122], [5577, 1159], [5583, 1212], [5489, 1321], [5548, 1406], [5505, 1498], [5430, 1566], [5430, 1659], [5546, 1703], [5632, 1703], [5624, 1847], [5507, 1867], [5410, 2024], [5447, 2183], [5588, 2258], [5908, 2886], [6713, 2899], [6738, 2878], [6731, 2830], [6682, 2795], [6571, 2795], [6551, 2775], [6479, 2805], [6500, 2837], [6460, 2826], [6439, 2848], [6338, 2805], [6333, 2749], [6308, 2764], [6248, 2733], [6289, 2691], [6248, 2608], [6285, 2604], [6294, 2578], [6242, 2534], [6167, 2399], [6227, 2378], [6206, 2367], [6237, 2336], [6222, 2290], [6409, 2252], [6440, 2204], [6429, 2158], [6493, 2056], [6417, 1981], [6429, 1954], [6332, 1929], [6336, 1856], [6413, 1809], [6669, 1759], [6630, 1655]]]}, "type": "Feature", "properties": {"labelrank": 9, "code_hasc": "GT.QC", "name": "Quiché", "admin": "Guatemala", "type_en": "Department", "region": "", "woe_id": 2345565, "longitude": -90, "woe_name": "Quiché", "fips": "GT14", "woe_label": "Quiche, GT, Guatemala", "latitude": 15, "iso_a2": "GT", "postal": "QC", "type": "Departamento", "id": "GT.QC"}}], "ac-tx": {"default": {"crs": "+proj=lcc +lat_1=16.81666666666667 +lat_0=16.81666666666667 +lon_0=-90.33333333333333 +k_0=0.99992226 +x_0=500000 +y_0=292209.579 +datum=NAD27 +units=m +no_defs", "scale": 0.01376460350995214}}}