{"crs": {"type": "name", "properties": {"name": "urn:ogc:def:crs:EPSG:4326"}}, "ac-tx": {"default": {"crs": "wsg84", "scale": 85.16013258721486, "xoffset": 0, "yoffset": 0}}, "arcs": [[[4823, 3188], [294, -580]], [[5117, 2608], [-294, 0]], [[4823, 2608], [0, 580]], [[4764, 3260], [59, -72]], [[4823, 2608], [-295, 217]], [[4528, 2825], [236, 435]], [[4352, 5868], [823, -507], [236, -290]], [[5411, 5071], [-177, -362], [0, -724]], [[5234, 3985], [-411, -290]], [[4823, 3695], [-412, 72], [-706, 507], [-588, -289]], [[3117, 3985], [-412, -73], [-529, 435]], [[2176, 4347], [176, 507], [353, 217]], [[2705, 5071], [294, 435], [588, -145], [59, 290], [706, 217]], [[4999, 2391], [588, -73]], [[5587, 2318], [59, -652], [412, 72], [470, -652]], [[6528, 1086], [-764, 0], [-647, -652], [-59, -434], [-471, 72], [-470, 362], [-118, 363]], [[3999, 797], [-59, 434], [177, 942]], [[4117, 2173], [882, 218]], [[3176, 2463], [411, -507], [530, 217]], [[3999, 797], [-941, 0], [-529, 144], [-530, -507], [-353, 0], [-353, 580], [-529, -73], [-294, 290], [-176, 580], [411, 435]], [[705, 2246], [353, 362], [588, 290], [1530, -435]], [[5234, 8187], [-706, 797], [765, 0], [-176, 362], [588, 218], [353, 435], [411, -942], [883, -653]], [[7352, 8404], [-883, -797], [-117, -362], [176, -1087], [-117, -434], [176, -580]], [[6587, 5144], [-353, -73], [-823, 0]], [[4352, 5868], [0, 508], [529, 0], [647, 652], [59, 435], [-353, 724]], [[3117, 3985], [529, -580]], [[3646, 3405], [-176, -362], [235, -290]], [[3705, 2753], [-529, -290]], [[705, 2246], [-235, 579], [-470, 363], [176, 362], [765, 652], [529, 72], [353, 218], [353, -145]], [[7352, 8404], [353, -579], [353, -145], [882, 0], [412, -145], [647, 145], [-177, -797], [-353, 72], [-470, -362], [0, -869]], [[8999, 5724], [-589, -73], [-647, -507], [-176, -290]], [[7587, 4854], [-471, 507], [-529, -217]], [[8999, 5724], [823, -1232], [-176, -218], [-530, -144], [-176, -290], [-647, 72], [-588, -145]], [[7705, 3767], [58, 652], [-176, 435]], [[7705, 3767], [-706, -72], [-235, -145]], [[6764, 3550], [-883, 0]], [[5881, 3550], [-647, 435]], [[5587, 2318], [471, 217], [59, 870], [-236, 145]], [[6764, 3550], [58, -797], [706, -362], [59, -290], [-412, -725], [-353, -362], [-294, 72]], [[2705, 5071], [-235, 508], [-294, 72], [-588, 870], [411, 507], [412, 217], [412, -217], [411, 145], [1000, 1087], [1000, -73]], [[4999, 2391], [118, 217]], [[4764, 3260], [59, 435]], [[3705, 2753], [471, 0]], [[4176, 2753], [352, 72]], [[4176, 2753], [-530, 652]]], "transform": {"translate": [9829, 3359], "scale": [0.017001700170017002, 0.0138013801380138]}, "objects": {"features": {"type": "GeometryCollection", "geometries": [{"type": "Polygon", "properties": {"name": "Dongcheng District", "admin_leve": "6", "wikipedia": "zh:东城区 (北京市)", "localname": "东城区", "boundary": "administrative", "id": "CN.beijing.288600"}, "arcs": [[0, 1, 2]]}, {"type": "Polygon", "properties": {"name": "Xicheng District", "admin_leve": "6", "wikipedia": "zh:西城区", "localname": "西城区", "boundary": "administrative", "id": "CN.beijing.568660"}, "arcs": [[3, -3, 4, 5]]}, {"type": "Polygon", "properties": {"admin_leve": "6", "localname": "昌平区", "boundary": "administrative", "id": "CN.beijing.2988894", "name": "Changping District"}, "arcs": [[6, 7, 8, 9, 10, 11, 12]]}, {"type": "Polygon", "properties": {"admin_leve": "6", "localname": "大兴区 / Daxing", "boundary": "administrative", "id": "CN.beijing.2988895", "name": "Daxing District"}, "arcs": [[13, 14, 15, 16, 17]]}, {"type": "Polygon", "properties": {"admin_leve": "6", "localname": "房山区", "boundary": "administrative", "id": "CN.beijing.2988896", "name": "Fangshan District"}, "arcs": [[18, -17, 19, 20]]}, {"type": "Polygon", "properties": {"admin_leve": "6", "localname": "怀柔区 / Huairou", "boundary": "administrative", "id": "CN.beijing.2988897", "name": "Huairou District"}, "arcs": [[21, 22, 23, -7, 24]]}, {"type": "Polygon", "properties": {"name": "Mentougou District", "admin_leve": "6", "wikipedia": "zh:门头沟区", "localname": "门头沟区 / Mentougou", "boundary": "administrative", "id": "CN.beijing.2988898"}, "arcs": [[25, 26, 27, -21, 28, -11]]}, {"type": "Polygon", "properties": {"admin_leve": "6", "localname": "密云县 / Miyun", "boundary": "administrative", "id": "CN.beijing.2988899", "name": "Miyun County"}, "arcs": [[29, 30, 31, -23]]}, {"type": "Polygon", "properties": {"admin_leve": "6", "localname": "平谷区 / Pinggu", "boundary": "administrative", "id": "CN.beijing.2988900", "name": "Pinggu District"}, "arcs": [[-31, 32, 33]]}, {"type": "Polygon", "properties": {"admin_leve": "6", "localname": "顺义区 / Shunyi", "boundary": "administrative", "id": "CN.beijing.2988901", "name": "Shunyi District"}, "arcs": [[-24, -32, -34, 34, 35, 36, -8]]}, {"type": "Polygon", "properties": {"name": "Tongzhou District", "admin_leve": "6", "wikipedia": "zh:通州区 (北京市)", "localname": "通州区 / Tongzhou", "boundary": "administrative", "id": "CN.beijing.2988902"}, "arcs": [[37, -36, 38, -15]]}, {"type": "Polygon", "properties": {"admin_leve": "6", "localname": "延庆县 / Yanqing", "boundary": "administrative", "id": "CN.beijing.2988903", "name": "Yanqing County"}, "arcs": [[-13, 39, -25]]}, {"type": "Polygon", "properties": {"name": "Chaoyang District", "admin_leve": "6", "wikipedia": "zh:朝阳区 (北京市)", "localname": "朝阳区 / Chaoyang", "boundary": "administrative", "id": "CN.beijing.2988933"}, "arcs": [[-37, -38, -14, 40, -1, -4, 41, -9]]}, {"type": "Polygon", "properties": {"admin_leve": "6", "localname": "丰台区 / Fengtai", "boundary": "administrative", "id": "CN.beijing.2988946", "name": "Fengtai District"}, "arcs": [[42, 43, -5, -2, -41, -18, -19, -28]]}, {"type": "Polygon", "properties": {"name": "Haidian District", "admin_leve": "6", "wikipedia": "zh:海淀区", "localname": "海淀区", "boundary": "administrative", "id": "CN.beijing.5505984"}, "arcs": [[-10, -42, -6, -44, 44, -26]]}, {"type": "Polygon", "properties": {"name": "Shijingshan District", "admin_leve": "6", "wikipedia": "zh:石景山区", "localname": "石景山区", "boundary": "administrative", "id": "CN.beijing.5505985"}, "arcs": [[-43, -27, -45]]}]}}, "bbox": [9829, 3359, 9999, 3497], "type": "Topology"}