{"crs": {"type": "name", "properties": {"name": "urn:ogc:def:crs:EPSG:5266"}}, "type": "FeatureCollection", "features": [{"geometry": {"type": "Polygon", "coordinates": [[[678, 9569], [688, 9545], [698, 9539], [696, 9530], [715, 9530], [722, 9518], [727, 9497], [722, 9482], [728, 9467], [721, 9449], [713, 9433], [719, 9414], [697, 9422], [673, 9418], [669, 9421], [674, 9431], [673, 9437], [665, 9443], [640, 9450], [620, 9448], [597, 9462], [596, 9476], [583, 9475], [581, 9486], [567, 9492], [565, 9495], [576, 9503], [588, 9520], [587, 9532], [579, 9537], [577, 9552], [585, 9562], [592, 9581], [585, 9594], [607, 9594], [628, 9586], [641, 9586], [640, 9598], [649, 9628], [654, 9624], [659, 9610], [673, 9607], [675, 9603], [657, 9591], [651, 9580], [670, 9568], [678, 9569]]]}, "type": "Feature", "properties": {"labelrank": 9, "code_hasc": "BT.CK", "name": "Chhukha", "admin": "Bhutan", "type_en": "District", "region": "Western", "woe_id": 2344873, "longitude": 89, "woe_name": "Chhukha", "fips": "BT06", "woe_label": "Chhukha, BT, Bhutan", "latitude": 27, "iso_a2": "BT", "postal": "CK", "type": "Dzongkhag", "id": "BT.CK"}}, {"geometry": {"type": "Polygon", "coordinates": [[[815, 9556], [815, 9505], [812, 9495], [799, 9481], [798, 9468], [786, 9460], [786, 9455], [781, 9456], [779, 9465], [774, 9467], [770, 9454], [767, 9459], [765, 9454], [752, 9450], [738, 9458], [736, 9448], [721, 9449], [728, 9467], [722, 9482], [727, 9497], [722, 9518], [715, 9530], [696, 9530], [698, 9539], [688, 9545], [678, 9569], [685, 9594], [697, 9601], [701, 9612], [705, 9612], [723, 9615], [730, 9612], [742, 9611], [760, 9595], [777, 9569], [790, 9567], [815, 9556]]]}, "type": "Feature", "properties": {"labelrank": 9, "code_hasc": "BT.DA", "name": "Daga", "admin": "Bhutan", "type_en": "District", "region": "Central", "woe_id": 2344875, "longitude": 89, "woe_name": "Daga", "fips": "BT08", "woe_label": "", "latitude": 27, "iso_a2": "BT", "postal": "DA", "type": "Dzongkhag", "id": "BT.DA"}}, {"geometry": {"type": "Polygon", "coordinates": [[[514, 9741], [531, 9724], [543, 9718], [548, 9719], [559, 9689], [567, 9682], [598, 9631], [580, 9615], [585, 9594], [592, 9581], [585, 9562], [570, 9565], [563, 9562], [555, 9546], [541, 9565], [530, 9555], [525, 9556], [519, 9571], [490, 9577], [483, 9600], [473, 9596], [460, 9614], [442, 9620], [447, 9632], [454, 9638], [466, 9637], [472, 9631], [480, 9637], [466, 9674], [471, 9689], [476, 9695], [473, 9703], [498, 9735], [514, 9741]]]}, "type": "Feature", "properties": {"labelrank": 9, "code_hasc": "BT.HA", "name": "Ha", "admin": "Bhutan", "type_en": "District", "region": "Western", "woe_id": 2344877, "longitude": 89, "woe_name": "Ha", "fips": "BT10", "woe_label": "Ha, BT, Bhutan", "latitude": 27, "iso_a2": "BT", "postal": "HA", "type": "Dzongkhag", "id": "BT.HA"}}, {"geometry": {"type": "Polygon", "coordinates": [[[649, 9628], [640, 9598], [641, 9586], [628, 9586], [607, 9594], [585, 9594], [580, 9615], [598, 9631], [567, 9682], [559, 9689], [548, 9719], [543, 9718], [531, 9724], [514, 9741], [521, 9737], [547, 9784], [572, 9774], [603, 9784], [603, 9767], [608, 9758], [600, 9748], [610, 9746], [627, 9722], [634, 9717], [627, 9670], [638, 9662], [637, 9646], [648, 9637], [649, 9628]]]}, "type": "Feature", "properties": {"labelrank": 9, "code_hasc": "BT.PR", "name": "Paro", "admin": "Bhutan", "type_en": "District", "region": "Western", "woe_id": 2344880, "longitude": 89, "woe_name": "Paro", "fips": "BT13", "woe_label": "Paro, BT, Bhutan", "latitude": 27, "iso_a2": "BT", "postal": "PR", "type": "Dzongkhag", "id": "BT.PR"}}, {"geometry": {"type": "Polygon", "coordinates": [[[945, 9898], [931, 9898], [924, 9893], [918, 9876], [906, 9867], [903, 9861], [906, 9842], [904, 9839], [890, 9839], [883, 9835], [876, 9841], [868, 9860], [863, 9864], [846, 9863], [825, 9826], [816, 9819], [801, 9816], [797, 9802], [761, 9821], [744, 9816], [724, 9788], [710, 9786], [704, 9782], [705, 9779], [693, 9775], [677, 9777], [673, 9772], [659, 9782], [656, 9794], [647, 9794], [641, 9786], [635, 9790], [637, 9816], [657, 9839], [644, 9843], [637, 9863], [626, 9869], [614, 9869], [627, 9890], [645, 9902], [659, 9920], [720, 9938], [728, 9953], [743, 9964], [754, 9977], [770, 9984], [782, 9981], [819, 9994], [844, 9986], [852, 9987], [859, 9995], [867, 9999], [878, 9991], [878, 9978], [888, 9965], [900, 9963], [907, 9978], [917, 9978], [927, 9972], [939, 9972], [955, 9961], [980, 9955], [984, 9944], [974, 9940], [968, 9928], [958, 9927], [949, 9917], [945, 9898]]]}, "type": "Feature", "properties": {"labelrank": 9, "code_hasc": "BT.GA", "name": "Gasa", "admin": "Bhutan", "type_en": "District", "region": "Central", "woe_id": 55967862, "longitude": 89, "woe_name": "Gasa", "fips": "BT15", "woe_label": "", "latitude": 28, "iso_a2": "BT", "postal": "GA", "type": "Dzongkhag", "id": "BT.GA"}}, {"geometry": {"type": "Polygon", "coordinates": [[[585, 9562], [577, 9552], [579, 9537], [587, 9532], [588, 9520], [576, 9503], [565, 9495], [567, 9492], [581, 9486], [583, 9475], [596, 9476], [597, 9462], [588, 9468], [567, 9465], [556, 9456], [547, 9454], [520, 9454], [510, 9457], [499, 9479], [487, 9490], [479, 9493], [466, 9490], [459, 9492], [456, 9507], [451, 9514], [444, 9513], [433, 9502], [432, 9538], [426, 9556], [395, 9575], [410, 9606], [442, 9620], [460, 9614], [473, 9596], [483, 9600], [490, 9577], [519, 9571], [525, 9556], [530, 9555], [541, 9565], [555, 9546], [563, 9562], [570, 9565], [585, 9562]]]}, "type": "Feature", "properties": {"labelrank": 9, "code_hasc": "BT.SM", "name": "Samchi", "admin": "Bhutan", "type_en": "District", "region": "Western", "woe_id": 2344883, "longitude": 89, "woe_name": "Samchi", "fips": "BT16", "woe_label": "Samchi, BT, Bhutan", "latitude": 27, "iso_a2": "BT", "postal": "SM", "type": "Dzongkhag", "id": "BT.SM"}}, {"geometry": {"type": "Polygon", "coordinates": [[[673, 9772], [679, 9763], [680, 9738], [699, 9710], [707, 9716], [720, 9721], [730, 9706], [738, 9704], [737, 9691], [732, 9686], [715, 9682], [713, 9668], [716, 9661], [699, 9647], [706, 9640], [705, 9612], [701, 9612], [697, 9601], [685, 9594], [678, 9569], [670, 9568], [651, 9580], [657, 9591], [675, 9603], [673, 9607], [659, 9610], [654, 9624], [649, 9628], [648, 9637], [637, 9646], [638, 9662], [627, 9670], [634, 9717], [627, 9722], [610, 9746], [600, 9748], [608, 9758], [603, 9767], [603, 9784], [572, 9774], [547, 9784], [553, 9805], [588, 9827], [614, 9869], [626, 9869], [637, 9863], [644, 9843], [657, 9839], [637, 9816], [635, 9790], [641, 9786], [647, 9794], [656, 9794], [659, 9782], [673, 9772]]]}, "type": "Feature", "properties": {"labelrank": 7, "code_hasc": "BT.TM", "name": "Thimphu", "admin": "Bhutan", "type_en": "District", "region": "Western", "woe_id": 2344887, "longitude": 89, "woe_name": "Thimphu", "fips": "BT20", "woe_label": "Thimphu, BT, Bhutan", "latitude": 27, "iso_a2": "BT", "postal": "TM", "type": "Dzongkhag", "id": "BT.TM"}}, {"geometry": {"type": "Polygon", "coordinates": [[[797, 9802], [798, 9792], [785, 9776], [784, 9764], [789, 9760], [800, 9759], [808, 9750], [807, 9745], [796, 9738], [768, 9707], [752, 9703], [738, 9704], [730, 9706], [720, 9721], [707, 9716], [699, 9710], [680, 9738], [679, 9763], [673, 9772], [677, 9777], [693, 9775], [705, 9779], [704, 9782], [710, 9786], [724, 9788], [744, 9816], [761, 9821], [797, 9802]]]}, "type": "Feature", "properties": {"labelrank": 9, "code_hasc": "BT.PN", "name": "Punakha", "admin": "Bhutan", "type_en": "District", "region": "Central", "woe_id": 2344882, "longitude": 89, "woe_name": "Punakha", "fips": "BT00", "woe_label": "Punakha, BT, Bhutan", "latitude": 27, "iso_a2": "BT", "postal": "PN", "type": "Dzongkhag", "id": "BT.PN"}}, {"geometry": {"type": "Polygon", "coordinates": [[[1033, 9893], [1034, 9863], [1025, 9846], [1041, 9836], [1047, 9816], [1070, 9799], [1075, 9774], [1085, 9771], [1095, 9760], [1098, 9740], [1092, 9720], [1095, 9698], [1105, 9686], [1097, 9670], [1102, 9658], [1090, 9651], [1086, 9645], [1059, 9635], [1049, 9640], [1035, 9653], [1026, 9651], [1025, 9643], [1001, 9667], [975, 9679], [973, 9699], [958, 9744], [961, 9779], [955, 9789], [943, 9794], [940, 9808], [949, 9821], [951, 9835], [946, 9847], [940, 9849], [935, 9858], [939, 9870], [931, 9882], [945, 9898], [977, 9896], [1006, 9905], [1033, 9893]]]}, "type": "Feature", "properties": {"labelrank": 9, "code_hasc": "BT.BU", "name": "Bumthang", "admin": "Bhutan", "type_en": "District", "region": "Southern", "woe_id": 2344872, "longitude": 90, "woe_name": "Bumthang", "fips": "BT05", "woe_label": "Bumthang, BT, Bhutan", "latitude": 27, "iso_a2": "BT", "postal": "BU", "type": "Dzongkhag", "id": "BT.BU"}}, {"geometry": {"type": "Polygon", "coordinates": [[[895, 9580], [901, 9572], [881, 9557], [876, 9535], [871, 9530], [871, 9518], [840, 9472], [839, 9463], [828, 9460], [818, 9452], [805, 9456], [798, 9468], [799, 9481], [812, 9495], [815, 9505], [815, 9556], [815, 9580], [821, 9582], [842, 9574], [859, 9576], [871, 9567], [895, 9580]]]}, "type": "Feature", "properties": {"labelrank": 9, "code_hasc": "BT.CR", "name": "Chirang", "admin": "Bhutan", "type_en": "District", "region": "Central", "woe_id": 2344874, "longitude": 90, "woe_name": "Chirang", "fips": "BT07", "woe_label": "Chirang, BT, Bhutan", "latitude": 27, "iso_a2": "BT", "postal": "CR", "type": "Dzongkhag", "id": "BT.CR"}}, {"geometry": {"type": "Polygon", "coordinates": [[[960, 9564], [967, 9553], [981, 9544], [989, 9542], [996, 9545], [1003, 9541], [1011, 9525], [1012, 9503], [1024, 9500], [1042, 9485], [1054, 9456], [1078, 9455], [1097, 9459], [1100, 9445], [1096, 9442], [1024, 9438], [983, 9442], [947, 9460], [918, 9481], [907, 9483], [887, 9469], [863, 9467], [853, 9460], [845, 9439], [837, 9432], [762, 9419], [744, 9425], [739, 9412], [719, 9414], [713, 9433], [721, 9449], [736, 9448], [738, 9458], [752, 9450], [765, 9454], [767, 9459], [770, 9454], [774, 9467], [779, 9465], [781, 9456], [786, 9455], [786, 9460], [798, 9468], [805, 9456], [818, 9452], [828, 9460], [839, 9463], [840, 9472], [871, 9518], [871, 9530], [876, 9535], [881, 9557], [901, 9572], [895, 9580], [895, 9585], [903, 9593], [941, 9567], [960, 9564]]]}, "type": "Feature", "properties": {"labelrank": 9, "code_hasc": "BT.GE", "name": "Geylegphug", "admin": "Bhutan", "type_en": "District", "region": "Central", "woe_id": 2344876, "longitude": 90, "woe_name": "Geylegphug", "fips": "BT09", "woe_label": "Geylegphug, BT, Bhutan", "latitude": 27, "iso_a2": "BT", "postal": "GE", "type": "Dzongkhag", "id": "BT.GE"}}, {"geometry": {"type": "Polygon", "coordinates": [[[1247, 9871], [1237, 9861], [1227, 9860], [1211, 9844], [1210, 9808], [1205, 9783], [1208, 9740], [1205, 9732], [1209, 9727], [1203, 9725], [1202, 9714], [1189, 9699], [1193, 9690], [1189, 9673], [1163, 9659], [1156, 9670], [1142, 9673], [1118, 9655], [1102, 9658], [1097, 9670], [1105, 9686], [1095, 9698], [1092, 9720], [1098, 9740], [1095, 9760], [1085, 9771], [1075, 9774], [1070, 9799], [1047, 9816], [1041, 9836], [1025, 9846], [1034, 9863], [1033, 9893], [1082, 9885], [1102, 9867], [1113, 9862], [1126, 9861], [1139, 9864], [1171, 9899], [1194, 9900], [1201, 9907], [1207, 9895], [1217, 9885], [1247, 9871]]]}, "type": "Feature", "properties": {"labelrank": 9, "code_hasc": "BT.LH", "name": "Lhuntshi", "admin": "Bhutan", "type_en": "District", "region": "Eastern", "woe_id": 2344878, "longitude": 91, "woe_name": "Lhuntshi", "fips": "BT11", "woe_label": "Lhuntshi, BT, Bhutan", "latitude": 27, "iso_a2": "BT", "postal": "LH", "type": "Dzongkhag", "id": "BT.LH"}}, {"geometry": {"type": "Polygon", "coordinates": [[[1341, 9685], [1336, 9679], [1294, 9667], [1277, 9653], [1235, 9664], [1241, 9678], [1209, 9727], [1205, 9732], [1208, 9740], [1205, 9783], [1210, 9808], [1211, 9844], [1227, 9860], [1237, 9861], [1247, 9871], [1298, 9861], [1310, 9855], [1315, 9846], [1308, 9824], [1308, 9776], [1293, 9755], [1291, 9741], [1302, 9710], [1319, 9692], [1341, 9685]]]}, "type": "Feature", "properties": {"labelrank": 9, "code_hasc": "BT.TY", "name": "Tashi Yangtse", "admin": "Bhutan", "type_en": "District", "region": "Eastern", "woe_id": 55967863, "longitude": 91, "woe_name": "Tashi Yangtse", "fips": "BT00", "woe_label": "", "latitude": 27, "iso_a2": "BT", "postal": "TY", "type": "Dzongkhag", "id": "BT.TY"}}, {"geometry": {"type": "Polygon", "coordinates": [[[1090, 9651], [1103, 9614], [1109, 9609], [1113, 9595], [1110, 9561], [1120, 9538], [1137, 9530], [1140, 9514], [1145, 9509], [1161, 9499], [1171, 9501], [1165, 9482], [1144, 9479], [1141, 9473], [1117, 9465], [1114, 9455], [1117, 9444], [1096, 9442], [1100, 9445], [1097, 9459], [1078, 9455], [1054, 9456], [1042, 9485], [1024, 9500], [1012, 9503], [1011, 9525], [1003, 9541], [996, 9545], [989, 9542], [981, 9544], [967, 9553], [960, 9564], [977, 9577], [985, 9573], [999, 9575], [987, 9592], [1019, 9610], [1025, 9643], [1026, 9651], [1035, 9653], [1049, 9640], [1059, 9635], [1086, 9645], [1090, 9651]]]}, "type": "Feature", "properties": {"labelrank": 9, "code_hasc": "BT.SG", "name": "Shemgang", "admin": "Bhutan", "type_en": "District", "region": "Southern", "woe_id": 2344885, "longitude": 90, "woe_name": "Shemgang", "fips": "BT18", "woe_label": "Shemgang, BT, Bhutan", "latitude": 27, "iso_a2": "BT", "postal": "SG", "type": "Dzongkhag", "id": "BT.SG"}}, {"geometry": {"type": "Polygon", "coordinates": [[[1025, 9643], [1019, 9610], [987, 9592], [999, 9575], [985, 9573], [977, 9577], [960, 9564], [941, 9567], [903, 9593], [909, 9602], [910, 9612], [905, 9616], [902, 9629], [889, 9642], [872, 9685], [883, 9688], [893, 9696], [904, 9696], [911, 9702], [898, 9711], [888, 9738], [897, 9759], [913, 9760], [919, 9757], [937, 9766], [943, 9794], [955, 9789], [961, 9779], [958, 9744], [973, 9699], [975, 9679], [1001, 9667], [1025, 9643]]]}, "type": "Feature", "properties": {"labelrank": 9, "code_hasc": "BT.TO", "name": "Tongsa", "admin": "Bhutan", "type_en": "District", "region": "Southern", "woe_id": 2344888, "longitude": 90, "woe_name": "Tongsa", "fips": "BT21", "woe_label": "Tongsa, BT, Bhutan", "latitude": 27, "iso_a2": "BT", "postal": "TO", "type": "Dzongkhag", "id": "BT.TO"}}, {"geometry": {"type": "Polygon", "coordinates": [[[943, 9794], [937, 9766], [919, 9757], [913, 9760], [897, 9759], [888, 9738], [898, 9711], [911, 9702], [904, 9696], [893, 9696], [883, 9688], [872, 9685], [889, 9642], [902, 9629], [905, 9616], [910, 9612], [909, 9602], [903, 9593], [895, 9585], [895, 9580], [871, 9567], [859, 9576], [842, 9574], [821, 9582], [815, 9580], [815, 9556], [790, 9567], [777, 9569], [760, 9595], [742, 9611], [730, 9612], [723, 9615], [705, 9612], [706, 9640], [699, 9647], [716, 9661], [713, 9668], [715, 9682], [732, 9686], [737, 9691], [738, 9704], [752, 9703], [768, 9707], [796, 9738], [807, 9745], [808, 9750], [800, 9759], [789, 9760], [784, 9764], [785, 9776], [798, 9792], [797, 9802], [801, 9816], [816, 9819], [825, 9826], [846, 9863], [863, 9864], [868, 9860], [876, 9841], [883, 9835], [890, 9839], [904, 9839], [906, 9842], [903, 9861], [906, 9867], [918, 9876], [924, 9893], [931, 9898], [945, 9898], [931, 9882], [939, 9870], [935, 9858], [940, 9849], [946, 9847], [951, 9835], [949, 9821], [940, 9808], [943, 9794]]]}, "type": "Feature", "properties": {"labelrank": 9, "code_hasc": "BT.WP", "name": "Wangdi Phodrang", "admin": "Bhutan", "type_en": "District", "region": "Central", "woe_id": 2344889, "longitude": 90, "woe_name": "Wangdi Phodrang", "fips": "BT22", "woe_label": "Wangdue Phodrang, BT, Bhutan", "latitude": 27, "iso_a2": "BT", "postal": "WP", "type": "Dzongkhag", "id": "BT.WP"}}, {"geometry": {"type": "Polygon", "coordinates": [[[1235, 9664], [1237, 9659], [1234, 9656], [1256, 9641], [1261, 9626], [1248, 9620], [1236, 9608], [1232, 9579], [1222, 9553], [1188, 9532], [1174, 9510], [1171, 9501], [1161, 9499], [1145, 9509], [1140, 9514], [1137, 9530], [1120, 9538], [1110, 9561], [1113, 9595], [1109, 9609], [1103, 9614], [1090, 9651], [1102, 9658], [1118, 9655], [1142, 9673], [1156, 9670], [1163, 9659], [1189, 9673], [1193, 9690], [1189, 9699], [1202, 9714], [1203, 9725], [1209, 9727], [1241, 9678], [1235, 9664]]]}, "type": "Feature", "properties": {"labelrank": 9, "code_hasc": "BT.MO", "name": "Mongar", "admin": "Bhutan", "type_en": "District", "region": "Eastern", "woe_id": 2344879, "longitude": 91, "woe_name": "Mongar", "fips": "BT12", "woe_label": "Mongar, BT, Bhutan", "latitude": 27, "iso_a2": "BT", "postal": "MO", "type": "Dzongkhag", "id": "BT.MO"}}, {"geometry": {"type": "Polygon", "coordinates": [[[1268, 9528], [1256, 9524], [1250, 9511], [1249, 9495], [1225, 9465], [1216, 9468], [1220, 9484], [1216, 9492], [1209, 9492], [1200, 9501], [1171, 9501], [1174, 9510], [1188, 9532], [1222, 9553], [1232, 9579], [1245, 9578], [1238, 9562], [1254, 9545], [1270, 9543], [1268, 9528]]]}, "type": "Feature", "properties": {"labelrank": 9, "code_hasc": "BT.PM", "name": "Pemagatsel", "admin": "Bhutan", "type_en": "District", "region": "Eastern", "woe_id": 2344881, "longitude": 91, "woe_name": "Pemagatsel", "fips": "BT14", "woe_label": "Pemagatsel, BT, Bhutan", "latitude": 26, "iso_a2": "BT", "postal": "PM", "type": "Dzongkhag", "id": "BT.PM"}}, {"geometry": {"type": "Polygon", "coordinates": [[[1430, 9587], [1425, 9561], [1429, 9550], [1445, 9534], [1456, 9503], [1453, 9485], [1441, 9473], [1422, 9470], [1401, 9483], [1396, 9482], [1397, 9472], [1390, 9469], [1394, 9464], [1392, 9454], [1387, 9455], [1381, 9470], [1375, 9474], [1365, 9472], [1336, 9454], [1316, 9452], [1301, 9456], [1278, 9451], [1264, 9475], [1246, 9476], [1236, 9472], [1223, 9449], [1207, 9442], [1176, 9451], [1133, 9452], [1117, 9444], [1114, 9455], [1117, 9465], [1141, 9473], [1144, 9479], [1165, 9482], [1171, 9501], [1200, 9501], [1209, 9492], [1216, 9492], [1220, 9484], [1216, 9468], [1225, 9465], [1249, 9495], [1250, 9511], [1256, 9524], [1268, 9528], [1273, 9526], [1298, 9540], [1312, 9538], [1355, 9553], [1368, 9572], [1396, 9579], [1397, 9603], [1400, 9609], [1404, 9607], [1412, 9590], [1430, 9587]]]}, "type": "Feature", "properties": {"labelrank": 9, "code_hasc": "BT.SJ", "name": "Samdrup Jongkhar", "admin": "Bhutan", "type_en": "District", "region": "Eastern", "woe_id": 2344884, "longitude": 91, "woe_name": "Samdrup Jongkhar", "fips": "BT17", "woe_label": "Samdrup, BT, Bhutan", "latitude": 26, "iso_a2": "BT", "postal": "SJ", "type": "Dzongkhag", "id": "BT.SJ"}}, {"geometry": {"type": "Polygon", "coordinates": [[[1430, 9587], [1412, 9590], [1404, 9607], [1400, 9609], [1397, 9603], [1396, 9579], [1368, 9572], [1355, 9553], [1312, 9538], [1298, 9540], [1273, 9526], [1268, 9528], [1270, 9543], [1254, 9545], [1238, 9562], [1245, 9578], [1232, 9579], [1236, 9608], [1248, 9620], [1261, 9626], [1256, 9641], [1234, 9656], [1237, 9659], [1235, 9664], [1277, 9653], [1294, 9667], [1336, 9679], [1341, 9685], [1348, 9670], [1382, 9680], [1402, 9681], [1419, 9691], [1456, 9628], [1453, 9622], [1439, 9608], [1437, 9595], [1430, 9587]]]}, "type": "Feature", "properties": {"labelrank": 9, "code_hasc": "BT.TA", "name": "Tashigang", "admin": "Bhutan", "type_en": "District", "region": "Eastern", "woe_id": 2344886, "longitude": 91, "woe_name": "Tashigang", "fips": "BT19", "woe_label": "Tashigang, BT, Bhutan", "latitude": 27, "iso_a2": "BT", "postal": "TA", "type": "Dzongkhag", "id": "BT.TA"}}], "ac-tx": {"default": {"crs": "+proj=tmerc +lat_0=0 +lon_0=90 +k=1 +x_0=250000 +y_0=0 +ellps=GRS80 +towgs84=0,0,0,0,0,0,0 +units=m +no_defs", "scale": 0.0031862406525374268}}}