{"crs": {"type": "name", "properties": {"name": "urn:ogc:def:crs:EPSG:32631"}}, "type": "FeatureCollection", "features": [{"geometry": {"type": "Polygon", "coordinates": [[[998, 7811], [1006, 7610], [958, 7204], [856, 7119], [747, 7108], [688, 7069], [751, 6984], [756, 6913], [802, 6871], [790, 5991], [807, 5966], [1387, 5614], [1406, 5587], [1414, 5526], [1418, 5125], [1301, 5102], [1251, 5134], [1242, 5150], [1282, 5213], [1266, 5329], [1202, 5362], [1063, 5393], [1013, 5451], [980, 5435], [934, 5441], [876, 5486], [872, 5519], [851, 5540], [801, 5556], [785, 5577], [749, 5579], [748, 5676], [-73, 6282], [-906, 6929], [-224, 7351], [-392, 7729], [-344, 7731], [-221, 7656], [-171, 7644], [58, 7764], [277, 7795], [309, 7817], [463, 8011], [610, 8268], [715, 8370], [1005, 8517], [1000, 8302], [968, 8096], [998, 7811]]]}, "type": "Feature", "properties": {"labelrank": 6, "code_hasc": "DZ.AR", "name": "Adrar", "admin": "Algeria", "type_en": "Province", "region": "", "woe_id": 2344604, "longitude": 0, "woe_name": "Adrar", "fips": "AG34", "woe_label": "Adrar, DZ, Algeria", "latitude": 25, "iso_a2": "DZ", "postal": "AR", "type": "Wilaya", "id": "DZ.AR"}}, {"geometry": {"type": "Polygon", "coordinates": [[[405, 9522], [357, 9503], [354, 9477], [329, 9459], [255, 9490], [251, 9525], [311, 9604], [332, 9575], [318, 9548], [396, 9563], [414, 9543], [405, 9522]]]}, "type": "Feature", "properties": {"labelrank": 6, "code_hasc": "DZ.AT", "name": "Aïn Témouchent", "admin": "Algeria", "type_en": "Province", "region": "", "woe_id": 2344606, "longitude": 0, "woe_name": "Aïn Témouchent", "fips": "AG36", "woe_label": "'AÃ¯n Temouchent, DZ, Algeria", "latitude": 35, "iso_a2": "DZ", "postal": "AT", "type": "Wilaya", "id": "DZ.AT"}}, {"geometry": {"type": "Polygon", "coordinates": [[[531, 9641], [531, 9640], [433, 9542], [415, 9514], [405, 9522], [414, 9543], [396, 9563], [318, 9548], [332, 9575], [311, 9604], [380, 9642], [423, 9629], [453, 9671], [481, 9675], [494, 9653], [531, 9641]]]}, "type": "Feature", "properties": {"labelrank": 7, "code_hasc": "DZ.OR", "name": "Oran", "admin": "Algeria", "type_en": "Province", "region": "", "woe_id": 2344584, "longitude": 0, "woe_name": "Oran", "fips": "AG09", "woe_label": "Oran, DZ, Algeria", "latitude": 35, "iso_a2": "DZ", "postal": "OR", "type": "Wilaya", "id": "DZ.OR"}}, {"geometry": {"type": "Polygon", "coordinates": [[[514, 9462], [495, 9454], [489, 9403], [467, 9395], [522, 9342], [533, 9306], [435, 9223], [415, 9246], [356, 9222], [293, 9240], [349, 9290], [345, 9312], [379, 9355], [351, 9365], [334, 9416], [344, 9447], [329, 9459], [354, 9477], [357, 9503], [405, 9522], [415, 9514], [433, 9542], [451, 9547], [450, 9527], [511, 9509], [514, 9462]]]}, "type": "Feature", "properties": {"labelrank": 7, "code_hasc": "DZ.SB", "name": "Sidi Bel Abbès", "admin": "Algeria", "type_en": "Province", "region": "", "woe_id": 2344601, "longitude": 0, "woe_name": "Sidi Bel Abbès", "fips": "AG30", "woe_label": "Sidi Bel Abbes, DZ, Algeria", "latitude": 34, "iso_a2": "DZ", "postal": "SB", "type": "Wilaya", "id": "DZ.SB"}}, {"geometry": {"type": "Polygon", "coordinates": [[[329, 9459], [344, 9447], [334, 9416], [351, 9365], [379, 9355], [345, 9312], [349, 9290], [293, 9240], [167, 9197], [140, 9274], [165, 9301], [129, 9335], [154, 9373], [63, 9448], [58, 9472], [117, 9465], [251, 9525], [255, 9490], [329, 9459]]]}, "type": "Feature", "properties": {"labelrank": 7, "code_hasc": "DZ.TL", "name": "Tlemcen", "admin": "Algeria", "type_en": "Province", "region": "", "woe_id": 2344589, "longitude": -1, "woe_name": "Tlemcen", "fips": "AG15", "woe_label": "Tlemcen, DZ, Algeria", "latitude": 34, "iso_a2": "DZ", "postal": "TL", "type": "Wilaya", "id": "DZ.TL"}}, {"geometry": {"type": "Polygon", "coordinates": [[[610, 8268], [463, 8011], [309, 7817], [277, 7795], [58, 7764], [-171, 7644], [-221, 7656], [-344, 7731], [-392, 7729], [-761, 7654], [-908, 8039], [-850, 8044], [-843, 8019], [-800, 8016], [-705, 8132], [-570, 8207], [-507, 8263], [-333, 8307], [-334, 8342], [-308, 8372], [-346, 8434], [-372, 8434], [-362, 8479], [-329, 8491], [-321, 8561], [-127, 8589], [-149, 8659], [-50, 8677], [249, 8652], [250, 8670], [228, 8669], [236, 8690], [297, 8688], [322, 8653], [520, 8707], [429, 8457], [484, 8383], [610, 8268]]]}, "type": "Feature", "properties": {"labelrank": 6, "code_hasc": "DZ.BC", "name": "Béchar", "admin": "Algeria", "type_en": "Province", "region": "", "woe_id": 2344608, "longitude": -2, "woe_name": "Béchar", "fips": "AG38", "woe_label": "Bechar, DZ, Algeria", "latitude": 30, "iso_a2": "DZ", "postal": "BC", "type": "Wilaya", "id": "DZ.BC"}}, {"geometry": {"type": "Polygon", "coordinates": [[[435, 9223], [460, 9138], [511, 9182], [527, 9178], [529, 9154], [562, 9170], [551, 8971], [508, 8772], [529, 8750], [520, 8707], [322, 8653], [297, 8688], [236, 8690], [251, 8733], [294, 8759], [208, 8830], [179, 8883], [194, 8916], [155, 8975], [173, 9051], [146, 9092], [167, 9197], [293, 9240], [356, 9222], [415, 9246], [435, 9223]]]}, "type": "Feature", "properties": {"labelrank": 6, "code_hasc": "DZ.NA", "name": "Naâma", "admin": "Algeria", "type_en": "Province", "region": "", "woe_id": 2344619, "longitude": 0, "woe_name": "Naâma", "fips": "AG49", "woe_label": "Naama, DZ, Algeria", "latitude": 33, "iso_a2": "DZ", "postal": "NA", "type": "Wilaya", "id": "DZ.NA"}}, {"geometry": {"type": "Polygon", "coordinates": [[[-392, 7729], [-224, 7351], [-906, 6929], [-1607, 7472], [-1565, 7860], [-1297, 8020], [-1233, 8013], [-1182, 8043], [-1097, 8018], [-1076, 8035], [-908, 8039], [-761, 7654], [-392, 7729]]]}, "type": "Feature", "properties": {"labelrank": 6, "code_hasc": "DZ.TN", "name": "Tindouf", "admin": "Algeria", "type_en": "Province", "region": "", "woe_id": 2344624, "longitude": -5, "woe_name": "Tindouf", "fips": "AG54", "woe_label": "Tindouf, DZ, Algeria", "latitude": 27, "iso_a2": "DZ", "postal": "TN", "type": "Wilaya", "id": "DZ.TN"}}, {"geometry": {"type": "Polygon", "coordinates": [[[2250, 9953], [2226, 9890], [2202, 9876], [2168, 9905], [2137, 9998], [2236, 9972], [2254, 9981], [2250, 9953]]]}, "type": "Feature", "properties": {"labelrank": 9, "code_hasc": "DZ.AN", "name": "Annaba", "admin": "Algeria", "type_en": "Province", "region": "", "woe_id": 2344607, "longitude": 7, "woe_name": "Annaba", "fips": "AG37", "woe_label": "Annaba, DZ, Algeria", "latitude": 36, "iso_a2": "DZ", "postal": "AN", "type": "Wilaya", "id": "DZ.AN"}}, {"geometry": {"type": "Polygon", "coordinates": [[[2342, 9850], [2311, 9825], [2303, 9846], [2226, 9890], [2250, 9953], [2280, 9944], [2349, 9977], [2400, 9964], [2429, 9976], [2439, 9949], [2391, 9932], [2396, 9899], [2342, 9850]]]}, "type": "Feature", "properties": {"labelrank": 6, "code_hasc": "DZ.ET", "name": "El Tarf", "admin": "Algeria", "type_en": "Province", "region": "", "woe_id": 2344614, "longitude": 8, "woe_name": "El Tarf", "fips": "AG44", "woe_label": "El Tarf, DZ, Algeria", "latitude": 36, "iso_a2": "DZ", "postal": "ET", "type": "Wilaya", "id": "DZ.ET"}}, {"geometry": {"type": "Polygon", "coordinates": [[[1968, 9857], [1932, 9868], [1811, 9845], [1769, 9836], [1754, 9853], [1743, 9873], [1804, 9918], [1874, 9928], [1919, 9951], [1971, 9881], [1968, 9857]]]}, "type": "Feature", "properties": {"labelrank": 7, "code_hasc": "DZ.JJ", "name": "Jijel", "admin": "Algeria", "type_en": "Province", "region": "", "woe_id": 2344596, "longitude": 5, "woe_name": "Jijel", "fips": "AG24", "woe_label": "Jijel, DZ, Algeria", "latitude": 36, "iso_a2": "DZ", "postal": "JJ", "type": "Wilaya", "id": "DZ.JJ"}}, {"geometry": {"type": "Polygon", "coordinates": [[[2137, 9998], [2168, 9905], [2074, 9821], [2048, 9829], [2067, 9855], [2010, 9866], [1978, 9857], [1968, 9857], [1971, 9881], [1919, 9951], [1924, 9975], [1964, 9996], [1995, 9964], [2063, 9945], [2116, 9953], [2137, 9978], [2120, 9999], [2137, 9998]]]}, "type": "Feature", "properties": {"labelrank": 7, "code_hasc": "DZ.SK", "name": "Skikda", "admin": "Algeria", "type_en": "Province", "region": "", "woe_id": 2344602, "longitude": 6, "woe_name": "Skikda", "fips": "AG31", "woe_label": "Skikda, DZ, Algeria", "latitude": 36, "iso_a2": "DZ", "postal": "SK", "type": "Wilaya", "id": "DZ.SK"}}, {"geometry": {"type": "Polygon", "coordinates": [[[3375, 6521], [2627, 6483], [2580, 6542], [2438, 6575], [2356, 6634], [2279, 6660], [2225, 6717], [2218, 6768], [2237, 6816], [2193, 6873], [2181, 6942], [2078, 6976], [2020, 7047], [1988, 7064], [2008, 7156], [1931, 7228], [1893, 7356], [1906, 7393], [1997, 7478], [2070, 7513], [2055, 7567], [1919, 7672], [2114, 7779], [2200, 7774], [2711, 8117], [2787, 8009], [2832, 7882], [2844, 7790], [2834, 7648], [2878, 7542], [2835, 7388], [2866, 7285], [2888, 7265], [2879, 7178], [2791, 7127], [2767, 7076], [2933, 6857], [2946, 6729], [2987, 6702], [3006, 6656], [3045, 6630], [3115, 6657], [3320, 6603], [3375, 6521]]]}, "type": "Feature", "properties": {"labelrank": 6, "code_hasc": "DZ.IL", "name": "Illizi", "admin": "Algeria", "type_en": "Province", "region": "", "woe_id": 2344616, "longitude": 8, "woe_name": "Illizi", "fips": "AG46", "woe_label": "Illizi, DZ, Algeria", "latitude": 26, "iso_a2": "DZ", "postal": "IL", "type": "Wilaya", "id": "DZ.IL"}}, {"geometry": {"type": "Polygon", "coordinates": [[[1919, 7672], [2055, 7567], [2070, 7513], [1997, 7478], [1906, 7393], [1893, 7356], [1931, 7228], [2008, 7156], [1988, 7064], [2020, 7047], [2078, 6976], [2181, 6942], [2193, 6873], [2237, 6816], [2218, 6768], [2225, 6717], [2279, 6660], [2356, 6634], [2438, 6575], [2580, 6542], [2627, 6483], [3375, 6521], [3448, 6394], [2904, 6005], [2350, 5628], [1929, 5235], [1418, 5125], [1414, 5526], [1406, 5587], [1387, 5614], [807, 5966], [790, 5991], [802, 6871], [756, 6913], [751, 6984], [688, 7069], [747, 7108], [856, 7119], [958, 7204], [1006, 7610], [998, 7811], [1212, 7834], [1410, 7679], [1632, 7658], [1919, 7672]]]}, "type": "Feature", "properties": {"labelrank": 6, "code_hasc": "DZ.TM", "name": "Tamanghasset", "admin": "Algeria", "type_en": "Province", "region": "", "woe_id": 2344623, "longitude": 6, "woe_name": "Tamanghasset", "fips": "AG53", "woe_label": "Tamanghasset, DZ, Algeria", "latitude": 23, "iso_a2": "DZ", "postal": "TM", "type": "Wilaya", "id": "DZ.TM"}}, {"geometry": {"type": "Polygon", "coordinates": [[[842, 9169], [863, 9137], [941, 9104], [994, 9014], [984, 8958], [1054, 8797], [1065, 8645], [1035, 8589], [1041, 8548], [1005, 8517], [715, 8370], [610, 8268], [484, 8383], [429, 8457], [520, 8707], [529, 8750], [508, 8772], [551, 8971], [562, 9170], [597, 9217], [715, 9271], [763, 9255], [776, 9243], [773, 9204], [820, 9203], [842, 9169]]]}, "type": "Feature", "properties": {"labelrank": 6, "code_hasc": "DZ.EB", "name": "El Bayadh", "admin": "Algeria", "type_en": "Province", "region": "", "woe_id": 2344612, "longitude": 0, "woe_name": "El Bayadh", "fips": "AG42", "woe_label": "El Bayadh, DZ, Algeria", "latitude": 32, "iso_a2": "DZ", "postal": "EB", "type": "Wilaya", "id": "DZ.EB"}}, {"geometry": {"type": "Polygon", "coordinates": [[[2042, 9264], [2054, 9244], [2143, 9210], [2234, 9201], [2225, 9131], [2281, 9014], [2287, 8965], [2371, 8932], [2419, 8864], [2434, 8781], [2598, 8676], [2609, 8648], [2207, 8629], [2141, 8640], [2057, 8761], [1981, 8976], [1938, 8991], [1670, 9002], [1695, 9037], [1741, 9112], [1745, 9199], [1704, 9249], [1732, 9288], [1886, 9264], [1933, 9275], [2005, 9247], [2042, 9264]]]}, "type": "Feature", "properties": {"labelrank": 6, "code_hasc": "DZ.", "name": "El Oued", "admin": "Algeria", "type_en": "Province", "region": "", "woe_id": 2344613, "longitude": 7, "woe_name": "El Oued", "fips": "", "woe_label": "El Oued, DZ, Algeria", "latitude": 33, "iso_a2": "DZ", "postal": "", "type": "Wilaya", "id": "DZ.1950"}}, {"geometry": {"type": "Polygon", "coordinates": [[[1666, 8839], [1613, 8755], [1527, 8680], [1471, 8554], [1404, 8068], [1329, 7972], [1297, 7883], [1212, 7834], [998, 7811], [968, 8096], [1000, 8302], [1005, 8517], [1041, 8548], [1035, 8589], [1065, 8645], [1054, 8797], [1239, 8833], [1289, 8819], [1384, 8879], [1483, 8888], [1666, 8839]]]}, "type": "Feature", "properties": {"labelrank": 6, "code_hasc": "DZ.GR", "name": "Ghardaïa", "admin": "Algeria", "type_en": "Province", "region": "", "woe_id": 2344615, "longitude": 3, "woe_name": "Ghardaïa", "fips": "AG45", "woe_label": "Ghardaia, DZ, Algeria", "latitude": 31, "iso_a2": "DZ", "postal": "GR", "type": "Wilaya", "id": "DZ.GR"}}, {"geometry": {"type": "Polygon", "coordinates": [[[1483, 8888], [1384, 8879], [1289, 8819], [1239, 8833], [1054, 8797], [984, 8958], [994, 9014], [941, 9104], [863, 9137], [842, 9169], [912, 9219], [949, 9270], [1042, 9330], [1073, 9335], [1058, 9267], [1100, 9179], [1098, 9127], [1135, 9124], [1139, 9175], [1175, 9185], [1204, 9219], [1237, 9212], [1268, 9134], [1456, 8947], [1483, 8888]]]}, "type": "Feature", "properties": {"labelrank": 7, "code_hasc": "DZ.LG", "name": "Laghouat", "admin": "Algeria", "type_en": "Province", "region": "", "woe_id": 2344597, "longitude": 2, "woe_name": "Laghouat", "fips": "AG25", "woe_label": "Laghouat, DZ, Algeria", "latitude": 33, "iso_a2": "DZ", "postal": "LG", "type": "Wilaya", "id": "DZ.LG"}}, {"geometry": {"type": "Polygon", "coordinates": [[[2609, 8648], [2743, 8175], [2690, 8142], [2711, 8117], [2200, 7774], [2114, 7779], [1919, 7672], [1632, 7658], [1410, 7679], [1212, 7834], [1297, 7883], [1329, 7972], [1404, 8068], [1471, 8554], [1527, 8680], [1613, 8755], [1666, 8839], [1658, 8947], [1670, 9002], [1938, 8991], [1981, 8976], [2057, 8761], [2141, 8640], [2207, 8629], [2609, 8648]]]}, "type": "Feature", "properties": {"labelrank": 6, "code_hasc": "DZ.OG", "name": "Ouargla", "admin": "Algeria", "type_en": "Province", "region": "", "woe_id": 2344620, "longitude": 6, "woe_name": "Ouargla", "fips": "AG50", "woe_label": "Ouargla, DZ, Algeria", "latitude": 31, "iso_a2": "DZ", "postal": "OG", "type": "Wilaya", "id": "DZ.OG"}}, {"geometry": {"type": "Polygon", "coordinates": [[[1253, 9887], [1266, 9872], [1237, 9862], [1221, 9879], [1212, 9907], [1253, 9887]]]}, "type": "Feature", "properties": {"labelrank": 9, "code_hasc": "DZ.AL", "name": "Alger", "admin": "Algeria", "type_en": "Province", "region": "", "woe_id": 2344579, "longitude": 3, "woe_name": "Alger", "fips": "AG01", "woe_label": "Alger, DZ, Algeria", "latitude": 36, "iso_a2": "DZ", "postal": "AL", "type": "Wilaya", "id": "DZ.AL"}}, {"geometry": {"type": "Polygon", "coordinates": [[[1441, 9930], [1418, 9895], [1424, 9878], [1378, 9865], [1375, 9851], [1355, 9849], [1356, 9874], [1319, 9873], [1266, 9872], [1253, 9887], [1265, 9906], [1316, 9896], [1395, 9934], [1441, 9930]]]}, "type": "Feature", "properties": {"labelrank": 6, "code_hasc": "DZ.BM", "name": "Boumerdès", "admin": "Algeria", "type_en": "Province", "region": "", "woe_id": 2344610, "longitude": 3, "woe_name": "Boumerdès", "fips": "AG40", "woe_label": "Boumerdes, DZ, Algeria", "latitude": 36, "iso_a2": "DZ", "postal": "BM", "type": "Wilaya", "id": "DZ.BM"}}, {"geometry": {"type": "Polygon", "coordinates": [[[1561, 9931], [1573, 9905], [1551, 9890], [1562, 9868], [1514, 9817], [1420, 9816], [1375, 9851], [1378, 9865], [1424, 9878], [1418, 9895], [1441, 9930], [1561, 9931]]]}, "type": "Feature", "properties": {"labelrank": 7, "code_hasc": "DZ.TO", "name": "Tizi Ouzou", "admin": "Algeria", "type_en": "Province", "region": "", "woe_id": 2344588, "longitude": 4, "woe_name": "Tizi Ouzou", "fips": "AG14", "woe_label": "Tizi Ouzou, DZ, Algeria", "latitude": 36, "iso_a2": "DZ", "postal": "TO", "type": "Wilaya", "id": "DZ.TO"}}, {"geometry": {"type": "Polygon", "coordinates": [[[1212, 9907], [1221, 9879], [1222, 9866], [1180, 9859], [1102, 9801], [953, 9805], [936, 9788], [921, 9809], [933, 9836], [1070, 9859], [1129, 9848], [1212, 9907]]]}, "type": "Feature", "properties": {"labelrank": 6, "code_hasc": "DZ.TP", "name": "Tipaza", "admin": "Algeria", "type_en": "Province", "region": "", "woe_id": 2344625, "longitude": 2, "woe_name": "Tipaza", "fips": "AG55", "woe_label": "Tipaza, DZ, Algeria", "latitude": 36, "iso_a2": "DZ", "postal": "TP", "type": "Wilaya", "id": "DZ.TP"}}, {"geometry": {"type": "Polygon", "coordinates": [[[1102, 9801], [1112, 9785], [1142, 9785], [1104, 9757], [1113, 9739], [1137, 9736], [1065, 9652], [998, 9666], [964, 9651], [933, 9668], [900, 9784], [921, 9809], [936, 9788], [953, 9805], [1102, 9801]]]}, "type": "Feature", "properties": {"labelrank": 6, "code_hasc": "DZ.AD", "name": "Aïn Defla", "admin": "Algeria", "type_en": "Province", "region": "", "woe_id": 2344605, "longitude": 2, "woe_name": "Aïn Defla", "fips": "AG35", "woe_label": "Ain Defla, DZ, Algeria", "latitude": 36, "iso_a2": "DZ", "postal": "AD", "type": "Wilaya", "id": "DZ.AD"}}, {"geometry": {"type": "Polygon", "coordinates": [[[933, 9836], [921, 9809], [900, 9784], [933, 9668], [899, 9691], [867, 9647], [841, 9681], [812, 9676], [766, 9700], [756, 9745], [714, 9743], [723, 9784], [790, 9823], [933, 9836]]]}, "type": "Feature", "properties": {"labelrank": 7, "code_hasc": "DZ.CH", "name": "Chlef", "admin": "Algeria", "type_en": "Province", "region": "", "woe_id": 2344611, "longitude": 1, "woe_name": "Chlef", "fips": "AG41", "woe_label": "Chlef, DZ, Algeria", "latitude": 36, "iso_a2": "DZ", "postal": "CH", "type": "Wilaya", "id": "DZ.CH"}}, {"geometry": {"type": "Polygon", "coordinates": [[[606, 9614], [625, 9576], [736, 9542], [748, 9527], [734, 9505], [689, 9498], [660, 9448], [597, 9432], [576, 9453], [547, 9445], [528, 9471], [514, 9462], [511, 9509], [450, 9527], [451, 9547], [433, 9542], [531, 9640], [546, 9620], [579, 9631], [589, 9611], [606, 9614]]]}, "type": "Feature", "properties": {"labelrank": 7, "code_hasc": "DZ.MC", "name": "Mascara", "admin": "Algeria", "type_en": "Province", "region": "", "woe_id": 2344598, "longitude": 0, "woe_name": "Mascara", "fips": "AG26", "woe_label": "Mascara, DZ, Algeria", "latitude": 35, "iso_a2": "DZ", "postal": "MC", "type": "Wilaya", "id": "DZ.MC"}}, {"geometry": {"type": "Polygon", "coordinates": [[[714, 9743], [674, 9685], [657, 9681], [650, 9645], [606, 9614], [589, 9611], [579, 9631], [546, 9620], [531, 9640], [531, 9641], [565, 9660], [587, 9710], [635, 9751], [723, 9784], [714, 9743]]]}, "type": "Feature", "properties": {"labelrank": 7, "code_hasc": "DZ.MG", "name": "Mostaganem", "admin": "Algeria", "type_en": "Province", "region": "", "woe_id": 2344583, "longitude": 0, "woe_name": "Mostaganem", "fips": "AG07", "woe_label": "Mostaganem, DZ, Algeria", "latitude": 35, "iso_a2": "DZ", "postal": "MG", "type": "Wilaya", "id": "DZ.MG"}}, {"geometry": {"type": "Polygon", "coordinates": [[[867, 9647], [837, 9630], [830, 9595], [778, 9577], [736, 9542], [625, 9576], [606, 9614], [650, 9645], [657, 9681], [674, 9685], [714, 9743], [756, 9745], [766, 9700], [812, 9676], [841, 9681], [867, 9647]]]}, "type": "Feature", "properties": {"labelrank": 6, "code_hasc": "DZ.RE", "name": "Relizane", "admin": "Algeria", "type_en": "Province", "region": "", "woe_id": 2344621, "longitude": 0, "woe_name": "Relizane", "fips": "AG51", "woe_label": "Relizane, DZ, Algeria", "latitude": 35, "iso_a2": "DZ", "postal": "RE", "type": "Wilaya", "id": "DZ.RE"}}, {"geometry": {"type": "Polygon", "coordinates": [[[660, 9448], [695, 9448], [723, 9415], [697, 9381], [737, 9288], [715, 9271], [597, 9217], [562, 9170], [529, 9154], [527, 9178], [511, 9182], [460, 9138], [435, 9223], [533, 9306], [522, 9342], [467, 9395], [489, 9403], [495, 9454], [514, 9462], [528, 9471], [547, 9445], [576, 9453], [597, 9432], [660, 9448]]]}, "type": "Feature", "properties": {"labelrank": 7, "code_hasc": "DZ.SD", "name": "Saïda", "admin": "Algeria", "type_en": "Province", "region": "", "woe_id": 2344585, "longitude": 0, "woe_name": "Saïda", "fips": "AG10", "woe_label": "Saida, DZ, Algeria", "latitude": 34, "iso_a2": "DZ", "postal": "SD", "type": "Wilaya", "id": "DZ.SD"}}, {"geometry": {"type": "Polygon", "coordinates": [[[1050, 9569], [1058, 9536], [1078, 9473], [1132, 9426], [1110, 9417], [1073, 9335], [1042, 9330], [949, 9270], [912, 9219], [842, 9169], [820, 9203], [773, 9204], [776, 9243], [763, 9255], [715, 9271], [737, 9288], [697, 9381], [723, 9415], [695, 9448], [660, 9448], [689, 9498], [734, 9505], [748, 9527], [736, 9542], [778, 9577], [830, 9595], [840, 9587], [852, 9606], [920, 9567], [1050, 9569]]]}, "type": "Feature", "properties": {"labelrank": 6, "code_hasc": "DZ.TR", "name": "Tiaret", "admin": "Algeria", "type_en": "Province", "region": "", "woe_id": 2344587, "longitude": 1, "woe_name": "Tiaret", "fips": "AG13", "woe_label": "Tiaret, DZ, Algeria", "latitude": 34, "iso_a2": "DZ", "postal": "TR", "type": "Wilaya", "id": "DZ.TR"}}, {"geometry": {"type": "Polygon", "coordinates": [[[933, 9668], [964, 9651], [998, 9666], [1065, 9652], [1031, 9606], [1050, 9569], [920, 9567], [852, 9606], [840, 9587], [830, 9595], [837, 9630], [867, 9647], [899, 9691], [933, 9668]]]}, "type": "Feature", "properties": {"labelrank": 6, "code_hasc": "DZ.TS", "name": "Tissemsilt", "admin": "Algeria", "type_en": "Province", "region": "", "woe_id": 2344626, "longitude": 1, "woe_name": "Tissemsilt", "fips": "AG56", "woe_label": "", "latitude": 35, "iso_a2": "DZ", "postal": "TS", "type": "Wilaya", "id": "DZ.TS"}}, {"geometry": {"type": "Polygon", "coordinates": [[[1609, 9793], [1613, 9774], [1660, 9776], [1708, 9746], [1686, 9653], [1667, 9632], [1623, 9657], [1538, 9644], [1554, 9674], [1543, 9697], [1518, 9687], [1453, 9696], [1512, 9781], [1527, 9750], [1546, 9750], [1572, 9758], [1573, 9781], [1597, 9804], [1609, 9793]]]}, "type": "Feature", "properties": {"labelrank": 7, "code_hasc": "DZ.BB", "name": "Bordj Bou Arréridj", "admin": "Algeria", "type_en": "Province", "region": "", "woe_id": 2344609, "longitude": 4, "woe_name": "Bordj Bou Arréridj", "fips": "AG39", "woe_label": "Bordj Bou Arreridj, DZ, Algeria", "latitude": 36, "iso_a2": "DZ", "postal": "BB", "type": "Wilaya", "id": "DZ.BB"}}, {"geometry": {"type": "Polygon", "coordinates": [[[1743, 9873], [1754, 9853], [1752, 9829], [1718, 9798], [1693, 9803], [1693, 9835], [1673, 9848], [1640, 9827], [1649, 9816], [1635, 9796], [1609, 9793], [1597, 9804], [1573, 9781], [1572, 9758], [1546, 9750], [1527, 9750], [1512, 9781], [1514, 9817], [1562, 9868], [1551, 9890], [1573, 9905], [1561, 9931], [1603, 9932], [1672, 9903], [1670, 9885], [1702, 9868], [1743, 9873]]]}, "type": "Feature", "properties": {"labelrank": 7, "code_hasc": "DZ.BJ", "name": "Béjaïa", "admin": "Algeria", "type_en": "Province", "region": "", "woe_id": 2344590, "longitude": 4, "woe_name": "Béjaïa", "fips": "AG18", "woe_label": "Bejaia, DZ, Algeria", "latitude": 36, "iso_a2": "DZ", "postal": "BJ", "type": "Wilaya", "id": "DZ.BJ"}}, {"geometry": {"type": "Polygon", "coordinates": [[[1319, 9873], [1327, 9855], [1277, 9819], [1215, 9782], [1196, 9799], [1142, 9785], [1112, 9785], [1102, 9801], [1180, 9859], [1222, 9866], [1221, 9879], [1237, 9862], [1266, 9872], [1319, 9873]]]}, "type": "Feature", "properties": {"labelrank": 7, "code_hasc": "DZ.BL", "name": "Blida", "admin": "Algeria", "type_en": "Province", "region": "", "woe_id": 2344592, "longitude": 2, "woe_name": "Blida", "fips": "AG20", "woe_label": "Blida, DZ, Algeria", "latitude": 36, "iso_a2": "DZ", "postal": "BL", "type": "Wilaya", "id": "DZ.BL"}}, {"geometry": {"type": "Polygon", "coordinates": [[[1375, 9851], [1420, 9816], [1514, 9817], [1512, 9781], [1453, 9696], [1440, 9652], [1354, 9667], [1339, 9701], [1337, 9801], [1308, 9797], [1277, 9819], [1327, 9855], [1319, 9873], [1356, 9874], [1355, 9849], [1375, 9851]]]}, "type": "Feature", "properties": {"labelrank": 7, "code_hasc": "DZ.BU", "name": "Bouira", "admin": "Algeria", "type_en": "Province", "region": "", "woe_id": 2344593, "longitude": 3, "woe_name": "Bouira", "fips": "AG21", "woe_label": "Bouira, DZ, Algeria", "latitude": 36, "iso_a2": "DZ", "postal": "BU", "type": "Wilaya", "id": "DZ.BU"}}, {"geometry": {"type": "Polygon", "coordinates": [[[2014, 9372], [2042, 9376], [2050, 9359], [2042, 9264], [2005, 9247], [1933, 9275], [1886, 9264], [1732, 9288], [1704, 9249], [1745, 9199], [1741, 9112], [1695, 9037], [1522, 9138], [1488, 9212], [1510, 9218], [1480, 9286], [1500, 9318], [1535, 9358], [1660, 9388], [1668, 9444], [1720, 9428], [1778, 9442], [1795, 9454], [1781, 9476], [1842, 9504], [1881, 9488], [1865, 9443], [1880, 9424], [1897, 9444], [1919, 9426], [1976, 9448], [1981, 9387], [2014, 9372]]]}, "type": "Feature", "properties": {"labelrank": 7, "code_hasc": "DZ.BS", "name": "Biskra", "admin": "Algeria", "type_en": "Province", "region": "", "woe_id": 2344591, "longitude": 5, "woe_name": "Biskra", "fips": "AG19", "woe_label": "Biskra, DZ, Algeria", "latitude": 34, "iso_a2": "DZ", "postal": "BS", "type": "Wilaya", "id": "DZ.BS"}}, {"geometry": {"type": "Polygon", "coordinates": [[[1299, 9620], [1369, 9545], [1363, 9497], [1321, 9460], [1334, 9432], [1351, 9436], [1349, 9387], [1365, 9361], [1419, 9353], [1450, 9244], [1488, 9212], [1522, 9138], [1695, 9037], [1670, 9002], [1658, 8947], [1666, 8839], [1483, 8888], [1456, 8947], [1268, 9134], [1237, 9212], [1204, 9219], [1175, 9185], [1139, 9175], [1135, 9124], [1098, 9127], [1100, 9179], [1058, 9267], [1073, 9335], [1110, 9417], [1132, 9426], [1078, 9473], [1058, 9536], [1111, 9553], [1147, 9540], [1192, 9585], [1194, 9632], [1212, 9633], [1234, 9599], [1259, 9605], [1272, 9632], [1299, 9620]]]}, "type": "Feature", "properties": {"labelrank": 7, "code_hasc": "DZ.DJ", "name": "Djelfa", "admin": "Algeria", "type_en": "Province", "region": "", "woe_id": 2344594, "longitude": 3, "woe_name": "Djelfa", "fips": "AG22", "woe_label": "Djelfa, DZ, Algeria", "latitude": 34, "iso_a2": "DZ", "postal": "DJ", "type": "Wilaya", "id": "DZ.DJ"}}, {"geometry": {"type": "Polygon", "coordinates": [[[1354, 9667], [1334, 9631], [1335, 9599], [1308, 9634], [1299, 9620], [1272, 9632], [1259, 9605], [1234, 9599], [1212, 9633], [1194, 9632], [1192, 9585], [1147, 9540], [1111, 9553], [1058, 9536], [1050, 9569], [1031, 9606], [1065, 9652], [1137, 9736], [1113, 9739], [1104, 9757], [1142, 9785], [1196, 9799], [1215, 9782], [1277, 9819], [1308, 9797], [1337, 9801], [1339, 9701], [1354, 9667]]]}, "type": "Feature", "properties": {"labelrank": 7, "code_hasc": "DZ.MD", "name": "Médéa", "admin": "Algeria", "type_en": "Province", "region": "", "woe_id": 2344582, "longitude": 2, "woe_name": "Médéa", "fips": "AG06", "woe_label": "Medea, DZ, Algeria", "latitude": 35, "iso_a2": "DZ", "postal": "MD", "type": "Wilaya", "id": "DZ.MD"}}, {"geometry": {"type": "Polygon", "coordinates": [[[1667, 9632], [1740, 9594], [1695, 9560], [1630, 9563], [1633, 9502], [1610, 9467], [1668, 9444], [1660, 9388], [1535, 9358], [1500, 9318], [1480, 9286], [1510, 9218], [1488, 9212], [1450, 9244], [1419, 9353], [1365, 9361], [1349, 9387], [1351, 9436], [1334, 9432], [1321, 9460], [1363, 9497], [1369, 9545], [1299, 9620], [1308, 9634], [1335, 9599], [1334, 9631], [1354, 9667], [1440, 9652], [1453, 9696], [1518, 9687], [1543, 9697], [1554, 9674], [1538, 9644], [1623, 9657], [1667, 9632]]]}, "type": "Feature", "properties": {"labelrank": 6, "code_hasc": "DZ.MS", "name": "M'Sila", "admin": "Algeria", "type_en": "Province", "region": "", "woe_id": 2344599, "longitude": 4, "woe_name": "M'Sila", "fips": "AG32", "woe_label": "M'sila, DZ, Algeria", "latitude": 35, "iso_a2": "DZ", "postal": "MS", "type": "Wilaya", "id": "DZ.MS"}}, {"geometry": {"type": "Polygon", "coordinates": [[[1811, 9845], [1821, 9814], [1842, 9805], [1869, 9674], [1861, 9660], [1818, 9666], [1817, 9634], [1781, 9645], [1740, 9594], [1667, 9632], [1686, 9653], [1708, 9746], [1660, 9776], [1613, 9774], [1609, 9793], [1635, 9796], [1649, 9816], [1640, 9827], [1673, 9848], [1693, 9835], [1693, 9803], [1718, 9798], [1752, 9829], [1754, 9853], [1769, 9836], [1811, 9845]]]}, "type": "Feature", "properties": {"labelrank": 9, "code_hasc": "DZ.SF", "name": "Sétif", "admin": "Algeria", "type_en": "Province", "region": "", "woe_id": 2344586, "longitude": 5, "woe_name": "Sétif", "fips": "AG12", "woe_label": "Setif, DZ, Algeria", "latitude": 36, "iso_a2": "DZ", "postal": "SF", "type": "Wilaya", "id": "DZ.SF"}}, {"geometry": {"type": "Polygon", "coordinates": [[[1907, 9671], [1977, 9659], [1982, 9642], [2018, 9647], [2045, 9618], [2049, 9585], [2009, 9550], [2018, 9517], [1995, 9463], [2014, 9372], [1981, 9387], [1976, 9448], [1919, 9426], [1897, 9444], [1880, 9424], [1865, 9443], [1881, 9488], [1842, 9504], [1781, 9476], [1795, 9454], [1778, 9442], [1720, 9428], [1668, 9444], [1610, 9467], [1633, 9502], [1630, 9563], [1695, 9560], [1740, 9594], [1781, 9645], [1817, 9634], [1818, 9666], [1861, 9660], [1869, 9674], [1907, 9671]]]}, "type": "Feature", "properties": {"labelrank": 7, "code_hasc": "DZ.BT", "name": "Batna", "admin": "Algeria", "type_en": "Province", "region": "", "woe_id": 2344580, "longitude": 5, "woe_name": "Batna", "fips": "AG03", "woe_label": "Batna, DZ, Algeria", "latitude": 35, "iso_a2": "DZ", "postal": "BT", "type": "Wilaya", "id": "DZ.BT"}}, {"geometry": {"type": "Polygon", "coordinates": [[[2074, 9821], [2099, 9780], [2093, 9747], [2069, 9733], [2041, 9755], [2000, 9731], [1985, 9746], [1973, 9774], [1940, 9799], [1974, 9816], [1978, 9857], [2010, 9866], [2067, 9855], [2048, 9829], [2074, 9821]]]}, "type": "Feature", "properties": {"labelrank": 7, "code_hasc": "DZ.CO", "name": "Constantine", "admin": "Algeria", "type_en": "Province", "region": "", "woe_id": 2344581, "longitude": 6, "woe_name": "Constantine", "fips": "AG48", "woe_label": "Constantine, DZ, Algeria", "latitude": 36, "iso_a2": "DZ", "postal": "CO", "type": "Wilaya", "id": "DZ.CO"}}, {"geometry": {"type": "Polygon", "coordinates": [[[2226, 9890], [2303, 9846], [2261, 9832], [2267, 9795], [2163, 9742], [2140, 9746], [2109, 9717], [2093, 9747], [2099, 9780], [2074, 9821], [2168, 9905], [2202, 9876], [2226, 9890]]]}, "type": "Feature", "properties": {"labelrank": 7, "code_hasc": "DZ.GL", "name": "Guelma", "admin": "Algeria", "type_en": "Province", "region": "", "woe_id": 2344595, "longitude": 7, "woe_name": "Guelma", "fips": "AG23", "woe_label": "Guelma, DZ, Algeria", "latitude": 36, "iso_a2": "DZ", "postal": "GL", "type": "Wilaya", "id": "DZ.GL"}}, {"geometry": {"type": "Polygon", "coordinates": [[[2219, 9561], [2191, 9543], [2193, 9481], [2153, 9423], [2164, 9392], [2163, 9422], [2185, 9428], [2196, 9370], [2143, 9210], [2054, 9244], [2042, 9264], [2050, 9359], [2042, 9376], [2014, 9372], [1995, 9463], [2018, 9517], [2009, 9550], [2049, 9585], [2045, 9618], [2058, 9602], [2097, 9605], [2109, 9591], [2156, 9605], [2167, 9583], [2182, 9593], [2219, 9561]]]}, "type": "Feature", "properties": {"labelrank": 6, "code_hasc": "DZ.KH", "name": "Khenchela", "admin": "Algeria", "type_en": "Province", "region": "", "woe_id": 2344617, "longitude": 7, "woe_name": "Khenchela", "fips": "AG47", "woe_label": "Khenchela, DZ, Algeria", "latitude": 34, "iso_a2": "DZ", "postal": "KH", "type": "Wilaya", "id": "DZ.KH"}}, {"geometry": {"type": "Polygon", "coordinates": [[[1968, 9857], [1978, 9857], [1974, 9816], [1940, 9799], [1973, 9774], [1985, 9746], [1961, 9730], [1956, 9703], [1907, 9671], [1869, 9674], [1842, 9805], [1821, 9814], [1811, 9845], [1932, 9868], [1968, 9857]]]}, "type": "Feature", "properties": {"labelrank": 6, "code_hasc": "DZ.ML", "name": "Mila", "admin": "Algeria", "type_en": "Province", "region": "", "woe_id": 2344618, "longitude": 6, "woe_name": "Mila", "fips": "AG48", "woe_label": "Mila, DZ, Algeria", "latitude": 36, "iso_a2": "DZ", "postal": "ML", "type": "Wilaya", "id": "DZ.ML"}}, {"geometry": {"type": "Polygon", "coordinates": [[[2093, 9747], [2109, 9717], [2140, 9746], [2163, 9742], [2173, 9709], [2218, 9667], [2239, 9667], [2255, 9695], [2284, 9676], [2282, 9609], [2219, 9561], [2182, 9593], [2167, 9583], [2156, 9605], [2109, 9591], [2097, 9605], [2058, 9602], [2045, 9618], [2018, 9647], [1982, 9642], [1977, 9659], [1907, 9671], [1956, 9703], [1961, 9730], [1985, 9746], [2000, 9731], [2041, 9755], [2069, 9733], [2093, 9747]]]}, "type": "Feature", "properties": {"labelrank": 7, "code_hasc": "DZ.OB", "name": "Oum el Bouaghi", "admin": "Algeria", "type_en": "Province", "region": "", "woe_id": 2344600, "longitude": 7, "woe_name": "Oum el Bouaghi", "fips": "AG29", "woe_label": "", "latitude": 35, "iso_a2": "DZ", "postal": "OB", "type": "Wilaya", "id": "DZ.OB"}}, {"geometry": {"type": "Polygon", "coordinates": [[[2371, 9710], [2313, 9707], [2284, 9676], [2255, 9695], [2239, 9667], [2218, 9667], [2173, 9709], [2163, 9742], [2267, 9795], [2261, 9832], [2303, 9846], [2311, 9825], [2342, 9850], [2384, 9836], [2371, 9710]]]}, "type": "Feature", "properties": {"labelrank": 9, "code_hasc": "DZ.SA", "name": "Souk Ahras", "admin": "Algeria", "type_en": "Province", "region": "", "woe_id": 2344622, "longitude": 7, "woe_name": "Souk Ahras", "fips": "AG52", "woe_label": "", "latitude": 36, "iso_a2": "DZ", "postal": "SA", "type": "Wilaya", "id": "DZ.SA"}}, {"geometry": {"type": "Polygon", "coordinates": [[[2371, 9710], [2369, 9660], [2393, 9594], [2386, 9536], [2418, 9515], [2391, 9467], [2383, 9353], [2296, 9285], [2283, 9239], [2234, 9201], [2143, 9210], [2196, 9370], [2185, 9428], [2163, 9422], [2164, 9392], [2153, 9423], [2193, 9481], [2191, 9543], [2219, 9561], [2282, 9609], [2284, 9676], [2313, 9707], [2371, 9710]]]}, "type": "Feature", "properties": {"labelrank": 9, "code_hasc": "DZ.TB", "name": "Tébessa", "admin": "Algeria", "type_en": "Province", "region": "", "woe_id": 2344603, "longitude": 7, "woe_name": "Tébessa", "fips": "AG33", "woe_label": "Tebessa, DZ, Algeria", "latitude": 34, "iso_a2": "DZ", "postal": "TB", "type": "Wilaya", "id": "DZ.TB"}}], "ac-tx": {"default": {"crs": "+proj=utm +zone=31 +datum=WGS84 +units=m +no_defs", "scale": 0.0024315079694799346}}}