{"crs": {"type": "name", "properties": {"name": "urn:ogc:def:crs:EPSG:2002"}}, "ac-tx": {"default": {"crs": "+proj=tmerc +lat_0=0 +lon_0=-62 +k=0.9995000000000001 +x_0=400000 +y_0=0 +ellps=clrk80 +towgs84=725,685,536,0,0,0,0 +units=m +no_defs", "scale": 1}}, "arcs": [[[7156, 5632], [-231, 311], [-637, 275], [-244, 72], [-162, 37], [-126, 6], [-132, 15], [-152, 28], [-434, 102], [-52, 6], [-45, -5], [-171, -47], [-167, -29], [-246, -14], [-200, 48], [-150, 52], [-535, 285]], [[3472, 6774], [-86, 198]], [[3386, 6972], [-103, 454], [-55, 115], [-272, 120], [-38, 137], [22, 670], [-41, 251], [-20, 4], [-31, 25], [-12, 4], [-14, 3], [-13, 2], [-15, -1], [-14, -1], [-18, -3], [-39, 1], [-22, 2], [-75, 17], [-16, 6], [-16, 9], [-19, 21], [-11, 10], [-151, 32], [-281, 150], [-113, 103], [-375, 879]], [[1644, 9982], [1, 0], [497, -10], [471, -95], [509, -206], [675, -530], [540, -191], [619, 176], [516, 56], [2068, -438], [75, -157], [267, -353], [415, -375], [234, -221], [645, -497]], [[9176, 7141], [-229, -157], [-67, -86], [17, -33], [33, -470], [-11, -45], [-16, -3], [-26, -11], [-150, -84], [-43, -19], [-23, -7], [-23, -4], [-19, -1], [-68, -1], [-14, -2], [-16, -4], [-105, -48], [-71, -42], [-35, -17], [-29, -9], [-14, 0], [-28, 3], [-17, 0], [-30, -3], [-11, -2], [-14, 3], [-19, 4], [-16, 5], [-190, -72], [-786, -404]], [[7554, 2663], [64, 135], [2, 25], [-9, 44], [-19, 38], [-34, 47], [-8, 17], [-2, 17], [17, 38], [-139, 68], [-682, 238]], [[6744, 3330], [0, 978], [-300, 398]], [[6444, 4706], [712, 926]], [[9176, 7141], [61, -48], [400, -815], [75, -849], [-284, -650], [190, -36], [173, -77], [208, -44], [-256, -846], [66, -738], [0, -1]], [[9809, 3037], [-1763, -168], [-158, -45], [-334, -161]], [[7554, 2663], [150, -59], [20, -13], [-6, -35], [-509, -460], [-119, -63], [-167, -63], [-385, -109], [-413, -180], [-579, -477]], [[5546, 1204], [-690, 150], [-2, 0]], [[4854, 1354], [-5, 141], [20, 99], [-230, 263], [-529, 329], [-97, 278], [-16, 122]], [[3997, 2586], [485, -15], [13, 0], [74, -2], [25, 1], [80, 12], [21, 0], [18, 0], [19, -3], [17, -1], [29, 3], [32, 5], [62, 30], [38, 36], [92, 163], [7, 10], [7, 8], [13, 17], [1715, 480]], [[3386, 6972], [-2313, 663], [-16, -3], [-26, -2], [-33, 1], [-177, 18], [-18, 0], [-218, 30], [-34, 2], [-39, -4], [-26, 0], [-92, 12], [-33, -10], [-17, -8], [-136, -88]], [[208, 7583], [-36, 17], [-170, 125], [1, 216], [203, 151], [694, 265], [213, 232], [-288, 30], [-505, 98], [-320, 16], [342, 273], [480, 993], [822, -17]], [[6444, 4706], [-1391, -355], [-129, -9], [-181, 13], [-712, 91], [-514, -7], [-462, -81], [-1, 0]], [[3054, 4358], [-88, 366], [-131, 203], [-960, 510], [-154, 192], [-80, 221], [-188, 235], [-45, 35]], [[1408, 6120], [1, 0], [671, 306], [253, 139], [41, 38], [59, 41], [283, 74], [756, 56]], [[5587, 972], [-715, -183], [-5, -1], [-1, 0]], [[4866, 788], [7, 31], [-19, 535]], [[5546, 1204], [41, -232]], [[5977, 230], [-180, -152], [-505, -78], [-469, 69], [-86, 185], [129, 534]], [[5587, 972], [390, -742]], [[9809, 3037], [14, -184], [-116, -911], [-851, -815], [-300, -126], [-203, -29], [-163, 7], [-424, -31], [-355, 44], [-262, -26], [-225, -112], [-212, -302], [-581, -137], [-135, -170], [-19, -15]], [[3997, 2586], [-61, 451], [-192, 418], [-594, 681], [-82, 164], [-14, 58]], [[1408, 6120], [-196, 151], [-231, 75], [-272, 121], [-93, 280], [-41, 563], [-174, 178], [-193, 95]]], "transform": {"translate": [454794.71973042755, 1680430.128903256], "scale": [2.5761596524547277, 4.7755593776981655]}, "objects": {"features": {"type": "GeometryCollection", "geometries": [{"type": "Polygon", "properties": {"labelrank": 10, "code_hasc": "DM.AN", "name": "Saint Andrew", "admin": "Dominica", "type_en": "Parish", "region": "", "woe_id": 2345161, "longitude": -61, "woe_name": "Saint Andrew", "fips": "DO02", "woe_label": "Saint Andrew, DM, Dominica", "latitude": 15, "iso_a2": "DM", "postal": "AN", "type": "Parish", "id": "DM.AN"}, "arcs": [[0, 1, 2, 3, 4]]}, {"type": "Polygon", "properties": {"labelrank": 10, "code_hasc": "DM.DA", "name": "Saint David", "admin": "Dominica", "type_en": "Parish", "region": "", "woe_id": 2345162, "longitude": -61, "woe_name": "Saint David", "fips": "DO03", "woe_label": "Saint David, DM, Dominica", "latitude": 15, "iso_a2": "DM", "postal": "DA", "type": "Parish", "id": "DM.DA"}, "arcs": [[5, 6, 7, -5, 8, 9]]}, {"type": "Polygon", "properties": {"labelrank": 10, "code_hasc": "DM.GO", "name": "Saint George", "admin": "Dominica", "type_en": "Parish", "region": "", "woe_id": 2345163, "longitude": -61, "woe_name": "Saint George", "fips": "DO04", "woe_label": "Saint George, DM, Dominica", "latitude": 15, "iso_a2": "DM", "postal": "GO", "type": "Parish", "id": "DM.GO"}, "arcs": [[10, 11, 12, 13, -6]]}, {"type": "Polygon", "properties": {"labelrank": 10, "code_hasc": "DM.JN", "name": "Saint John", "admin": "Dominica", "type_en": "Parish", "region": "", "woe_id": 2345164, "longitude": -61, "woe_name": "Saint John", "fips": "DO05", "woe_label": "", "latitude": 15, "iso_a2": "DM", "postal": "JN", "type": "Parish", "id": "DM.JN"}, "arcs": [[14, 15, -3]]}, {"type": "Polygon", "properties": {"labelrank": 10, "code_hasc": "DM.JH", "name": "Saint Joseph", "admin": "Dominica", "type_en": "Parish", "region": "", "woe_id": 2345165, "longitude": -61, "woe_name": "Saint Joseph", "fips": "DO06", "woe_label": "Saint Joseph, DM, Dominica", "latitude": 15, "iso_a2": "DM", "postal": "JH", "type": "Parish", "id": "DM.JH"}, "arcs": [[16, 17, 18, -1, -8]]}, {"type": "Polygon", "properties": {"labelrank": 10, "code_hasc": "DM.LU", "name": "Saint Luke", "admin": "Dominica", "type_en": "Parish", "region": "", "woe_id": 2345166, "longitude": -61, "woe_name": "Saint Luke", "fips": "DO07", "woe_label": "Saint Luke, DM, Dominica", "latitude": 15, "iso_a2": "DM", "postal": "LU", "type": "Parish", "id": "DM.LU"}, "arcs": [[19, 20, -12, 21]]}, {"type": "Polygon", "properties": {"labelrank": 10, "code_hasc": "DM.MA", "name": "Saint Mark", "admin": "Dominica", "type_en": "Parish", "region": "", "woe_id": 2345167, "longitude": -61, "woe_name": "Saint Mark", "fips": "DO08", "woe_label": "Saint Mark, DM, Dominica", "latitude": 15, "iso_a2": "DM", "postal": "MA", "type": "Parish", "id": "DM.MA"}, "arcs": [[22, -20, 23]]}, {"type": "Polygon", "properties": {"labelrank": 10, "code_hasc": "DM.PK", "name": "Saint Patrick", "admin": "Dominica", "type_en": "Parish", "region": "", "woe_id": 2345168, "longitude": -61, "woe_name": "Saint Patrick", "fips": "DO09", "woe_label": "Saint Patrick, DM, Dominica", "latitude": 15, "iso_a2": "DM", "postal": "PK", "type": "Parish", "id": "DM.PK"}, "arcs": [[-22, -11, -10, 24, -24]]}, {"type": "Polygon", "properties": {"labelrank": 10, "code_hasc": "DM.PL", "name": "Saint Paul", "admin": "Dominica", "type_en": "Parish", "region": "", "woe_id": 2345169, "longitude": -61, "woe_name": "Saint Paul", "fips": "DO10", "woe_label": "Saint Paul, DM, Dominica", "latitude": 15, "iso_a2": "DM", "postal": "PL", "type": "Parish", "id": "DM.PL"}, "arcs": [[-14, 25, -17, -7]]}, {"type": "Polygon", "properties": {"labelrank": 10, "code_hasc": "DM.PR", "name": "Saint Peter", "admin": "Dominica", "type_en": "Parish", "region": "", "woe_id": 2345170, "longitude": -61, "woe_name": "Saint Peter", "fips": "DO11", "woe_label": "Saint Peter, DM, Dominica", "latitude": 15, "iso_a2": "DM", "postal": "PR", "type": "Parish", "id": "DM.PR"}, "arcs": [[-19, 26, -15, -2]]}]}}, "bbox": [454794.71973042755, 1680430.128903256, 480553.74009532237, 1728180.94712086], "type": "Topology"}