{"crs": {"type": "name", "properties": {"name": "urn:ogc:def:crs:EPSG:32629"}}, "type": "FeatureCollection", "features": [{"geometry": {"type": "Polygon", "coordinates": [[[4288, 6307], [4121, 6445], [4003, 6461], [3966, 6499], [3919, 6504], [3879, 6565], [3829, 6577], [3627, 6525], [3669, 6655], [3582, 6877], [3581, 7047], [3648, 7094], [3769, 7133], [3817, 7230], [3923, 7334], [3930, 7365], [3963, 7376], [4088, 7341], [4222, 7393], [4283, 7390], [4443, 7400], [4393, 7223], [4457, 7211], [4536, 7138], [4392, 7075], [4363, 6931], [4371, 6906], [4493, 6881], [4577, 6783], [4583, 6637], [4604, 6587], [4519, 6596], [4478, 6667], [4445, 6623], [4363, 6682], [4183, 6678], [4145, 6648], [4156, 6589], [4132, 6484], [4273, 6419], [4338, 6436], [4324, 6372], [4370, 6303], [4288, 6307]]]}, "type": "Feature", "properties": {"labelrank": 7, "code_hasc": "GN.BE", "name": "Beyla", "admin": "Guinea", "type_en": "Prefecture", "region": "Nzérékoré", "woe_id": -56059376, "longitude": -8, "woe_name": "Nzérékoré", "fips": "GV01", "woe_label": "", "latitude": 8, "iso_a2": "GN", "postal": "", "type": "Préfecture", "id": "GN.BE"}}, {"geometry": {"type": "Polygon", "coordinates": [[[-35, 8452], [-46, 8326], [-131, 8277], [-193, 8202], [-201, 8124], [-275, 7974], [-178, 7882], [-104, 7850], [-152, 7782], [-213, 7777], [-304, 7866], [-391, 7913], [-381, 7956], [-340, 7953], [-367, 7985], [-398, 7987], [-343, 8050], [-414, 8003], [-417, 7948], [-447, 7933], [-486, 7966], [-441, 8023], [-452, 8036], [-519, 7979], [-535, 8040], [-555, 8022], [-638, 8083], [-697, 8068], [-704, 8159], [-769, 8236], [-758, 8300], [-655, 8366], [-554, 8369], [-451, 8423], [-327, 8403], [-221, 8436], [-181, 8475], [-35, 8452]]]}, "type": "Feature", "properties": {"labelrank": 7, "code_hasc": "GN.BF", "name": "Boffa", "admin": "Guinea", "type_en": "Prefecture", "region": "Boke", "woe_id": -56059373, "longitude": -14, "woe_name": "Boke", "fips": "GV02", "woe_label": "BokÃ©, GN, Guinea", "latitude": 10, "iso_a2": "GN", "postal": "", "type": "Préfecture", "id": "GN.BF"}}, {"geometry": {"type": "Polygon", "coordinates": [[[-337, 9185], [-364, 9104], [-275, 9065], [-258, 8979], [-205, 8952], [-179, 8910], [-208, 8895], [-162, 8854], [-145, 8773], [-190, 8709], [-226, 8593], [-327, 8573], [-451, 8423], [-554, 8369], [-655, 8366], [-758, 8300], [-849, 8276], [-858, 8319], [-804, 8377], [-829, 8388], [-818, 8447], [-781, 8477], [-725, 8603], [-874, 8414], [-887, 8432], [-867, 8449], [-899, 8455], [-844, 8541], [-901, 8507], [-931, 8455], [-956, 8492], [-913, 8591], [-967, 8554], [-955, 8613], [-972, 8636], [-851, 8720], [-867, 8742], [-912, 8684], [-959, 8678], [-966, 8705], [-992, 8668], [-1050, 8718], [-1045, 8663], [-1083, 8680], [-1046, 8636], [-1100, 8597], [-1086, 8513], [-1158, 8550], [-1174, 8616], [-1081, 8724], [-974, 8958], [-881, 9085], [-732, 9094], [-589, 9169], [-550, 9214], [-337, 9185]]]}, "type": "Feature", "properties": {"labelrank": 7, "code_hasc": "GN.BK", "name": "Boke", "admin": "Guinea", "type_en": "Prefecture", "region": "Boke", "woe_id": -56059373, "longitude": -14, "woe_name": "Boke", "fips": "GV03", "woe_label": "BokÃ©, GN, Guinea", "latitude": 11, "iso_a2": "GN", "postal": "", "type": "Préfecture", "id": "GN.BK"}}, {"geometry": {"type": "Polygon", "coordinates": [[[-72, 7528], [-134, 7500], [-95, 7553], [-72, 7528]]]}, "type": "Feature", "properties": {"labelrank": 9, "code_hasc": "GN.CK", "name": "Conakry", "admin": "Guinea", "type_en": "Administrative Zone", "region": "Conakry", "woe_id": -56059372, "longitude": -13, "woe_name": "Conakry", "fips": "GV04", "woe_label": "Conakry, GN, Guinea", "latitude": 9, "iso_a2": "GN", "postal": "", "type": "Gouvernorat", "id": "GN.CK"}}, {"geometry": {"type": "Polygon", "coordinates": [[[362, 7538], [270, 7539], [184, 7600], [51, 7547], [28, 7512], [19, 7611], [63, 7677], [64, 7808], [129, 7880], [216, 7884], [264, 7836], [251, 7684], [348, 7607], [362, 7538]]]}, "type": "Feature", "properties": {"labelrank": 7, "code_hasc": "GN.CO", "name": "Coyah", "admin": "Guinea", "type_en": "Prefecture", "region": "Kindia", "woe_id": -56059377, "longitude": -13, "woe_name": "Kindia", "fips": "GV30", "woe_label": "", "latitude": 9, "iso_a2": "GN", "postal": "", "type": "Préfecture", "id": "GN.CO"}}, {"geometry": {"type": "Polygon", "coordinates": [[[2313, 8387], [2270, 8347], [2212, 8341], [2149, 8346], [2093, 8384], [1985, 8347], [1874, 8241], [1806, 8234], [1705, 8181], [1692, 8001], [1647, 7866], [1539, 7867], [1524, 7925], [1558, 8062], [1571, 8497], [1538, 8516], [1533, 8631], [1622, 8708], [1674, 8708], [1679, 8680], [1852, 8676], [1938, 8612], [2132, 8724], [2234, 8742], [2221, 8689], [2082, 8532], [2107, 8503], [2240, 8459], [2313, 8387]]]}, "type": "Feature", "properties": {"labelrank": 7, "code_hasc": "GN.DB", "name": "Dabola", "admin": "Guinea", "type_en": "Prefecture", "region": "Faranah", "woe_id": -56059379, "longitude": -11, "woe_name": "Faranah", "fips": "GV05", "woe_label": "Faranah, GN, Guinea", "latitude": 10, "iso_a2": "GN", "postal": "", "type": "Préfecture", "id": "GN.DB"}}, {"geometry": {"type": "Polygon", "coordinates": [[[1184, 8891], [1222, 8887], [1244, 8831], [1300, 8785], [1305, 8674], [1370, 8662], [1395, 8578], [1362, 8505], [1200, 8474], [1068, 8343], [1007, 8334], [897, 8264], [835, 8317], [832, 8365], [714, 8296], [741, 8455], [880, 8536], [926, 8628], [961, 8654], [1024, 8686], [1120, 8688], [1084, 8768], [1132, 8893], [1184, 8891]]]}, "type": "Feature", "properties": {"labelrank": 7, "code_hasc": "GN.DL", "name": "Dalaba", "admin": "Guinea", "type_en": "Prefecture", "region": "Mamou", "woe_id": -56059375, "longitude": -12, "woe_name": "Mamou", "fips": "GV06", "woe_label": "Mamou, GN, Guinea", "latitude": 10, "iso_a2": "GN", "postal": "", "type": "Préfecture", "id": "GN.DL"}}, {"geometry": {"type": "Polygon", "coordinates": [[[2869, 9485], [2621, 9293], [2731, 9155], [2761, 9080], [2758, 8948], [2672, 8945], [2592, 9007], [2531, 9019], [2481, 9000], [2470, 8966], [2514, 8814], [2489, 8792], [2353, 8790], [2276, 8838], [2240, 8833], [2234, 8742], [2132, 8724], [1938, 8612], [1852, 8676], [1679, 8680], [1674, 8708], [1809, 8801], [1766, 8913], [1902, 9036], [1836, 9084], [1898, 9173], [1914, 9275], [1915, 9357], [1879, 9392], [1865, 9459], [1968, 9601], [2046, 9614], [2159, 9516], [2157, 9459], [2231, 9354], [2274, 9361], [2307, 9414], [2349, 9436], [2344, 9453], [2384, 9481], [2387, 9532], [2438, 9534], [2488, 9581], [2509, 9570], [2576, 9610], [2869, 9485]]]}, "type": "Feature", "properties": {"labelrank": 7, "code_hasc": "GN.DI", "name": "Dinguiraye", "admin": "Guinea", "type_en": "Prefecture", "region": "Faranah", "woe_id": -56059379, "longitude": -10, "woe_name": "Faranah", "fips": "GV07", "woe_label": "Faranah, GN, Guinea", "latitude": 11, "iso_a2": "GN", "postal": "", "type": "Préfecture", "id": "GN.DI"}}, {"geometry": {"type": "Polygon", "coordinates": [[[216, 7884], [129, 7880], [64, 7808], [63, 7677], [19, 7611], [28, 7512], [3, 7493], [-29, 7548], [-72, 7528], [-95, 7553], [-57, 7610], [-54, 7673], [-5, 7721], [-39, 7715], [-75, 7765], [-84, 7695], [-137, 7688], [-153, 7732], [-98, 7821], [-104, 7850], [-178, 7882], [-275, 7974], [-201, 8124], [60, 8076], [120, 8090], [210, 8182], [274, 8197], [335, 8202], [350, 8074], [316, 8032], [315, 7970], [278, 7956], [216, 7884]]]}, "type": "Feature", "properties": {"labelrank": 7, "code_hasc": "GN.DU", "name": "Dubréka", "admin": "Guinea", "type_en": "Prefecture", "region": "Kindia", "woe_id": -56059377, "longitude": -13, "woe_name": "Kindia", "fips": "GV31", "woe_label": "", "latitude": 10, "iso_a2": "GN", "postal": "", "type": "Préfecture", "id": "GN.DU"}}, {"geometry": {"type": "Polygon", "coordinates": [[[2450, 7560], [2479, 7382], [2469, 7309], [2401, 7225], [2383, 7165], [2311, 7117], [2191, 7146], [2195, 7208], [2240, 7256], [2248, 7321], [2178, 7383], [2126, 7389], [2142, 7401], [2108, 7439], [2084, 7528], [1961, 7701], [1872, 7769], [1850, 7847], [1647, 7866], [1692, 8001], [1705, 8181], [1806, 8234], [1874, 8241], [1985, 8347], [2093, 8384], [2149, 8346], [2212, 8341], [2270, 8347], [2313, 8387], [2336, 8335], [2434, 8264], [2541, 8284], [2604, 8265], [2622, 8210], [2671, 8279], [2683, 8241], [2645, 8127], [2598, 8116], [2613, 8010], [2528, 7932], [2501, 7865], [2525, 7778], [2487, 7744], [2491, 7691], [2453, 7661], [2450, 7560]]]}, "type": "Feature", "properties": {"labelrank": 7, "code_hasc": "GN.FA", "name": "Faranah", "admin": "Guinea", "type_en": "Prefecture", "region": "Faranah", "woe_id": -56059379, "longitude": -10, "woe_name": "Faranah", "fips": "GV09", "woe_label": "Faranah, GN, Guinea", "latitude": 9, "iso_a2": "GN", "postal": "", "type": "Préfecture", "id": "GN.FA"}}, {"geometry": {"type": "Polygon", "coordinates": [[[744, 7604], [647, 7400], [618, 7393], [558, 7315], [462, 7308], [446, 7261], [460, 7234], [405, 7170], [324, 7128], [265, 7156], [191, 7129], [175, 7141], [238, 7230], [305, 7241], [225, 7251], [247, 7307], [208, 7226], [181, 7240], [175, 7342], [194, 7346], [194, 7378], [153, 7364], [136, 7312], [110, 7324], [92, 7390], [120, 7444], [66, 7428], [28, 7453], [51, 7547], [184, 7600], [270, 7539], [362, 7538], [445, 7606], [537, 7643], [659, 7639], [744, 7604]]]}, "type": "Feature", "properties": {"labelrank": 7, "code_hasc": "GN.FO", "name": "Forécariah", "admin": "Guinea", "type_en": "Prefecture", "region": "Kindia", "woe_id": -56059377, "longitude": -13, "woe_name": "Kindia", "fips": "GV10", "woe_label": "", "latitude": 9, "iso_a2": "GN", "postal": "", "type": "Préfecture", "id": "GN.FO"}}, {"geometry": {"type": "Polygon", "coordinates": [[[274, 8197], [210, 8182], [120, 8090], [60, 8076], [-201, 8124], [-193, 8202], [-131, 8277], [-46, 8326], [-35, 8452], [127, 8439], [279, 8354], [274, 8197]]]}, "type": "Feature", "properties": {"labelrank": 7, "code_hasc": "GN.FR", "name": "Fria", "admin": "Guinea", "type_en": "Prefecture", "region": "Boke", "woe_id": -56059373, "longitude": -13, "woe_name": "Boke", "fips": "GV11", "woe_label": "BokÃ©, GN, Guinea", "latitude": 10, "iso_a2": "GN", "postal": "", "type": "Préfecture", "id": "GN.FR"}}, {"geometry": {"type": "Polygon", "coordinates": [[[592, 9578], [607, 9535], [562, 9385], [610, 9400], [625, 9377], [602, 9238], [630, 9178], [679, 9146], [682, 9114], [504, 8973], [457, 8872], [472, 8803], [265, 8776], [244, 8934], [142, 8960], [21, 8964], [-179, 8910], [-205, 8952], [-258, 8979], [-275, 9065], [-364, 9104], [-337, 9185], [-236, 9214], [-222, 9267], [-181, 9222], [-114, 9239], [-105, 9470], [-296, 9591], [-273, 9643], [-191, 9688], [-115, 9671], [-79, 9698], [-58, 9650], [47, 9694], [90, 9679], [85, 9709], [115, 9683], [134, 9707], [168, 9701], [159, 9665], [200, 9609], [199, 9534], [219, 9514], [224, 9537], [243, 9532], [252, 9486], [293, 9473], [443, 9472], [489, 9523], [540, 9525], [592, 9578]]]}, "type": "Feature", "properties": {"labelrank": 7, "code_hasc": "GN.GA", "name": "Gaoual", "admin": "Guinea", "type_en": "Prefecture", "region": "Boke", "woe_id": -56059373, "longitude": -13, "woe_name": "Boke", "fips": "GV12", "woe_label": "BokÃ©, GN, Guinea", "latitude": 11, "iso_a2": "GN", "postal": "", "type": "Préfecture", "id": "GN.GA"}}, {"geometry": {"type": "Polygon", "coordinates": [[[2954, 6999], [2936, 6941], [2846, 6885], [2837, 6835], [2873, 6685], [2725, 6623], [2714, 6686], [2658, 6704], [2592, 6667], [2480, 6681], [2367, 6556], [2325, 6532], [2234, 6548], [2213, 6505], [2205, 6545], [2249, 6607], [2279, 6711], [2397, 6821], [2305, 6934], [2311, 7117], [2383, 7165], [2401, 7225], [2437, 7195], [2434, 7137], [2616, 6978], [2720, 6990], [2790, 7033], [2954, 6999]]]}, "type": "Feature", "properties": {"labelrank": 7, "code_hasc": "GN.GU", "name": "Guéckédou", "admin": "Guinea", "type_en": "Prefecture", "region": "Nzérékoré", "woe_id": -56059376, "longitude": -10, "woe_name": "Nzérékoré", "fips": "GV13", "woe_label": "", "latitude": 8, "iso_a2": "GN", "postal": "", "type": "Préfecture", "id": "GN.GU"}}, {"geometry": {"type": "Polygon", "coordinates": [[[4218, 7825], [4200, 7811], [4240, 7742], [4212, 7513], [4283, 7390], [4222, 7393], [4088, 7341], [3963, 7376], [3967, 7487], [3929, 7536], [3812, 7602], [3702, 7614], [3648, 7659], [3537, 7652], [3418, 7578], [3384, 7412], [3288, 7444], [3128, 7438], [3065, 7499], [2906, 7512], [2811, 7604], [2893, 7629], [3010, 7787], [2997, 8023], [3037, 8208], [3227, 8432], [3266, 8453], [3432, 8398], [3584, 8387], [3598, 8259], [3636, 8216], [3753, 8172], [3772, 8087], [3811, 8046], [4001, 8004], [4032, 7910], [4072, 7867], [4218, 7825]]]}, "type": "Feature", "properties": {"labelrank": 6, "code_hasc": "GN.KA", "name": "Kankan", "admin": "Guinea", "type_en": "Prefecture", "region": "Kankan", "woe_id": -56059378, "longitude": -9, "woe_name": "Kankan", "fips": "GV32", "woe_label": "", "latitude": 10, "iso_a2": "GN", "postal": "", "type": "Préfecture", "id": "GN.KA"}}, {"geometry": {"type": "Polygon", "coordinates": [[[3963, 7376], [3930, 7365], [3923, 7334], [3817, 7230], [3769, 7133], [3648, 7094], [3581, 7047], [3440, 7006], [3369, 7013], [3331, 7141], [3294, 7147], [3307, 7231], [3371, 7270], [3384, 7412], [3418, 7578], [3537, 7652], [3648, 7659], [3702, 7614], [3812, 7602], [3929, 7536], [3967, 7487], [3963, 7376]]]}, "type": "Feature", "properties": {"labelrank": 6, "code_hasc": "GN.KE", "name": "Kérouané", "admin": "Guinea", "type_en": "Prefecture", "region": "Kankan", "woe_id": -56059378, "longitude": -8, "woe_name": "Kankan", "fips": "GV15", "woe_label": "", "latitude": 9, "iso_a2": "GN", "postal": "", "type": "Préfecture", "id": "GN.KE"}}, {"geometry": {"type": "Polygon", "coordinates": [[[897, 8264], [922, 8243], [887, 8156], [899, 8095], [1034, 8087], [1120, 7953], [1104, 7845], [1130, 7781], [1079, 7780], [1000, 7820], [847, 7784], [814, 7761], [807, 7669], [744, 7604], [659, 7639], [537, 7643], [445, 7606], [362, 7538], [348, 7607], [251, 7684], [264, 7836], [216, 7884], [278, 7956], [315, 7970], [316, 8032], [350, 8074], [335, 8202], [522, 8251], [587, 8293], [664, 8251], [714, 8296], [832, 8365], [835, 8317], [897, 8264]]]}, "type": "Feature", "properties": {"labelrank": 7, "code_hasc": "GN.KD", "name": "Kindia", "admin": "Guinea", "type_en": "Prefecture", "region": "Kindia", "woe_id": -56059377, "longitude": -12, "woe_name": "Kindia", "fips": "GV16", "woe_label": "", "latitude": 10, "iso_a2": "GN", "postal": "", "type": "Préfecture", "id": "GN.KD"}}, {"geometry": {"type": "Polygon", "coordinates": [[[2811, 7604], [2906, 7512], [3065, 7499], [3128, 7438], [3288, 7444], [3384, 7412], [3371, 7270], [3307, 7231], [3294, 7147], [3273, 7072], [3147, 6976], [3093, 6967], [2954, 6999], [2790, 7033], [2720, 6990], [2616, 6978], [2434, 7137], [2437, 7195], [2401, 7225], [2469, 7309], [2479, 7382], [2450, 7560], [2565, 7549], [2672, 7640], [2760, 7639], [2811, 7604]]]}, "type": "Feature", "properties": {"labelrank": 7, "code_hasc": "GN.KS", "name": "Kissidougou", "admin": "Guinea", "type_en": "Prefecture", "region": "Faranah", "woe_id": -56059379, "longitude": -9, "woe_name": "Faranah", "fips": "GV17", "woe_label": "Faranah, GN, Guinea", "latitude": 9, "iso_a2": "GN", "postal": "", "type": "Préfecture", "id": "GN.KS"}}, {"geometry": {"type": "Polygon", "coordinates": [[[1736, 9476], [1732, 9181], [1599, 9149], [1577, 9102], [1521, 9060], [1270, 8939], [1222, 8887], [1184, 8891], [1174, 8947], [984, 9237], [1075, 9237], [1170, 9184], [1263, 9175], [1380, 9222], [1520, 9233], [1641, 9489], [1644, 9551], [1736, 9476]]]}, "type": "Feature", "properties": {"labelrank": 7, "code_hasc": "GN.KB", "name": "Koubia", "admin": "Guinea", "type_en": "Prefecture", "region": "Labé", "woe_id": -56059374, "longitude": -11, "woe_name": "Labé", "fips": "GV33", "woe_label": "", "latitude": 11, "iso_a2": "GN", "postal": "", "type": "Préfecture", "id": "GN.KB"}}, {"geometry": {"type": "Polygon", "coordinates": [[[788, 9739], [623, 9652], [592, 9578], [540, 9525], [489, 9523], [443, 9472], [293, 9473], [252, 9486], [243, 9532], [224, 9537], [219, 9514], [199, 9534], [200, 9609], [159, 9665], [168, 9701], [134, 9707], [115, 9683], [85, 9709], [90, 9679], [47, 9694], [-58, 9650], [-79, 9698], [-50, 9829], [-105, 9930], [-99, 9999], [405, 9961], [411, 9838], [477, 9827], [502, 9881], [531, 9881], [587, 9825], [638, 9799], [720, 9797], [788, 9739]]]}, "type": "Feature", "properties": {"labelrank": 7, "code_hasc": "GN.KN", "name": "Koundara", "admin": "Guinea", "type_en": "Prefecture", "region": "Boke", "woe_id": -56059373, "longitude": -13, "woe_name": "Boke", "fips": "GV18", "woe_label": "BokÃ©, GN, Guinea", "latitude": 12, "iso_a2": "GN", "postal": "", "type": "Préfecture", "id": "GN.KN"}}, {"geometry": {"type": "Polygon", "coordinates": [[[2758, 8948], [2812, 8938], [2878, 8889], [2910, 8680], [3021, 8550], [3290, 8545], [3266, 8453], [3227, 8432], [3037, 8208], [2997, 8023], [3010, 7787], [2893, 7629], [2811, 7604], [2760, 7639], [2672, 7640], [2565, 7549], [2450, 7560], [2453, 7661], [2491, 7691], [2487, 7744], [2525, 7778], [2501, 7865], [2528, 7932], [2613, 8010], [2598, 8116], [2645, 8127], [2683, 8241], [2671, 8279], [2622, 8210], [2604, 8265], [2541, 8284], [2434, 8264], [2336, 8335], [2313, 8387], [2240, 8459], [2107, 8503], [2082, 8532], [2221, 8689], [2234, 8742], [2240, 8833], [2276, 8838], [2353, 8790], [2489, 8792], [2514, 8814], [2470, 8966], [2481, 9000], [2531, 9019], [2592, 9007], [2672, 8945], [2758, 8948]]]}, "type": "Feature", "properties": {"labelrank": 6, "code_hasc": "GN.KO", "name": "Kouroussa", "admin": "Guinea", "type_en": "Prefecture", "region": "Kankan", "woe_id": -56059378, "longitude": -10, "woe_name": "Kankan", "fips": "GV19", "woe_label": "", "latitude": 10, "iso_a2": "GN", "postal": "", "type": "Préfecture", "id": "GN.KO"}}, {"geometry": {"type": "Polygon", "coordinates": [[[1184, 8891], [1132, 8893], [1044, 8873], [1028, 8818], [902, 8782], [851, 8802], [818, 8901], [846, 9048], [870, 9069], [859, 9162], [836, 9183], [842, 9237], [984, 9237], [1174, 8947], [1184, 8891]]]}, "type": "Feature", "properties": {"labelrank": 7, "code_hasc": "GN.LA", "name": "Labé", "admin": "Guinea", "type_en": "Prefecture", "region": "Labé", "woe_id": -56059374, "longitude": -12, "woe_name": "Labé", "fips": "GV34", "woe_label": "", "latitude": 11, "iso_a2": "GN", "postal": "", "type": "Préfecture", "id": "GN.LA"}}, {"geometry": {"type": "Polygon", "coordinates": [[[818, 8901], [723, 8914], [716, 8882], [675, 8867], [641, 8818], [592, 8669], [562, 8678], [543, 8658], [472, 8803], [457, 8872], [504, 8973], [682, 9114], [679, 9146], [630, 9178], [602, 9238], [842, 9237], [836, 9183], [859, 9162], [870, 9069], [846, 9048], [818, 8901]]]}, "type": "Feature", "properties": {"labelrank": 7, "code_hasc": "GN.LE", "name": "Lélouma", "admin": "Guinea", "type_en": "Prefecture", "region": "Labé", "woe_id": -56059374, "longitude": -12, "woe_name": "Labé", "fips": "GV35", "woe_label": "", "latitude": 11, "iso_a2": "GN", "postal": "", "type": "Préfecture", "id": "GN.LE"}}, {"geometry": {"type": "Polygon", "coordinates": [[[4288, 6307], [4240, 6199], [4264, 6127], [4162, 5932], [4016, 5986], [3960, 5943], [3897, 5994], [3896, 6045], [3940, 6104], [3910, 6239], [3992, 6388], [4003, 6461], [4121, 6445], [4288, 6307]]]}, "type": "Feature", "properties": {"labelrank": 7, "code_hasc": "GN.LO", "name": "Lola", "admin": "Guinea", "type_en": "Prefecture", "region": "Nzérékoré", "woe_id": -56059376, "longitude": -8, "woe_name": "Nzérékoré", "fips": "GV36", "woe_label": "", "latitude": 7, "iso_a2": "GN", "postal": "", "type": "Préfecture", "id": "GN.LO"}}, {"geometry": {"type": "Polygon", "coordinates": [[[3581, 7047], [3582, 6877], [3669, 6655], [3627, 6525], [3549, 6378], [3502, 6332], [3299, 6097], [3268, 6100], [3205, 6218], [3224, 6311], [3203, 6331], [3185, 6313], [3179, 6420], [3141, 6436], [3158, 6499], [3134, 6538], [3166, 6561], [3087, 6614], [3026, 6599], [3047, 6656], [3006, 6674], [2991, 6633], [2951, 6734], [2925, 6689], [2873, 6685], [2837, 6835], [2846, 6885], [2936, 6941], [2954, 6999], [3093, 6967], [3147, 6976], [3273, 7072], [3294, 7147], [3331, 7141], [3369, 7013], [3440, 7006], [3581, 7047]]]}, "type": "Feature", "properties": {"labelrank": 7, "code_hasc": "GN.MC", "name": "Macenta", "admin": "Guinea", "type_en": "Prefecture", "region": "Nzérékoré", "woe_id": -56059376, "longitude": -9, "woe_name": "Nzérékoré", "fips": "GV21", "woe_label": "", "latitude": 8, "iso_a2": "GN", "postal": "", "type": "Préfecture", "id": "GN.MC"}}, {"geometry": {"type": "Polygon", "coordinates": [[[1644, 9551], [1641, 9489], [1520, 9233], [1380, 9222], [1263, 9175], [1170, 9184], [1075, 9237], [984, 9237], [842, 9237], [602, 9238], [625, 9377], [610, 9400], [562, 9385], [607, 9535], [592, 9578], [623, 9652], [788, 9739], [875, 9756], [956, 9693], [1087, 9725], [1156, 9771], [1238, 9753], [1295, 9778], [1423, 9749], [1638, 9782], [1709, 9762], [1664, 9739], [1665, 9672], [1616, 9596], [1644, 9551]]]}, "type": "Feature", "properties": {"labelrank": 7, "code_hasc": "GN.ML", "name": "Mali", "admin": "Guinea", "type_en": "Prefecture", "region": "Labé", "woe_id": -56059374, "longitude": -12, "woe_name": "Labé", "fips": "GV22", "woe_label": "", "latitude": 12, "iso_a2": "GN", "postal": "", "type": "Préfecture", "id": "GN.ML"}}, {"geometry": {"type": "Polygon", "coordinates": [[[1674, 8708], [1622, 8708], [1533, 8631], [1538, 8516], [1571, 8497], [1558, 8062], [1524, 7925], [1539, 7867], [1287, 7867], [1277, 7812], [1130, 7781], [1104, 7845], [1120, 7953], [1034, 8087], [899, 8095], [887, 8156], [922, 8243], [897, 8264], [1007, 8334], [1068, 8343], [1200, 8474], [1362, 8505], [1395, 8578], [1370, 8662], [1486, 8683], [1620, 8798], [1636, 8850], [1677, 8874], [1728, 8869], [1766, 8913], [1809, 8801], [1674, 8708]]]}, "type": "Feature", "properties": {"labelrank": 7, "code_hasc": "GN.MM", "name": "Mamou", "admin": "Guinea", "type_en": "Prefecture", "region": "Mamou", "woe_id": -56059375, "longitude": -11, "woe_name": "Mamou", "fips": "GV23", "woe_label": "Mamou, GN, Guinea", "latitude": 10, "iso_a2": "GN", "postal": "", "type": "Préfecture", "id": "GN.MM"}}, {"geometry": {"type": "Polygon", "coordinates": [[[4218, 7825], [4072, 7867], [4032, 7910], [4001, 8004], [3811, 8046], [3772, 8087], [3753, 8172], [3636, 8216], [3598, 8259], [3584, 8387], [3432, 8398], [3266, 8453], [3290, 8545], [3372, 8613], [3503, 8663], [3617, 8753], [3670, 8987], [3769, 9161], [3823, 9040], [3886, 9020], [3906, 9035], [3923, 8983], [4024, 8954], [4041, 8939], [4002, 8918], [4045, 8902], [4031, 8871], [3951, 8868], [3946, 8834], [3848, 8746], [3793, 8620], [3899, 8628], [3941, 8691], [4047, 8693], [4080, 8669], [4098, 8552], [4068, 8464], [4092, 8442], [4114, 8266], [4157, 8197], [4230, 8200], [4245, 8147], [4323, 8131], [4358, 8086], [4361, 8030], [4324, 7951], [4237, 7893], [4218, 7825]]]}, "type": "Feature", "properties": {"labelrank": 6, "code_hasc": "GN.MD", "name": "Mandiana", "admin": "Guinea", "type_en": "Prefecture", "region": "Kankan", "woe_id": -56059378, "longitude": -8, "woe_name": "Kankan", "fips": "GV37", "woe_label": "", "latitude": 10, "iso_a2": "GN", "postal": "", "type": "Préfecture", "id": "GN.MD"}}, {"geometry": {"type": "Polygon", "coordinates": [[[4003, 6461], [3992, 6388], [3910, 6239], [3940, 6104], [3896, 6045], [3803, 6050], [3770, 5993], [3647, 6028], [3545, 6301], [3502, 6332], [3549, 6378], [3627, 6525], [3829, 6577], [3879, 6565], [3919, 6504], [3966, 6499], [4003, 6461]]]}, "type": "Feature", "properties": {"labelrank": 7, "code_hasc": "GN.NZ", "name": "Nzérékoré", "admin": "Guinea", "type_en": "Prefecture", "region": "Nzérékoré", "woe_id": -56059376, "longitude": -8, "woe_name": "Nzérékoré", "fips": "GV38", "woe_label": "", "latitude": 8, "iso_a2": "GN", "postal": "", "type": "Préfecture", "id": "GN.NZ"}}, {"geometry": {"type": "Polygon", "coordinates": [[[818, 8901], [851, 8802], [902, 8782], [1028, 8818], [1044, 8873], [1132, 8893], [1084, 8768], [1120, 8688], [1024, 8686], [961, 8654], [926, 8628], [880, 8536], [741, 8455], [714, 8296], [664, 8251], [587, 8293], [522, 8251], [470, 8343], [505, 8452], [474, 8523], [506, 8633], [543, 8658], [562, 8678], [592, 8669], [641, 8818], [675, 8867], [716, 8882], [723, 8914], [818, 8901]]]}, "type": "Feature", "properties": {"labelrank": 7, "code_hasc": "GN.PI", "name": "Pita", "admin": "Guinea", "type_en": "Prefecture", "region": "Mamou", "woe_id": -56059375, "longitude": -12, "woe_name": "Mamou", "fips": "GV25", "woe_label": "Mamou, GN, Guinea", "latitude": 10, "iso_a2": "GN", "postal": "", "type": "Préfecture", "id": "GN.PI"}}, {"geometry": {"type": "Polygon", "coordinates": [[[3769, 9161], [3670, 8987], [3617, 8753], [3503, 8663], [3372, 8613], [3290, 8545], [3021, 8550], [2910, 8680], [2878, 8889], [2812, 8938], [2758, 8948], [2761, 9080], [2731, 9155], [2621, 9293], [2869, 9485], [2997, 9457], [3034, 9542], [3071, 9571], [3217, 9637], [3278, 9630], [3318, 9718], [3242, 9787], [3249, 9809], [3304, 9828], [3443, 9802], [3575, 9726], [3561, 9613], [3577, 9584], [3623, 9570], [3617, 9472], [3696, 9446], [3713, 9377], [3675, 9167], [3769, 9161]]]}, "type": "Feature", "properties": {"labelrank": 6, "code_hasc": "GN.SI", "name": "Siguiri", "admin": "Guinea", "type_en": "Prefecture", "region": "Kankan", "woe_id": -56059378, "longitude": -9, "woe_name": "Kankan", "fips": "GV39", "woe_label": "", "latitude": 11, "iso_a2": "GN", "postal": "", "type": "Préfecture", "id": "GN.SI"}}, {"geometry": {"type": "Polygon", "coordinates": [[[1865, 9459], [1879, 9392], [1915, 9357], [1914, 9275], [1898, 9173], [1836, 9084], [1902, 9036], [1766, 8913], [1728, 8869], [1677, 8874], [1636, 8850], [1620, 8798], [1486, 8683], [1370, 8662], [1305, 8674], [1300, 8785], [1244, 8831], [1222, 8887], [1270, 8939], [1521, 9060], [1577, 9102], [1599, 9149], [1732, 9181], [1736, 9476], [1795, 9441], [1865, 9459]]]}, "type": "Feature", "properties": {"labelrank": 7, "code_hasc": "GN.TO", "name": "Tougué", "admin": "Guinea", "type_en": "Prefecture", "region": "Labé", "woe_id": -56059374, "longitude": -11, "woe_name": "Labé", "fips": "GV28", "woe_label": "", "latitude": 11, "iso_a2": "GN", "postal": "", "type": "Préfecture", "id": "GN.TO"}}, {"geometry": {"type": "Polygon", "coordinates": [[[3770, 5993], [3769, 5904], [3666, 5785], [3668, 5719], [3615, 5699], [3590, 5729], [3572, 5701], [3458, 5653], [3463, 5691], [3395, 5739], [3373, 5804], [3322, 5800], [3283, 5836], [3237, 5801], [3213, 5836], [3171, 5800], [3279, 5993], [3263, 6013], [3268, 6100], [3299, 6097], [3502, 6332], [3545, 6301], [3647, 6028], [3770, 5993]]]}, "type": "Feature", "properties": {"labelrank": 7, "code_hasc": "GN.YO", "name": "Yomou", "admin": "Guinea", "type_en": "Prefecture", "region": "Nzérékoré", "woe_id": -56059376, "longitude": -9, "woe_name": "Nzérékoré", "fips": "GV29", "woe_label": "", "latitude": 7, "iso_a2": "GN", "postal": "", "type": "Préfecture", "id": "GN.YO"}}, {"geometry": {"type": "Polygon", "coordinates": [[[472, 8803], [543, 8658], [506, 8633], [474, 8523], [505, 8452], [470, 8343], [522, 8251], [335, 8202], [274, 8197], [279, 8354], [127, 8439], [-35, 8452], [-181, 8475], [-221, 8436], [-327, 8403], [-451, 8423], [-327, 8573], [-226, 8593], [-190, 8709], [-145, 8773], [-162, 8854], [-208, 8895], [-179, 8910], [21, 8964], [142, 8960], [244, 8934], [265, 8776], [472, 8803]]]}, "type": "Feature", "properties": {"labelrank": 7, "code_hasc": "GN.TE", "name": "Télimélé", "admin": "Guinea", "type_en": "Prefecture", "region": "Kindia", "woe_id": -56059377, "longitude": -13, "woe_name": "Kindia", "fips": "GV27", "woe_label": "", "latitude": 10, "iso_a2": "GN", "postal": "", "type": "Préfecture", "id": "GN.TE"}}], "ac-tx": {"default": {"crs": "+proj=utm +zone=29 +datum=WGS84 +units=m +no_defs", "scale": 0.007113295434516389}}}